Date, Oil Price,Log Return,GPR INDEX,Gulf_War,Oil_Crisis,Russia_Ukraine_War
1987-05-20 00:00:00,18.63,,106.86,0,0,0
1987-05-21 00:00:00,18.45,-0.009708814,77.52,0,0,0
1987-05-22 00:00:00,18.55,0.005405419,132.5,0,0,0
1987-05-25 00:00:00,18.6,0.002691792,87.69,0,0,0
1987-05-26 00:00:00,18.63,0.001611604,82.44,0,0,0
1987-05-27 00:00:00,18.6,-0.001611604,134.11,0,0,0
1987-05-28 00:00:00,18.6,0,134.37,0,0,0
1987-05-29 00:00:00,18.58,-0.001075847,141.97,0,0,0
1987-06-01 00:00:00,18.65,0.003760413,128.57,0,0,0
1987-06-02 00:00:00,18.68,0.001607287,112.63,0,0,0
1987-06-03 00:00:00,18.75,0.00374032,128.11,0,0,0
1987-06-04 00:00:00,18.78,0.001598721,130.91,0,0,0
1987-06-05 00:00:00,18.65,-0.006946328,91.54,0,0,0
1987-06-08 00:00:00,18.75,0.005347606,160.8,0,0,0
1987-06-09 00:00:00,18.78,0.001598721,102.32,0,0,0
1987-06-10 00:00:00,18.78,0,68.36,0,0,0
1987-06-11 00:00:00,18.68,-0.005339041,90.14,0,0,0
1987-06-12 00:00:00,18.78,0.005339041,100.89,0,0,0
1987-06-16 00:00:00,18.9,0.006369448,71.03,0,0,0
1987-06-17 00:00:00,19.03,0.006854759,61.12,0,0,0
1987-06-18 00:00:00,19.05,0.00105042,101.47,0,0,0
1987-06-19 00:00:00,19.05,0,60.63,0,0,0
1987-06-22 00:00:00,19.1,0.002621233,158.12,0,0,0
1987-06-23 00:00:00,18.9,-0.010526413,93.69,0,0,0
1987-06-24 00:00:00,18.75,-0.00796817,123.83,0,0,0
1987-06-25 00:00:00,18.7,-0.002670229,67.95,0,0,0
1987-06-26 00:00:00,19.08,0.020117142,61.86,0,0,0
1987-06-29 00:00:00,19.15,0.00366205,92.02,0,0,0
1987-06-30 00:00:00,19.08,-0.00366205,58.69,0,0,0
1987-07-01 00:00:00,18.98,-0.005254873,100.58,0,0,0
1987-07-02 00:00:00,19.25,0.014125268,84.94,0,0,0
1987-07-03 00:00:00,19.33,0.004147232,94.11,0,0,0
1987-07-06 00:00:00,19.48,0.007730005,94.64,0,0,0
1987-07-07 00:00:00,19.5,0.001026167,99.09,0,0,0
1987-07-08 00:00:00,19.48,-0.001026167,80.14,0,0,0
1987-07-09 00:00:00,19.68,0.010214593,99.49,0,0,0
1987-07-10 00:00:00,19.73,0.002537428,111.66,0,0,0
1987-07-13 00:00:00,19.83,0.005055622,82.81,0,0,0
1987-07-14 00:00:00,19.88,0.002518259,46.75,0,0,0
1987-07-15 00:00:00,20.28,0.019920977,98.15,0,0,0
1987-07-16 00:00:00,20.4,0.005899722,52.03,0,0,0
1987-07-17 00:00:00,20.63,0.011211426,178.89,0,0,0
1987-07-20 00:00:00,20.55,-0.003885386,90.19,0,0,0
1987-07-21 00:00:00,20.35,-0.009780029,96.22,0,0,0
1987-07-22 00:00:00,20.33,-0.000983284,179.6,0,0,0
1987-07-23 00:00:00,20.15,-0.008893339,102.72,0,0,0
1987-07-24 00:00:00,19.58,-0.028695651,176.91,0,0,0
1987-07-27 00:00:00,19.3,-0.014403541,90.42,0,0,0
1987-07-28 00:00:00,19.78,0.02456623,172.17,0,0,0
1987-07-29 00:00:00,19.98,0.010060447,102.95,0,0,0
1987-07-30 00:00:00,20.2,0.010950831,58.94,0,0,0
1987-07-31 00:00:00,20.03,-0.008451455,111.72,0,0,0
1987-08-03 00:00:00,20.95,0.044907497,142.31,0,0,0
1987-08-04 00:00:00,20.65,-0.014423327,128.78,0,0,0
1987-08-05 00:00:00,19.8,-0.042033382,165.63,0,0,0
1987-08-06 00:00:00,19.75,-0.002528446,119.2,0,0,0
1987-08-07 00:00:00,19.65,-0.005076153,122.23,0,0,0
1987-08-10 00:00:00,19.43,-0.011259075,77.58,0,0,0
1987-08-11 00:00:00,19.45,0.001028807,146.76,0,0,0
1987-08-12 00:00:00,19.5,0.002567396,115.4,0,0,0
1987-08-13 00:00:00,19.4,-0.0051414,35.62,0,0,0
1987-08-14 00:00:00,19.25,-0.007762005,88.89,0,0,0
1987-08-17 00:00:00,18.85,-0.020998147,61.2,0,0,0
1987-08-18 00:00:00,18.75,-0.005319161,79.98,0,0,0
1987-08-19 00:00:00,18.5,-0.01342302,51.16,0,0,0
1987-08-20 00:00:00,18.3,-0.010869672,36.87,0,0,0
1987-08-21 00:00:00,18.1,-0.010989122,73.48,0,0,0
1987-08-24 00:00:00,17.48,-0.034854568,101.09,0,0,0
1987-08-25 00:00:00,17.55,0.00399658,115.22,0,0,0
1987-08-26 00:00:00,18.1,0.030857988,105.5,0,0,0
1987-08-27 00:00:00,18.28,0.009895628,138.02,0,0,0
1987-08-28 00:00:00,18.2,-0.004385972,136.78,0,0,0
1987-08-31 00:00:00,18.63,0.023351591,103.52,0,0,0
1987-09-01 00:00:00,18.43,-0.010793413,108.83,0,0,0
1987-09-02 00:00:00,18.4,-0.001629107,124.14,0,0,0
1987-09-03 00:00:00,18.18,-0.012028576,87.02,0,0,0
1987-09-04 00:00:00,18.13,-0.002754064,111.59,0,0,0
1987-09-07 00:00:00,17.6,-0.029669123,172.91,0,0,0
1987-09-08 00:00:00,17.68,0.004535155,77.36,0,0,0
1987-09-09 00:00:00,17.9,0.012366656,103.32,0,0,0
1987-09-10 00:00:00,18.3,0.022100347,101.75,0,0,0
1987-09-11 00:00:00,18.18,-0.006578971,87.46,0,0,0
1987-09-14 00:00:00,18.15,-0.001651528,106.17,0,0,0
1987-09-15 00:00:00,18.53,0.02072048,101.53,0,0,0
1987-09-16 00:00:00,18.53,0,138.27,0,0,0
1987-09-17 00:00:00,18.43,-0.005411269,128.16,0,0,0
1987-09-18 00:00:00,18.3,-0.007078712,122.69,0,0,0
1987-09-21 00:00:00,18.28,-0.001093494,143.7,0,0,0
1987-09-22 00:00:00,18.48,0.0108815,135.71,0,0,0
1987-09-23 00:00:00,18.48,0,161.31,0,0,0
1987-09-24 00:00:00,18.68,0.010764367,143.79,0,0,0
1987-09-25 00:00:00,18.6,-0.004291852,147.88,0,0,0
1987-09-28 00:00:00,18.65,0.002684565,92.02,0,0,0
1987-09-29 00:00:00,18.5,-0.008075414,166.27,0,0,0
1987-09-30 00:00:00,18.48,-0.001081666,137.76,0,0,0
1987-10-01 00:00:00,18.5,0.001081666,99.12,0,0,0
1987-10-02 00:00:00,18.65,0.008075414,81.08,0,0,0
1987-10-05 00:00:00,18.78,0.006946328,43.68,0,0,0
1987-10-06 00:00:00,18.6,-0.009630893,89.18,0,0,0
1987-10-07 00:00:00,18.58,-0.001075847,109.77,0,0,0
1987-10-08 00:00:00,18.63,0.002687451,92.62,0,0,0
1987-10-09 00:00:00,18.6,-0.001611604,76.3,0,0,0
1987-10-12 00:00:00,18.55,-0.002691792,144.36,0,0,0
1987-10-13 00:00:00,18.55,0,98.05,0,0,0
1987-10-14 00:00:00,18.68,0.006983644,106.25,0,0,0
1987-10-15 00:00:00,18.68,0,85.9,0,0,0
1987-10-16 00:00:00,19,0.016985546,95.15,0,0,0
1987-10-19 00:00:00,19.1,0.005249356,120.84,0,0,0
1987-10-20 00:00:00,18.78,-0.016895861,135.46,0,0,0
1987-10-21 00:00:00,18.93,0.007955491,79.89,0,0,0
1987-10-22 00:00:00,19.13,0.010509818,135.32,0,0,0
1987-10-23 00:00:00,18.98,-0.00787199,128.92,0,0,0
1987-10-26 00:00:00,18.75,-0.012192041,64.39,0,0,0
1987-10-27 00:00:00,18.8,0.002663117,94.64,0,0,0
1987-10-28 00:00:00,18.85,0.002656044,95.67,0,0,0
1987-10-29 00:00:00,18.75,-0.005319161,101.35,0,0,0
1987-10-30 00:00:00,18.8,0.002663117,65.06,0,0,0
1987-11-02 00:00:00,18.63,-0.009083685,80.63,0,0,0
1987-11-03 00:00:00,18.38,-0.013510068,97.24,0,0,0
1987-11-04 00:00:00,17.93,-0.024787829,81.36,0,0,0
1987-11-05 00:00:00,17.85,-0.004471779,111.84,0,0,0
1987-11-06 00:00:00,17.95,0.005586607,73.73,0,0,0
1987-11-09 00:00:00,17.5,-0.025389234,97.22,0,0,0
1987-11-10 00:00:00,17.75,0.014184635,89.53,0,0,0
1987-11-11 00:00:00,17.8,0.002812941,104.87,0,0,0
1987-11-12 00:00:00,17.85,0.002805051,77.42,0,0,0
1987-11-13 00:00:00,17.8,-0.002805051,113.61,0,0,0
1987-11-16 00:00:00,17.68,-0.0067644,103.09,0,0,0
1987-11-17 00:00:00,17.4,-0.015963851,106.05,0,0,0
1987-11-18 00:00:00,17.18,-0.01272429,90.02,0,0,0
1987-11-19 00:00:00,17.48,0.017311454,83.34,0,0,0
1987-11-20 00:00:00,17.6,0.006841532,102.01,0,0,0
1987-11-23 00:00:00,17.9,0.016901811,64.67,0,0,0
1987-11-24 00:00:00,17.83,-0.003918281,99.58,0,0,0
1987-11-25 00:00:00,17.68,-0.008448375,104.09,0,0,0
1987-11-26 00:00:00,17.73,0.002824063,132.5,0,0,0
1987-11-27 00:00:00,17.78,0.00281611,117.05,0,0,0
1987-11-30 00:00:00,17.7,-0.004509591,123.55,0,0,0
1987-12-01 00:00:00,17.65,-0.002828856,117.37,0,0,0
1987-12-02 00:00:00,17.7,0.002828856,120.77,0,0,0
1987-12-03 00:00:00,17.93,0.012910648,133.57,0,0,0
1987-12-04 00:00:00,18,0.00389647,177.65,0,0,0
1987-12-07 00:00:00,17.78,-0.012297528,133.84,0,0,0
1987-12-08 00:00:00,17.58,-0.011312338,197.03,0,0,0
1987-12-09 00:00:00,17.43,-0.008569033,126.25,0,0,0
1987-12-10 00:00:00,17.55,0.00686109,77.15,0,0,0
1987-12-11 00:00:00,17.73,0.01020417,97.11,0,0,0
1987-12-14 00:00:00,16.8,-0.053879234,105.27,0,0,0
1987-12-15 00:00:00,16.2,-0.036367644,145.61,0,0,0
1987-12-16 00:00:00,15.93,-0.016807118,148.68,0,0,0
1987-12-17 00:00:00,15.03,-0.05815592,102.17,0,0,0
1987-12-18 00:00:00,15.6,0.03722271,62.9,0,0,0
1987-12-21 00:00:00,15.4,-0.012903405,118.31,0,0,0
1987-12-22 00:00:00,16.7,0.08104121,112.63,0,0,0
1987-12-23 00:00:00,17.25,0.032403424,115.06,0,0,0
1987-12-24 00:00:00,17.1,-0.00873368,88.67,0,0,0
1987-12-28 00:00:00,17,-0.005865119,72.96,0,0,0
1987-12-29 00:00:00,17.38,0.022106776,102.53,0,0,0
1987-12-30 00:00:00,17.85,0.026683388,104.17,0,0,0
1987-12-31 00:00:00,17.6,-0.014104606,85.27,0,0,0
1988-01-04 00:00:00,17.95,0.019691213,83.96,0,0,0
1988-01-05 00:00:00,17.08,-0.049681927,116.83,0,0,0
1988-01-06 00:00:00,17.9,0.046892524,73.75,0,0,0
1988-01-08 00:00:00,16.88,-0.058671224,90.34,0,0,0
1988-01-11 00:00:00,16.65,-0.013719273,92.61,0,0,0
1988-01-12 00:00:00,15.95,-0.042951387,102.66,0,0,0
1988-01-13 00:00:00,16.38,0.026602249,85.72,0,0,0
1988-01-14 00:00:00,16.55,0.010325023,87.99,0,0,0
1988-01-15 00:00:00,16.65,0.006024115,96.26,0,0,0
1988-01-18 00:00:00,16.83,0.010752792,93.62,0,0,0
1988-01-19 00:00:00,17.1,0.015915455,60.23,0,0,0
1988-01-20 00:00:00,16.83,-0.015915455,100.2,0,0,0
1988-01-21 00:00:00,17.08,0.01474518,159.58,0,0,0
1988-01-22 00:00:00,16.7,-0.022499469,73.61,0,0,0
1988-01-25 00:00:00,16.45,-0.015083242,99.95,0,0,0
1988-01-27 00:00:00,16.13,-0.019644585,74.72,0,0,0
1988-01-28 00:00:00,16.1,-0.00186162,54.93,0,0,0
1988-01-29 00:00:00,16.28,0.011118089,41.78,0,0,0
1988-02-01 00:00:00,16.1,-0.011118089,69.45,0,0,0
1988-02-02 00:00:00,16.18,0.00495664,64.32,0,0,0
1988-02-03 00:00:00,16.15,-0.001855862,110.21,0,0,0
1988-02-04 00:00:00,16.18,0.001855862,75.65,0,0,0
1988-02-05 00:00:00,16.1,-0.00495664,99.49,0,0,0
1988-02-08 00:00:00,16.5,0.024541109,85.85,0,0,0
1988-02-09 00:00:00,16.4,-0.006079046,96.3,0,0,0
1988-02-10 00:00:00,16.13,-0.016600443,60.56,0,0,0
1988-02-11 00:00:00,16.1,-0.00186162,59.25,0,0,0
1988-02-12 00:00:00,15.75,-0.021978907,37.77,0,0,0
1988-02-15 00:00:00,15.68,-0.00445435,89.09,0,0,0
1988-02-16 00:00:00,15.63,-0.00319387,124.74,0,0,0
1988-02-17 00:00:00,15.85,0.013977356,116.72,0,0,0
1988-02-18 00:00:00,15.48,-0.023620632,108.79,0,0,0
1988-02-19 00:00:00,15.55,0.00451177,115.27,0,0,0
1988-02-22 00:00:00,15.38,-0.010992675,100.79,0,0,0
1988-02-23 00:00:00,15.58,0.012920076,121.5,0,0,0
1988-02-24 00:00:00,15.35,-0.014872566,93.81,0,0,0
1988-02-25 00:00:00,14.85,-0.033115609,100.54,0,0,0
1988-02-26 00:00:00,14.65,-0.01355953,80.79,0,0,0
1988-02-29 00:00:00,14.73,0.005445895,93.31,0,0,0
1988-03-01 00:00:00,14.18,-0.038053709,92.53,0,0,0
1988-03-02 00:00:00,13.8,-0.027163929,95.19,0,0,0
1988-03-03 00:00:00,14,0.014388737,103.35,0,0,0
1988-03-04 00:00:00,14,0,134.98,0,0,0
1988-03-07 00:00:00,13.9,-0.007168489,115.63,0,0,0
1988-03-08 00:00:00,13.8,-0.007220248,136.6,0,0,0
1988-03-09 00:00:00,13.98,0.012959145,116.43,0,0,0
1988-03-10 00:00:00,14.48,0.03514065,121.06,0,0,0
1988-03-11 00:00:00,14.88,0.027249642,112.1,0,0,0
1988-03-14 00:00:00,14.28,-0.041158072,72.3,0,0,0
1988-03-15 00:00:00,14.3,0.00139958,87.01,0,0,0
1988-03-16 00:00:00,14.45,0.010434877,144.53,0,0,0
1988-03-17 00:00:00,14.43,-0.001385042,146.62,0,0,0
1988-03-18 00:00:00,14.93,0.034063239,118.51,0,0,0
1988-03-21 00:00:00,15.38,0.029695353,123.77,0,0,0
1988-03-22 00:00:00,15.03,-0.02301976,127.87,0,0,0
1988-03-23 00:00:00,15.4,0.024319306,105.72,0,0,0
1988-03-24 00:00:00,15.65,0.016103408,110.75,0,0,0
1988-03-25 00:00:00,15.45,-0.012861914,93.39,0,0,0
1988-03-28 00:00:00,15.55,0.006451635,56.5,0,0,0
1988-03-29 00:00:00,15.6,0.003210276,100.79,0,0,0
1988-03-30 00:00:00,15.7,0.006389798,113.81,0,0,0
1988-03-31 00:00:00,15.65,-0.003189795,97.58,0,0,0
1988-04-05 00:00:00,15.5,-0.009630893,92.81,0,0,0
1988-04-06 00:00:00,15.38,-0.00777206,123.14,0,0,0
1988-04-07 00:00:00,15.53,0.009705673,150.83,0,0,0
1988-04-08 00:00:00,15.55,0.001287001,96.72,0,0,0
1988-04-11 00:00:00,16.2,0.040950604,127.7,0,0,0
1988-04-12 00:00:00,16.48,0.017136282,150.87,0,0,0
1988-04-13 00:00:00,16.55,0.004238577,69.14,0,0,0
1988-04-14 00:00:00,16.65,0.006024115,143.07,0,0,0
1988-04-15 00:00:00,16.85,0.01194044,88.63,0,0,0
1988-04-18 00:00:00,17.45,0.034988992,167.37,0,0,0
1988-04-19 00:00:00,17.05,-0.023189445,229.33,0,0,0
1988-04-20 00:00:00,16.78,-0.015962503,151.43,0,0,0
1988-04-21 00:00:00,17,0.013025643,82.43,0,0,0
1988-04-22 00:00:00,17.15,0.00878483,93.7,0,0,0
1988-04-25 00:00:00,17.13,-0.001166861,99.09,0,0,0
1988-04-26 00:00:00,17.18,0.002914604,124.88,0,0,0
1988-04-27 00:00:00,17.4,0.01272429,115.91,0,0,0
1988-04-28 00:00:00,16.88,-0.030340717,89.1,0,0,0
1988-04-29 00:00:00,16.6,-0.016726794,187.09,0,0,0
1988-05-02 00:00:00,15.95,-0.039943866,94.44,0,0,0
1988-05-03 00:00:00,16.08,0.008117435,121.97,0,0,0
1988-05-04 00:00:00,16.15,0.004343786,91.17,0,0,0
1988-05-05 00:00:00,16.15,0,118.86,0,0,0
1988-05-06 00:00:00,16.45,0.018405428,97.43,0,0,0
1988-05-09 00:00:00,16.5,0.003034904,67.15,0,0,0
1988-05-10 00:00:00,16.38,-0.007299302,103.52,0,0,0
1988-05-11 00:00:00,16.48,0.006086446,91.86,0,0,0
1988-05-12 00:00:00,16.4,-0.00486619,118.5,0,0,0
1988-05-13 00:00:00,16.5,0.006079046,104.98,0,0,0
1988-05-16 00:00:00,16.6,0.006042314,173.96,0,0,0
1988-05-17 00:00:00,16.6,0,151.72,0,0,0
1988-05-18 00:00:00,16.4,-0.012121361,117.42,0,0,0
1988-05-19 00:00:00,16.25,-0.009188426,132.1,0,0,0
1988-05-20 00:00:00,16.45,0.012232568,72.99,0,0,0
1988-05-23 00:00:00,16.23,-0.013464096,118.81,0,0,0
1988-05-24 00:00:00,16.3,0.004303726,98.78,0,0,0
1988-05-25 00:00:00,16.18,-0.007389196,154.22,0,0,0
1988-05-26 00:00:00,16.18,0,109.03,0,0,0
1988-05-27 00:00:00,16.25,0.004316997,124.79,0,0,0
1988-05-30 00:00:00,16.23,-0.001231527,69.19,0,0,0
1988-05-31 00:00:00,16.2,-0.001850139,90.66,0,0,0
1988-06-01 00:00:00,16.33,0.007992665,44.59,0,0,0
1988-06-02 00:00:00,16.33,0,90.54,0,0,0
1988-06-03 00:00:00,16.45,0.00732157,63.81,0,0,0
1988-06-06 00:00:00,16.25,-0.012232568,80.44,0,0,0
1988-06-07 00:00:00,16.23,-0.001231527,62.62,0,0,0
1988-06-08 00:00:00,16.28,0.003075979,111.99,0,0,0
1988-06-09 00:00:00,16.3,0.001227747,54.39,0,0,0
1988-06-10 00:00:00,15.85,-0.027995607,94.49,0,0,0
1988-06-13 00:00:00,15.53,-0.020395863,88.61,0,0,0
1988-06-14 00:00:00,15.85,0.020395863,115.33,0,0,0
1988-06-15 00:00:00,15.7,-0.009508788,87.94,0,0,0
1988-06-16 00:00:00,15.43,-0.017347046,94.35,0,0,0
1988-06-17 00:00:00,15.48,0.003235202,76.63,0,0,0
1988-06-20 00:00:00,15,-0.031498667,103.95,0,0,0
1988-06-21 00:00:00,15,0,143.73,0,0,0
1988-06-22 00:00:00,15.13,0.008629327,75.82,0,0,0
1988-06-23 00:00:00,15.18,0.003299244,54.13,0,0,0
1988-06-24 00:00:00,15.15,-0.00197824,50.02,0,0,0
1988-06-27 00:00:00,14.93,-0.01462792,93.41,0,0,0
1988-06-28 00:00:00,14.83,-0.006720455,57,0,0,0
1988-06-29 00:00:00,14.55,-0.019061163,69.27,0,0,0
1988-06-30 00:00:00,14.18,-0.025758473,72.35,0,0,0
1988-07-01 00:00:00,13.95,-0.016353013,50.67,0,0,0
1988-07-04 00:00:00,14.05,0.007142888,52.92,0,0,0
1988-07-05 00:00:00,13.98,-0.004994659,120.73,0,0,0
1988-07-06 00:00:00,14.5,0.036520913,104.39,0,0,0
1988-07-07 00:00:00,15.5,0.066691374,92.02,0,0,0
1988-07-08 00:00:00,15.05,-0.029462033,49.17,0,0,0
1988-07-11 00:00:00,14.63,-0.028303776,106.33,0,0,0
1988-07-12 00:00:00,14,-0.044016885,41.84,0,0,0
1988-07-13 00:00:00,14.1,0.007117468,64.95,0,0,0
1988-07-14 00:00:00,14.1,0,104.2,0,0,0
1988-07-15 00:00:00,14.25,0.010582109,74.02,0,0,0
1988-07-18 00:00:00,15,0.051293294,42.29,0,0,0
1988-07-19 00:00:00,14.93,-0.00467759,152.89,0,0,0
1988-07-20 00:00:00,15.48,0.036176257,91.47,0,0,0
1988-07-21 00:00:00,15.63,0.009643276,88.89,0,0,0
1988-07-22 00:00:00,15.83,0.012714729,126.25,0,0,0
1988-07-25 00:00:00,15.8,-0.001896934,52.11,0,0,0
1988-07-26 00:00:00,15.38,-0.026941976,65.24,0,0,0
1988-07-27 00:00:00,15.45,0.004541039,104.13,0,0,0
1988-07-28 00:00:00,15.7,0.016051709,96.26,0,0,0
1988-07-29 00:00:00,15.75,0.003179653,93.4,0,0,0
1988-08-01 00:00:00,15.6,-0.009569451,80.01,0,0,0
1988-08-02 00:00:00,15.35,-0.01615544,103.09,0,0,0
1988-08-03 00:00:00,15,-0.023065273,122.69,0,0,0
1988-08-04 00:00:00,14.5,-0.033901552,137.07,0,0,0
1988-08-05 00:00:00,14.85,0.023851216,69.49,0,0,0
1988-08-08 00:00:00,15.48,0.041549003,56.15,0,0,0
1988-08-09 00:00:00,15.4,-0.005181359,101.48,0,0,0
1988-08-10 00:00:00,15.1,-0.019672766,91.43,0,0,0
1988-08-11 00:00:00,15.13,0.001984784,63.7,0,0,0
1988-08-12 00:00:00,14.98,-0.00996355,124.53,0,0,0
1988-08-15 00:00:00,14.8,-0.012088797,93.31,0,0,0
1988-08-16 00:00:00,14.85,0.003372684,79.56,0,0,0
1988-08-17 00:00:00,14.75,-0.006756782,83.94,0,0,0
1988-08-18 00:00:00,14.78,0.002031833,76.03,0,0,0
1988-08-19 00:00:00,14.85,0.00472495,85.25,0,0,0
1988-08-22 00:00:00,15.03,0.012048339,134.6,0,0,0
1988-08-23 00:00:00,14.8,-0.015421023,99.92,0,0,0
1988-08-24 00:00:00,14.85,0.003372684,72.96,0,0,0
1988-08-25 00:00:00,14.63,-0.01492565,83.11,0,0,0
1988-08-26 00:00:00,14.5,-0.008925566,82.18,0,0,0
1988-08-29 00:00:00,14.48,-0.001380262,79.56,0,0,0
1988-08-30 00:00:00,14.45,-0.002073972,89.16,0,0,0
1988-08-31 00:00:00,14.4,-0.003466208,75.72,0,0,0
1988-09-01 00:00:00,14.15,-0.017513582,109.65,0,0,0
1988-09-02 00:00:00,14,-0.010657294,65.54,0,0,0
1988-09-05 00:00:00,13.68,-0.023122417,48.01,0,0,0
1988-09-06 00:00:00,13.35,-0.024418527,59.29,0,0,0
1988-09-07 00:00:00,13.18,-0.012815856,86.47,0,0,0
1988-09-08 00:00:00,13.3,0.009063506,88.93,0,0,0
1988-09-09 00:00:00,13.25,-0.003766483,110.6,0,0,0
1988-09-12 00:00:00,12.7,-0.042395559,85.54,0,0,0
1988-09-13 00:00:00,13.4,0.053652713,104.75,0,0,0
1988-09-14 00:00:00,13.9,0.036634133,85.23,0,0,0
1988-09-15 00:00:00,13.5,-0.029199155,116.23,0,0,0
1988-09-16 00:00:00,13.23,-0.020202707,79.68,0,0,0
1988-09-19 00:00:00,12.85,-0.029143167,87.35,0,0,0
1988-09-20 00:00:00,13.15,0.023077947,92.2,0,0,0
1988-09-21 00:00:00,13.05,-0.007633625,53.33,0,0,0
1988-09-22 00:00:00,13.2,0.011428696,69.95,0,0,0
1988-09-23 00:00:00,13.2,0,69.79,0,0,0
1988-09-26 00:00:00,13.1,-0.007604599,63.16,0,0,0
1988-09-27 00:00:00,12.58,-0.040503979,114.02,0,0,0
1988-09-28 00:00:00,12.75,0.01342302,92.5,0,0,0
1988-09-29 00:00:00,12.5,-0.019802627,67.39,0,0,0
1988-09-30 00:00:00,11.93,-0.046672408,80.66,0,0,0
1988-10-03 00:00:00,11.6,-0.028051138,108.17,0,0,0
1988-10-04 00:00:00,11.65,0.004301082,88.34,0,0,0
1988-10-05 00:00:00,11.2,-0.039392402,87.63,0,0,0
1988-10-06 00:00:00,11.3,0.008888947,83.86,0,0,0
1988-10-07 00:00:00,11.35,0.004415018,79.28,0,0,0
1988-10-10 00:00:00,12.2,0.072218208,109.21,0,0,0
1988-10-11 00:00:00,12.35,0.012220111,87.71,0,0,0
1988-10-12 00:00:00,12.45,0.00806456,65.42,0,0,0
1988-10-13 00:00:00,12.55,0.008000043,37.34,0,0,0
1988-10-14 00:00:00,13.2,0.050496164,72.5,0,0,0
1988-10-17 00:00:00,13.55,0.026169718,66.55,0,0,0
1988-10-18 00:00:00,12.9,-0.049159236,62.5,0,0,0
1988-10-19 00:00:00,13.35,0.034289073,75.43,0,0,0
1988-10-20 00:00:00,13.5,0.011173301,88.34,0,0,0
1988-10-21 00:00:00,13.48,-0.00148258,43.37,0,0,0
1988-10-24 00:00:00,12.2,-0.099771154,104.45,0,0,0
1988-10-25 00:00:00,12.08,-0.009884759,114.67,0,0,0
1988-10-26 00:00:00,12.08,0,77.34,0,0,0
1988-10-27 00:00:00,12.33,0.020484125,55.58,0,0,0
1988-10-28 00:00:00,12.6,0.021661497,67.95,0,0,0
1988-10-31 00:00:00,12.6,0,62.11,0,0,0
1988-11-01 00:00:00,12.18,-0.033901552,19.92,0,0,0
1988-11-02 00:00:00,12.35,0.013860801,61.23,0,0,0
1988-11-03 00:00:00,12.5,0.012072581,71.65,0,0,0
1988-11-04 00:00:00,12.75,0.019802627,66.81,0,0,0
1988-11-07 00:00:00,12.75,0,96.22,0,0,0
1988-11-08 00:00:00,12.6,-0.011834458,58.23,0,0,0
1988-11-09 00:00:00,12.7,0.00790518,86.2,0,0,0
1988-11-10 00:00:00,13.03,0.025652398,71.3,0,0,0
1988-11-11 00:00:00,13.03,0,63.15,0,0,0
1988-11-14 00:00:00,13,-0.002305034,71.7,0,0,0
1988-11-15 00:00:00,13,0,73.32,0,0,0
1988-11-16 00:00:00,12.7,-0.023347364,81.87,0,0,0
1988-11-17 00:00:00,12.05,-0.052537334,44.46,0,0,0
1988-11-18 00:00:00,12.08,0.002486533,56.05,0,0,0
1988-11-21 00:00:00,12.13,0.00413053,43.02,0,0,0
1988-11-22 00:00:00,13.35,0.095834662,39.99,0,0,0
1988-11-23 00:00:00,13.33,-0.001499251,44.51,0,0,0
1988-11-24 00:00:00,12.98,-0.026607423,63.58,0,0,0
1988-11-25 00:00:00,14.7,0.124437783,97.43,0,0,0
1988-11-28 00:00:00,14.73,0.002038737,81.88,0,0,0
1988-11-29 00:00:00,14.25,-0.033129324,122.69,0,0,0
1988-11-30 00:00:00,14.35,0.006993035,89.88,0,0,0
1988-12-01 00:00:00,14.93,0.039622669,59.15,0,0,0
1988-12-02 00:00:00,14.8,-0.008745431,45.85,0,0,0
1988-12-05 00:00:00,14.73,-0.00474095,119.91,0,0,0
1988-12-06 00:00:00,14.4,-0.022658024,105.79,0,0,0
1988-12-07 00:00:00,14.7,0.020619287,147.08,0,0,0
1988-12-08 00:00:00,15.05,0.023530497,115.31,0,0,0
1988-12-09 00:00:00,14.9,-0.010016778,66.36,0,0,0
1988-12-12 00:00:00,15.2,0.019934215,71.24,0,0,0
1988-12-13 00:00:00,15.18,-0.001316656,84.94,0,0,0
1988-12-14 00:00:00,15.35,0.011136702,98.33,0,0,0
1988-12-15 00:00:00,15.58,0.014872566,87.72,0,0,0
1988-12-16 00:00:00,15.6,0.001282874,116.03,0,0,0
1988-12-19 00:00:00,15.3,-0.019418086,159.19,0,0,0
1988-12-20 00:00:00,15.28,-0.001308045,74.98,0,0,0
1988-12-21 00:00:00,15.33,0.003266909,67.06,0,0,0
1988-12-22 00:00:00,15.25,-0.00523219,66.03,0,0,0
1988-12-23 00:00:00,15.38,0.008488461,109.84,0,0,0
1988-12-27 00:00:00,16.25,0.055024945,101.48,0,0,0
1988-12-28 00:00:00,16.1,-0.009273637,79.31,0,0,0
1988-12-29 00:00:00,15.9,-0.012500163,72.01,0,0,0
1988-12-30 00:00:00,16.23,0.020542272,82.43,0,0,0
1989-01-03 00:00:00,16.4,0.010419953,90.91,0,0,0
1989-01-04 00:00:00,16.53,0.007895577,78.87,0,0,0
1989-01-05 00:00:00,16.58,0.003020238,139.05,0,0,0
1989-01-06 00:00:00,16.85,0.016153507,107,0,0,0
1989-01-09 00:00:00,17,0.008862687,75.29,0,0,0
1989-01-10 00:00:00,16.75,-0.014815086,112.46,0,0,0
1989-01-11 00:00:00,16.9,0.008915364,98.22,0,0,0
1989-01-12 00:00:00,16.85,-0.002962965,68.07,0,0,0
1989-01-13 00:00:00,17.4,0.032119549,90.76,0,0,0
1989-01-16 00:00:00,17.5,0.005730675,117.88,0,0,0
1989-01-17 00:00:00,17.78,0.015873349,113.85,0,0,0
1989-01-18 00:00:00,17.95,0.009515885,74.23,0,0,0
1989-01-19 00:00:00,18.1,0.008321823,60.81,0,0,0
1989-01-20 00:00:00,18.15,0.002758622,97.93,0,0,0
1989-01-23 00:00:00,16.98,-0.06663438,65.38,0,0,0
1989-01-24 00:00:00,17.05,0.004114023,93.75,0,0,0
1989-01-25 00:00:00,17.7,0.037414436,160.21,0,0,0
1989-01-26 00:00:00,17.73,0.001693481,108.18,0,0,0
1989-01-27 00:00:00,17.18,-0.031512204,92.48,0,0,0
1989-01-30 00:00:00,16.85,-0.01939526,98.28,0,0,0
1989-01-31 00:00:00,16.38,-0.028289578,70.27,0,0,0
1989-02-01 00:00:00,16.4,0.001220256,69.49,0,0,0
1989-02-02 00:00:00,16.95,0.032986499,113.15,0,0,0
1989-02-03 00:00:00,16.75,-0.011869576,101.05,0,0,0
1989-02-06 00:00:00,16.5,-0.015037877,125.34,0,0,0
1989-02-07 00:00:00,16.6,0.006042314,109.9,0,0,0
1989-02-08 00:00:00,16.75,0.008995563,140.65,0,0,0
1989-02-09 00:00:00,16.58,-0.010201109,85.51,0,0,0
1989-02-10 00:00:00,16.4,-0.010915815,141.71,0,0,0
1989-02-13 00:00:00,16.5,0.006079046,89.53,0,0,0
1989-02-14 00:00:00,16.83,0.019802627,107.02,0,0,0
1989-02-15 00:00:00,16.75,-0.00476475,167.9,0,0,0
1989-02-16 00:00:00,17.15,0.023599915,86.89,0,0,0
1989-02-17 00:00:00,17.15,0,135.63,0,0,0
1989-02-20 00:00:00,17.38,0.013321946,84.94,0,0,0
1989-02-21 00:00:00,17.2,-0.010410736,66.92,0,0,0
1989-02-22 00:00:00,16.95,-0.01464155,59.24,0,0,0
1989-02-23 00:00:00,17.1,0.00881063,62.57,0,0,0
1989-02-24 00:00:00,17.05,-0.00292826,66.58,0,0,0
1989-02-27 00:00:00,17.55,0.028903746,29.84,0,0,0
1989-02-28 00:00:00,17.23,-0.018401899,84.94,0,0,0
1989-03-01 00:00:00,17.25,0.001160093,104.86,0,0,0
1989-03-02 00:00:00,17.45,0.011527505,48.12,0,0,0
1989-03-03 00:00:00,17.73,0.015918471,84.83,0,0,0
1989-03-06 00:00:00,17.73,0,84.65,0,0,0
1989-03-07 00:00:00,17.55,-0.01020417,97.72,0,0,0
1989-03-08 00:00:00,17.55,0,52.43,0,0,0
1989-03-09 00:00:00,17.8,0.014144507,68.12,0,0,0
1989-03-10 00:00:00,17.63,-0.009596461,77.04,0,0,0
1989-03-13 00:00:00,18.1,0.026309942,99.38,0,0,0
1989-03-14 00:00:00,18.63,0.028861246,127.6,0,0,0
1989-03-15 00:00:00,19.08,0.023867481,115.02,0,0,0
1989-03-16 00:00:00,18.95,-0.006836734,110.05,0,0,0
1989-03-17 00:00:00,19.3,0.018301164,62.34,0,0,0
1989-03-20 00:00:00,19.18,-0.006237026,150.57,0,0,0
1989-03-21 00:00:00,19.63,0.023190939,75.9,0,0,0
1989-03-22 00:00:00,19.6,-0.001529442,98.53,0,0,0
1989-03-23 00:00:00,19.93,0.016696568,87.17,0,0,0
1989-03-28 00:00:00,19.73,-0.010085814,92.3,0,0,0
1989-03-29 00:00:00,19.45,-0.01429325,80.68,0,0,0
1989-03-30 00:00:00,20,0.027885203,65.09,0,0,0
1989-03-31 00:00:00,20.45,0.022250609,87.28,0,0,0
1989-04-03 00:00:00,19.65,-0.039905544,90.14,0,0,0
1989-04-04 00:00:00,19.9,0.012642393,82.3,0,0,0
1989-04-05 00:00:00,19.75,-0.00756624,73.41,0,0,0
1989-04-06 00:00:00,19.08,-0.034512825,88.39,0,0,0
1989-04-07 00:00:00,19.4,0.0166324,129.17,0,0,0
1989-04-10 00:00:00,19.6,0.0102565,176.75,0,0,0
1989-04-11 00:00:00,19.95,0.017699577,124.44,0,0,0
1989-04-12 00:00:00,19.85,-0.005025136,67.02,0,0,0
1989-04-13 00:00:00,19.95,0.005025136,52.17,0,0,0
1989-04-14 00:00:00,19.63,-0.016170135,74.44,0,0,0
1989-04-17 00:00:00,19.88,0.012655193,54.13,0,0,0
1989-04-18 00:00:00,20.2,0.015968403,91.03,0,0,0
1989-04-19 00:00:00,21.5,0.062370331,77.71,0,0,0
1989-04-20 00:00:00,22.25,0.034289073,89.03,0,0,0
1989-04-21 00:00:00,21.6,-0.029648694,64.36,0,0,0
1989-04-24 00:00:00,21.2,-0.018692133,147.98,0,0,0
1989-04-25 00:00:00,21.15,-0.002361276,104.92,0,0,0
1989-04-26 00:00:00,21.05,-0.004739345,69.79,0,0,0
1989-04-27 00:00:00,20.65,-0.019185241,94.75,0,0,0
1989-04-28 00:00:00,20.15,-0.024511031,84.84,0,0,0
1989-05-02 00:00:00,19.15,-0.050901573,136.28,0,0,0
1989-05-03 00:00:00,18.88,-0.014199555,103.06,0,0,0
1989-05-04 00:00:00,19.7,0.042515475,77.12,0,0,0
1989-05-05 00:00:00,19.4,-0.01534557,103.39,0,0,0
1989-05-08 00:00:00,18.8,-0.031416196,106.67,0,0,0
1989-05-09 00:00:00,19.03,0.012159811,102.34,0,0,0
1989-05-10 00:00:00,18.88,-0.007913521,131.72,0,0,0
1989-05-11 00:00:00,19.3,0.022001935,98.83,0,0,0
1989-05-12 00:00:00,19.2,-0.005194817,168.15,0,0,0
1989-05-15 00:00:00,19.2,0,98.56,0,0,0
1989-05-16 00:00:00,19.8,0.030771659,104.45,0,0,0
1989-05-17 00:00:00,18.58,-0.063596204,69.01,0,0,0
1989-05-18 00:00:00,18.6,0.001075847,83.72,0,0,0
1989-05-19 00:00:00,18.3,-0.016260521,104.9,0,0,0
1989-05-22 00:00:00,17.4,-0.050430854,141.32,0,0,0
1989-05-23 00:00:00,17.7,0.017094433,98.81,0,0,0
1989-05-24 00:00:00,18.15,0.025105921,130.82,0,0,0
1989-05-25 00:00:00,18.2,0.002751033,121.89,0,0,0
1989-05-26 00:00:00,17.65,-0.030685811,77.13,0,0,0
1989-05-29 00:00:00,17.73,0.004522337,108.02,0,0,0
1989-05-30 00:00:00,18.03,0.016778917,87.94,0,0,0
1989-05-31 00:00:00,18.25,0.012128043,74.94,0,0,0
1989-06-01 00:00:00,18.08,-0.009358725,64.8,0,0,0
1989-06-02 00:00:00,18.15,0.003864206,64.32,0,0,0
1989-06-05 00:00:00,18.55,0.021799228,142.05,0,0,0
1989-06-06 00:00:00,18.5,-0.002699057,155.59,0,0,0
1989-06-07 00:00:00,18.15,-0.019100171,139.18,0,0,0
1989-06-08 00:00:00,17.8,-0.019472103,97.21,0,0,0
1989-06-09 00:00:00,17.95,0.008391658,82.61,0,0,0
1989-06-12 00:00:00,17.18,-0.043844198,109.08,0,0,0
1989-06-13 00:00:00,16.8,-0.02236703,159.4,0,0,0
1989-06-14 00:00:00,16.9,0.005934736,74.34,0,0,0
1989-06-15 00:00:00,16.95,0.002954212,81.79,0,0,0
1989-06-16 00:00:00,16.65,-0.017857617,87.17,0,0,0
1989-06-19 00:00:00,16.85,0.01194044,100.74,0,0,0
1989-06-20 00:00:00,16.88,0.001778832,80.67,0,0,0
1989-06-21 00:00:00,17.13,0.014701823,100.09,0,0,0
1989-06-22 00:00:00,17.3,0.009875189,70.56,0,0,0
1989-06-23 00:00:00,18.03,0.041330536,66.67,0,0,0
1989-06-26 00:00:00,18.23,0.011031551,82.96,0,0,0
1989-06-27 00:00:00,18.2,-0.001646995,143.79,0,0,0
1989-06-28 00:00:00,18,-0.011049836,92.66,0,0,0
1989-06-29 00:00:00,18.2,0.011049836,48.77,0,0,0
1989-06-30 00:00:00,18.28,0.004385972,83.65,0,0,0
1989-07-03 00:00:00,18.4,0.006543099,51.46,0,0,0
1989-07-04 00:00:00,18.6,0.010810916,100.95,0,0,0
1989-07-05 00:00:00,18.75,0.008032172,89.69,0,0,0
1989-07-06 00:00:00,18.3,-0.024292693,73.61,0,0,0
1989-07-07 00:00:00,17.85,-0.024897552,130.09,0,0,0
1989-07-10 00:00:00,17.83,-0.001121076,88.17,0,0,0
1989-07-11 00:00:00,17.63,-0.011280435,106.32,0,0,0
1989-07-12 00:00:00,17.65,0.001133787,77.04,0,0,0
1989-07-13 00:00:00,17.6,-0.002836881,85.34,0,0,0
1989-07-14 00:00:00,17.9,0.016901811,99.02,0,0,0
1989-07-17 00:00:00,18.05,0.008344972,109.46,0,0,0
1989-07-18 00:00:00,18.05,0,142.83,0,0,0
1989-07-19 00:00:00,17.85,-0.011142177,124.72,0,0,0
1989-07-20 00:00:00,17.98,0.007256521,83.38,0,0,0
1989-07-21 00:00:00,17.83,-0.008377597,106.41,0,0,0
1989-07-24 00:00:00,17.3,-0.03017593,47.15,0,0,0
1989-07-25 00:00:00,17.05,-0.014556298,49.77,0,0,0
1989-07-26 00:00:00,16.5,-0.032789823,82.3,0,0,0
1989-07-27 00:00:00,16.28,-0.01342302,58.25,0,0,0
1989-07-28 00:00:00,16.38,0.006123718,55.85,0,0,0
1989-07-31 00:00:00,16.3,-0.004895971,120.24,0,0,0
1989-08-01 00:00:00,16.23,-0.004303726,200.6,0,0,0
1989-08-02 00:00:00,16.1,-0.00804211,190.38,0,0,0
1989-08-03 00:00:00,16.4,0.018462063,138.19,0,0,0
1989-08-04 00:00:00,16.15,-0.015361285,178.33,0,0,0
1989-08-07 00:00:00,16.05,-0.0062112,200.58,0,0,0
1989-08-08 00:00:00,16.28,0.014228511,158.75,0,0,0
1989-08-09 00:00:00,16.45,0.010388117,93.02,0,0,0
1989-08-10 00:00:00,16.93,0.028761719,82.72,0,0,0
1989-08-11 00:00:00,17,0.004126148,86.69,0,0,0
1989-08-14 00:00:00,16.85,-0.008862687,81.41,0,0,0
1989-08-15 00:00:00,17,0.008862687,139.97,0,0,0
1989-08-16 00:00:00,17,0,107.85,0,0,0
1989-08-17 00:00:00,16.95,-0.00294551,76.2,0,0,0
1989-08-18 00:00:00,16.83,-0.007104826,76.41,0,0,0
1989-08-21 00:00:00,16.9,0.004150614,80.04,0,0,0
1989-08-22 00:00:00,17.1,0.011764842,85.21,0,0,0
1989-08-23 00:00:00,17.08,-0.001170275,76.33,0,0,0
1989-08-24 00:00:00,17.05,-0.001757985,76.75,0,0,0
1989-08-25 00:00:00,16.95,-0.00588237,64.2,0,0,0
1989-08-28 00:00:00,16.98,0.001768347,103.33,0,0,0
1989-08-29 00:00:00,17.1,0.007042283,110.42,0,0,0
1989-08-30 00:00:00,17.13,0.001752849,73.38,0,0,0
1989-08-31 00:00:00,17.2,0.004078071,74.36,0,0,0
1989-09-01 00:00:00,17.33,0.00752972,115.85,0,0,0
1989-09-04 00:00:00,17.43,0.005753756,130.36,0,0,0
1989-09-05 00:00:00,17.45,0.001146789,106.86,0,0,0
1989-09-06 00:00:00,17.8,0.019858809,110.58,0,0,0
1989-09-07 00:00:00,17.8,0,88.18,0,0,0
1989-09-08 00:00:00,17.83,0.001683975,100.51,0,0,0
1989-09-11 00:00:00,17.98,0.008377597,119.32,0,0,0
1989-09-12 00:00:00,17.9,-0.004459316,60.87,0,0,0
1989-09-13 00:00:00,18.05,0.008344972,54.83,0,0,0
1989-09-14 00:00:00,17.9,-0.008344972,75.12,0,0,0
1989-09-15 00:00:00,17.88,-0.001117943,43.8,0,0,0
1989-09-18 00:00:00,18.05,0.009462915,89.83,0,0,0
1989-09-19 00:00:00,17.9,-0.008344972,59.33,0,0,0
1989-09-20 00:00:00,17.8,-0.005602256,123.67,0,0,0
1989-09-21 00:00:00,17.85,0.002805051,89.81,0,0,0
1989-09-22 00:00:00,17.53,-0.018089809,121.19,0,0,0
1989-09-25 00:00:00,17.45,-0.00457405,119.12,0,0,0
1989-09-26 00:00:00,17.45,0,120.37,0,0,0
1989-09-27 00:00:00,17.55,0.005714301,109.11,0,0,0
1989-09-28 00:00:00,17.93,0.021421338,73.53,0,0,0
1989-09-29 00:00:00,18.23,0.016593301,84.08,0,0,0
1989-10-02 00:00:00,18.58,0.019017145,57.81,0,0,0
1989-10-03 00:00:00,18.73,0.008040783,64.14,0,0,0
1989-10-04 00:00:00,18.78,0.002665957,109.96,0,0,0
1989-10-05 00:00:00,18.43,-0.018812702,84.49,0,0,0
1989-10-06 00:00:00,18.45,0.001084599,100.51,0,0,0
1989-10-09 00:00:00,18.25,-0.01089929,99.88,0,0,0
1989-10-10 00:00:00,18.55,0.016304709,90.68,0,0,0
1989-10-11 00:00:00,18.85,0.016043125,72.75,0,0,0
1989-10-12 00:00:00,19.23,0.019958646,53.83,0,0,0
1989-10-13 00:00:00,19.6,0.019058007,90.49,0,0,0
1989-10-16 00:00:00,19.38,-0.01128796,53.95,0,0,0
1989-10-17 00:00:00,19.53,0.007710138,63.14,0,0,0
1989-10-18 00:00:00,19.43,-0.005133481,70.76,0,0,0
1989-10-19 00:00:00,19.33,-0.00515997,82.99,0,0,0
1989-10-20 00:00:00,19.2,-0.006748014,55.67,0,0,0
1989-10-23 00:00:00,18.88,-0.016807118,80.79,0,0,0
1989-10-24 00:00:00,18.8,-0.004246291,97.43,0,0,0
1989-10-25 00:00:00,18.88,0.004246291,71.91,0,0,0
1989-10-26 00:00:00,18.48,-0.021414095,67.45,0,0,0
1989-10-27 00:00:00,18.7,0.011834458,89.3,0,0,0
1989-10-30 00:00:00,18.98,0.014862269,78.44,0,0,0
1989-10-31 00:00:00,18.93,-0.002637828,102.24,0,0,0
1989-11-01 00:00:00,19.23,0.015723594,147.33,0,0,0
1989-11-02 00:00:00,19.2,-0.001561281,99.2,0,0,0
1989-11-03 00:00:00,19,-0.0104713,110.97,0,0,0
1989-11-06 00:00:00,18.95,-0.002635048,51.58,0,0,0
1989-11-07 00:00:00,18.9,-0.002642009,106.69,0,0,0
1989-11-08 00:00:00,18.9,0,66.97,0,0,0
1989-11-09 00:00:00,18.85,-0.002649008,77.45,0,0,0
1989-11-10 00:00:00,19.05,0.010554188,52.26,0,0,0
1989-11-13 00:00:00,18.85,-0.010554188,161.45,0,0,0
1989-11-14 00:00:00,18.7,-0.00798939,114.4,0,0,0
1989-11-15 00:00:00,18.65,-0.002677378,81.01,0,0,0
1989-11-16 00:00:00,18.65,0,110.3,0,0,0
1989-11-17 00:00:00,18.75,0.005347606,60.16,0,0,0
1989-11-20 00:00:00,18.8,0.002663117,62.6,0,0,0
1989-11-21 00:00:00,18.68,-0.006403437,131.72,0,0,0
1989-11-22 00:00:00,18.6,-0.004291852,82.24,0,0,0
1989-11-23 00:00:00,18.4,-0.010810916,78.67,0,0,0
1989-11-24 00:00:00,18.48,0.004338402,85.28,0,0,0
1989-11-27 00:00:00,18.5,0.001081666,138.02,0,0,0
1989-11-28 00:00:00,18.23,-0.014702143,177.37,0,0,0
1989-11-29 00:00:00,18.15,-0.004398028,123.19,0,0,0
1989-11-30 00:00:00,18.48,0.018018506,116.49,0,0,0
1989-12-01 00:00:00,18.68,0.010764367,130.29,0,0,0
1989-12-04 00:00:00,19.28,0.031614856,150.33,0,0,0
1989-12-05 00:00:00,19.18,-0.00520022,148.32,0,0,0
1989-12-06 00:00:00,19.28,0.00520022,102.35,0,0,0
1989-12-07 00:00:00,19.33,0.002590004,68.16,0,0,0
1989-12-08 00:00:00,19.15,-0.009355578,100.27,0,0,0
1989-12-11 00:00:00,19.45,0.015544354,105.66,0,0,0
1989-12-12 00:00:00,19.53,0.004104675,125.48,0,0,0
1989-12-13 00:00:00,19.78,0.012719581,72.66,0,0,0
1989-12-14 00:00:00,19.68,-0.005068435,115.38,0,0,0
1989-12-15 00:00:00,19.68,0,124.27,0,0,0
1989-12-18 00:00:00,19.98,0.015128882,73.99,0,0,0
1989-12-19 00:00:00,20.28,0.014903406,143.8,0,0,0
1989-12-20 00:00:00,20.23,-0.002468528,137.26,0,0,0
1989-12-21 00:00:00,20.13,-0.004955412,164.35,0,0,0
1989-12-22 00:00:00,20.5,0.018213646,116.52,0,0,0
1989-12-27 00:00:00,20.9,0.019324273,80.1,0,0,0
1989-12-28 00:00:00,20.85,-0.002395211,90.93,0,0,0
1989-12-29 00:00:00,21.05,0.009546612,103.52,0,0,0
1990-01-02 00:00:00,21.2,0.007100622,71.49,0,0,0
1990-01-03 00:00:00,22.65,0.06615867,75.41,0,0,0
1990-01-04 00:00:00,22.5,-0.006644543,56.09,0,0,0
1990-01-05 00:00:00,23.13,0.027615167,63.85,0,0,0
1990-01-08 00:00:00,21.38,-0.078674571,102.84,0,0,0
1990-01-09 00:00:00,21.03,-0.016505916,138.44,0,0,0
1990-01-10 00:00:00,21.95,0.04281715,103.52,0,0,0
1990-01-11 00:00:00,21.88,-0.003194162,77.21,0,0,0
1990-01-12 00:00:00,22.13,0.011361177,69.95,0,0,0
1990-01-15 00:00:00,21.6,-0.024240839,101.84,0,0,0
1990-01-16 00:00:00,21.15,-0.021053409,78.4,0,0,0
1990-01-17 00:00:00,20.45,-0.033657023,86.17,0,0,0
1990-01-18 00:00:00,20.78,0.016008103,65.6,0,0,0
1990-01-19 00:00:00,21.28,0.023776679,96.37,0,0,0
1990-01-22 00:00:00,20.88,-0.018975901,69.12,0,0,0
1990-01-23 00:00:00,20.23,-0.031625112,121.31,0,0,0
1990-01-24 00:00:00,20.18,-0.002474636,72.01,0,0,0
1990-01-25 00:00:00,20.55,0.018168926,88.19,0,0,0
1990-01-26 00:00:00,20.63,0.003885386,77.42,0,0,0
1990-01-29 00:00:00,20.73,0.004835599,117.31,0,0,0
1990-01-30 00:00:00,20.73,0,83.92,0,0,0
1990-01-31 00:00:00,20.5,-0.01115704,128.32,0,0,0
1990-02-01 00:00:00,20.58,0.003894844,77.21,0,0,0
1990-02-02 00:00:00,20.73,0.007262196,104.9,0,0,0
1990-02-05 00:00:00,20.73,0,115.42,0,0,0
1990-02-06 00:00:00,20.6,-0.006290851,149.44,0,0,0
1990-02-07 00:00:00,20.15,-0.022086787,93.5,0,0,0
1990-02-08 00:00:00,20.05,-0.004975135,76.87,0,0,0
1990-02-09 00:00:00,19.75,-0.015075662,69.7,0,0,0
1990-02-12 00:00:00,19.68,-0.0035506,110.77,0,0,0
1990-02-13 00:00:00,20.03,0.017628258,82.3,0,0,0
1990-02-14 00:00:00,19.6,-0.021701583,63.88,0,0,0
1990-02-15 00:00:00,19.9,0.015190165,69.24,0,0,0
1990-02-16 00:00:00,19.88,-0.001005531,48.95,0,0,0
1990-02-19 00:00:00,19.95,0.003514942,98.77,0,0,0
1990-02-20 00:00:00,19.68,-0.013626252,59.15,0,0,0
1990-02-21 00:00:00,19.5,-0.009188426,62.67,0,0,0
1990-02-22 00:00:00,19.35,-0.007722046,57.8,0,0,0
1990-02-23 00:00:00,18.78,-0.029899946,41.51,0,0,0
1990-02-26 00:00:00,18.9,0.006369448,65.27,0,0,0
1990-02-27 00:00:00,19.23,0.017309638,127.22,0,0,0
1990-02-28 00:00:00,19.2,-0.001561281,80.14,0,0,0
1990-03-01 00:00:00,19.33,0.006748014,57.67,0,0,0
1990-03-02 00:00:00,19.18,-0.007790224,84.64,0,0,0
1990-03-05 00:00:00,19.15,-0.001565354,74.2,0,0,0
1990-03-06 00:00:00,19.18,0.001565354,67.97,0,0,0
1990-03-07 00:00:00,18.95,-0.012064138,77.89,0,0,0
1990-03-08 00:00:00,18.73,-0.011677415,67.03,0,0,0
1990-03-09 00:00:00,18.68,-0.002673084,59.96,0,0,0
1990-03-12 00:00:00,18.3,-0.020552373,50.34,0,0,0
1990-03-13 00:00:00,18.53,0.01248998,72.12,0,0,0
1990-03-14 00:00:00,18.33,-0.010851978,90.26,0,0,0
1990-03-15 00:00:00,18.48,0.008150004,59.09,0,0,0
1990-03-16 00:00:00,18.4,-0.004338402,71.67,0,0,0
1990-03-19 00:00:00,17.83,-0.031468233,62.39,0,0,0
1990-03-20 00:00:00,17.75,-0.004496916,79.22,0,0,0
1990-03-21 00:00:00,17.78,0.001688714,67.79,0,0,0
1990-03-22 00:00:00,17.83,0.002808202,75.78,0,0,0
1990-03-23 00:00:00,17.88,0.002800338,35.58,0,0,0
1990-03-26 00:00:00,18.23,0.019385819,76.91,0,0,0
1990-03-27 00:00:00,18.1,-0.00715665,75.17,0,0,0
1990-03-28 00:00:00,18.03,-0.003874901,89.02,0,0,0
1990-03-29 00:00:00,17.9,-0.007236324,82.46,0,0,0
1990-03-30 00:00:00,17.95,0.002789402,73.18,0,0,0
1990-04-02 00:00:00,18.18,0.012731974,132.06,0,0,0
1990-04-03 00:00:00,18.2,0.001099505,100.8,0,0,0
1990-04-04 00:00:00,17.95,-0.013831479,86.15,0,0,0
1990-04-05 00:00:00,17.55,-0.022536165,65.84,0,0,0
1990-04-06 00:00:00,17.1,-0.025975486,92.57,0,0,0
1990-04-09 00:00:00,16.53,-0.033901552,92.56,0,0,0
1990-04-10 00:00:00,15.93,-0.036972788,89.53,0,0,0
1990-04-11 00:00:00,15.3,-0.040351296,100.52,0,0,0
1990-04-12 00:00:00,15.8,0.032157112,74.69,0,0,0
1990-04-17 00:00:00,15.7,-0.006349228,76.09,0,0,0
1990-04-18 00:00:00,15.33,-0.023849019,97.16,0,0,0
1990-04-19 00:00:00,16.13,0.050869199,81.24,0,0,0
1990-04-20 00:00:00,16.35,0.013547005,131.39,0,0,0
1990-04-23 00:00:00,16.95,0.036039936,126.77,0,0,0
1990-04-24 00:00:00,16.75,-0.011869576,77.71,0,0,0
1990-04-25 00:00:00,16.5,-0.015037877,82.45,0,0,0
1990-04-26 00:00:00,16.6,0.006042314,92.81,0,0,0
1990-04-27 00:00:00,16.43,-0.010293763,78.46,0,0,0
1990-04-30 00:00:00,16.35,-0.004881035,44.61,0,0,0
1990-05-01 00:00:00,16.43,0.004881035,120.37,0,0,0
1990-05-02 00:00:00,16.58,0.009088218,151.62,0,0,0
1990-05-03 00:00:00,15.93,-0.039993026,82.55,0,0,0
1990-05-04 00:00:00,15.58,-0.022216083,97.07,0,0,0
1990-05-07 00:00:00,15.65,0.004482877,72.01,0,0,0
1990-05-08 00:00:00,16.18,0.033304995,64.08,0,0,0
1990-05-09 00:00:00,16.45,0.016549566,82.81,0,0,0
1990-05-10 00:00:00,16.7,0.015083242,66.04,0,0,0
1990-05-11 00:00:00,16.73,0.001794796,61.7,0,0,0
1990-05-14 00:00:00,17.4,0.039266691,95.12,0,0,0
1990-05-15 00:00:00,17.4,0,75.06,0,0,0
1990-05-16 00:00:00,17.25,-0.008658063,110.85,0,0,0
1990-05-17 00:00:00,17.05,-0.01166194,80.11,0,0,0
1990-05-18 00:00:00,17.08,0.001757985,70.23,0,0,0
1990-05-21 00:00:00,16.65,-0.025497972,121.46,0,0,0
1990-05-22 00:00:00,16.48,-0.010262692,91.48,0,0,0
1990-05-23 00:00:00,15.7,-0.048486812,85.75,0,0,0
1990-05-24 00:00:00,15.8,0.006349228,99.41,0,0,0
1990-05-25 00:00:00,15.95,0.009448889,100.38,0,0,0
1990-05-29 00:00:00,15.48,-0.029909961,145.38,0,0,0
1990-05-30 00:00:00,15.98,0.031789072,93.31,0,0,0
1990-05-31 00:00:00,15.3,-0.043485112,110.66,0,0,0
1990-06-01 00:00:00,15.43,0.008460838,84.84,0,0,0
1990-06-04 00:00:00,15.35,-0.005198192,129.2,0,0,0
1990-06-05 00:00:00,14.78,-0.037840559,99.24,0,0,0
1990-06-06 00:00:00,14.8,0.001352265,97.43,0,0,0
1990-06-07 00:00:00,15.03,0.015421023,80.44,0,0,0
1990-06-08 00:00:00,14.68,-0.023562181,100.02,0,0,0
1990-06-11 00:00:00,14.73,0.003400207,38.26,0,0,0
1990-06-12 00:00:00,14.95,0.014825069,64.66,0,0,0
1990-06-13 00:00:00,14.9,-0.003350087,74.65,0,0,0
1990-06-14 00:00:00,15.3,0.026491615,72.17,0,0,0
1990-06-15 00:00:00,15.15,-0.009852296,73.79,0,0,0
1990-06-18 00:00:00,14.83,-0.021348376,78.6,0,0,0
1990-06-19 00:00:00,14.75,-0.005409073,65.85,0,0,0
1990-06-20 00:00:00,14.75,0,89.66,0,0,0
1990-06-21 00:00:00,14.75,0,66.55,0,0,0
1990-06-22 00:00:00,15.4,0.043124427,86.65,0,0,0
1990-06-25 00:00:00,15.58,0.011620531,53.05,0,0,0
1990-06-26 00:00:00,15.58,0,49.08,0,0,0
1990-06-27 00:00:00,15.33,-0.016176348,101.08,0,0,0
1990-06-28 00:00:00,15.4,0.004555817,64.67,0,0,0
1990-06-29 00:00:00,15.73,0.021202208,97.19,0,0,0
1990-07-02 00:00:00,15.4,-0.021202208,100.89,0,0,0
1990-07-03 00:00:00,15.48,0.005181359,127.22,0,0,0
1990-07-04 00:00:00,15.48,0,107.43,0,0,0
1990-07-05 00:00:00,15.23,-0.016281701,85.46,0,0,0
1990-07-06 00:00:00,15.35,0.007848307,89.53,0,0,0
1990-07-09 00:00:00,14.98,-0.024399496,55.96,0,0,0
1990-07-10 00:00:00,15.58,0.039272062,91.22,0,0,0
1990-07-11 00:00:00,15.7,0.007672672,61.61,0,0,0
1990-07-12 00:00:00,15.88,0.011399743,51.3,0,0,0
1990-07-13 00:00:00,17.03,0.069916039,75.86,0,0,0
1990-07-16 00:00:00,17.7,0.038588145,66.65,0,0,0
1990-07-17 00:00:00,17.58,-0.006802747,39.67,0,0,0
1990-07-18 00:00:00,17.7,0.006802747,85.67,0,0,0
1990-07-19 00:00:00,17.85,0.008438869,82.25,0,0,0
1990-07-20 00:00:00,18,0.00836825,90.64,0,0,0
1990-07-23 00:00:00,18.73,0.039754759,107.77,0,0,0
1990-07-24 00:00:00,19.08,0.01851415,133.89,0,0,0
1990-07-25 00:00:00,19,-0.004201687,122.69,0,0,0
1990-07-26 00:00:00,18.73,-0.014312463,85.67,0,0,0
1990-07-27 00:00:00,19.03,0.015890165,79.76,0,0,0
1990-07-30 00:00:00,18.98,-0.002630888,63.26,0,0,0
1990-07-31 00:00:00,19.23,0.013085766,130.76,0,0,0
1990-08-01 00:00:00,19.93,0.035754575,137.23,0,0,0
1990-08-02 00:00:00,22.25,0.110115874,108.86,1,0,0
1990-08-03 00:00:00,24.13,0.081113871,250.39,1,0,0
1990-08-06 00:00:00,27.28,0.122697953,257.97,1,0,0
1990-08-07 00:00:00,27.35,0.002562696,299.68,1,0,0
1990-08-08 00:00:00,25.15,-0.083858632,324.48,1,0,0
1990-08-09 00:00:00,25.9,0.029385072,223.93,1,0,0
1990-08-10 00:00:00,26.3,0.01532597,216.13,1,0,0
1990-08-13 00:00:00,26.63,0.012469461,343.07,1,0,0
1990-08-14 00:00:00,27.1,0.017495328,379.88,1,0,0
1990-08-15 00:00:00,26.53,-0.02125756,269.12,1,0,0
1990-08-16 00:00:00,27.2,0.024940805,192.85,1,0,0
1990-08-17 00:00:00,28.45,0.044931187,236.61,1,0,0
1990-08-20 00:00:00,28.9,0.015693435,234.89,1,0,0
1990-08-21 00:00:00,29.05,0.005176888,317.22,1,0,0
1990-08-22 00:00:00,30.45,0.047067511,344.55,1,0,0
1990-08-23 00:00:00,32.35,0.060528027,294.8,1,0,0
1990-08-24 00:00:00,31.65,-0.021875872,270.33,1,0,0
1990-08-27 00:00:00,27.65,-0.135112421,245.15,1,0,0
1990-08-28 00:00:00,27.65,0,266.15,1,0,0
1990-08-29 00:00:00,27.65,0,292.72,1,0,0
1990-08-30 00:00:00,27.5,-0.005439723,186.42,1,0,0
1990-08-31 00:00:00,27.8,0.010850016,263.64,1,0,0
1990-09-03 00:00:00,30.53,0.093673786,259.24,1,0,0
1990-09-04 00:00:00,30.08,-0.014849308,292.61,1,0,0
1990-09-05 00:00:00,31.23,0.037518672,275.64,1,0,0
1990-09-06 00:00:00,32.15,0.029033279,179.06,1,0,0
1990-09-07 00:00:00,31.45,-0.022013468,211.11,1,0,0
1990-09-10 00:00:00,31.45,0,198.42,1,0,0
1990-09-11 00:00:00,32.1,0.020457047,187.15,1,0,0
1990-09-12 00:00:00,31.28,-0.025877114,145.51,1,0,0
1990-09-13 00:00:00,31.88,0.018999938,130.04,1,0,0
1990-09-14 00:00:00,33.35,0.045078918,196.9,1,0,0
1990-09-17 00:00:00,34.9,0.045429057,184.62,1,0,0
1990-09-18 00:00:00,35.95,0.029642255,175.53,1,0,0
1990-09-19 00:00:00,35.08,-0.024497917,206.75,1,0,0
1990-09-20 00:00:00,35.65,0.016117979,143.72,1,0,0
1990-09-21 00:00:00,36.95,0.035816501,172.69,1,0,0
1990-09-24 00:00:00,40.75,0.097890192,199.94,1,0,0
1990-09-25 00:00:00,39.9,-0.021079516,280.19,1,0,0
1990-09-26 00:00:00,40.85,0.023530497,192.84,1,0,0
1990-09-27 00:00:00,41.45,0.01458106,153.66,1,0,0
1990-09-28 00:00:00,41,-0.010915815,148.15,1,0,0
1990-10-01 00:00:00,38.95,-0.051293294,213.21,1,0,0
1990-10-02 00:00:00,35.45,-0.094155519,177.7,1,0,0
1990-10-03 00:00:00,37.55,0.057550125,129.12,1,0,0
1990-10-04 00:00:00,37.2,-0.009364617,140.66,1,0,0
1990-10-05 00:00:00,39.05,0.048534115,179.6,1,0,0
1990-10-08 00:00:00,39.2,0.003833871,159.05,1,0,0
1990-10-09 00:00:00,40.9,0.042453316,146.36,1,0,0
1990-10-10 00:00:00,40.2,-0.017263067,160.44,1,0,0
1990-10-11 00:00:00,41.15,0.023356931,104.3,1,0,0
1990-10-12 00:00:00,39.9,-0.030847603,146.78,1,0,0
1990-10-15 00:00:00,38.28,-0.041448757,167.2,1,0,0
1990-10-16 00:00:00,38.93,0.016837595,156.12,1,0,0
1990-10-17 00:00:00,35.33,-0.0970327,132.32,1,0,0
1990-10-18 00:00:00,35.65,0.009016685,125.93,1,0,0
1990-10-19 00:00:00,33.2,-0.071199271,159.45,1,0,0
1990-10-22 00:00:00,27.45,-0.190183708,167.99,1,0,0
1990-10-23 00:00:00,28.95,0.053204036,144.02,1,0,0
1990-10-24 00:00:00,30.1,0.038954968,167.02,1,0,0
1990-10-25 00:00:00,32.9,0.088947486,115.72,1,0,0
1990-10-26 00:00:00,33.73,0.024914991,156.07,1,0,0
1990-10-29 00:00:00,34.65,0.026910077,147.35,1,0,0
1990-10-30 00:00:00,35.5,0.024234971,89.66,1,0,0
1990-10-31 00:00:00,34.3,-0.034387342,173.36,1,0,0
1990-11-01 00:00:00,35.65,0.038603793,93.12,1,0,0
1990-11-02 00:00:00,35.05,-0.016973533,124.02,1,0,0
1990-11-05 00:00:00,33.8,-0.036314811,140.5,1,0,0
1990-11-06 00:00:00,33.2,-0.017910927,230.65,1,0,0
1990-11-07 00:00:00,34.55,0.039857674,124.92,1,0,0
1990-11-08 00:00:00,34.85,0.008645587,117.44,1,0,0
1990-11-09 00:00:00,34.25,-0.017366572,154.9,1,0,0
1990-11-12 00:00:00,32.85,-0.04173482,160.7,1,0,0
1990-11-13 00:00:00,33.65,0.024061311,149.04,1,0,0
1990-11-14 00:00:00,31.95,-0.051840875,199.94,1,0,0
1990-11-15 00:00:00,32.2,0.007794272,157.06,1,0,0
1990-11-16 00:00:00,30.55,-0.052601767,160.54,1,0,0
1990-11-19 00:00:00,30.85,0.009772065,147.46,1,0,0
1990-11-20 00:00:00,30.1,-0.024611579,164.66,1,0,0
1990-11-21 00:00:00,30.65,0.018107491,223.49,1,0,0
1990-11-22 00:00:00,31.4,0.024175231,114.81,1,0,0
1990-11-23 00:00:00,32.05,0.02048929,138.75,1,0,0
1990-11-26 00:00:00,35.1,0.090903947,174.96,1,0,0
1990-11-27 00:00:00,34.83,-0.007722046,229.97,1,0,0
1990-11-28 00:00:00,34.1,-0.0211817,191.56,1,0,0
1990-11-29 00:00:00,34.65,0.016000341,189.89,1,0,0
1990-11-30 00:00:00,31.2,-0.104879631,161.98,1,0,0
1990-12-03 00:00:00,31.25,0.001601281,228.83,1,0,0
1990-12-04 00:00:00,31.5,0.00796817,206.74,1,0,0
1990-12-05 00:00:00,30.2,-0.042145621,219.86,1,0,0
1990-12-06 00:00:00,27.35,-0.099125396,172.61,1,0,0
1990-12-07 00:00:00,28.3,0.034145276,199.22,1,0,0
1990-12-10 00:00:00,28.75,0.015775963,150.05,1,0,0
1990-12-11 00:00:00,28.03,-0.025362402,171.26,1,0,0
1990-12-12 00:00:00,27.28,-0.027121532,117.66,1,0,0
1990-12-13 00:00:00,27.8,0.018882188,126.71,1,0,0
1990-12-14 00:00:00,28.45,0.02311214,135.04,1,0,0
1990-12-17 00:00:00,28.2,-0.008826183,182.19,1,0,0
1990-12-18 00:00:00,27.55,-0.023319442,177.99,1,0,0
1990-12-19 00:00:00,28.13,0.020834087,120.9,1,0,0
1990-12-20 00:00:00,27.55,-0.020834087,131.51,1,0,0
1990-12-21 00:00:00,26.9,-0.023876249,84.72,1,0,0
1990-12-24 00:00:00,27.7,0.029306127,103.9,1,0,0
1990-12-26 00:00:00,27.7,0,216.18,1,0,0
1990-12-27 00:00:00,27.05,-0.023745408,192.49,1,0,0
1990-12-28 00:00:00,27.43,0.0139503,107.81,1,0,0
1990-12-31 00:00:00,28.35,0.032989725,193.08,1,0,0
1991-01-02 00:00:00,26.78,-0.05697169,167.07,1,0,0
1991-01-03 00:00:00,25.05,-0.066781513,161.91,1,0,0
1991-01-04 00:00:00,24.08,-0.039492207,179.54,1,0,0
1991-01-07 00:00:00,25.93,0.074018979,244.94,1,0,0
1991-01-08 00:00:00,25.73,-0.007742973,364.64,1,0,0
1991-01-09 00:00:00,22.35,-0.140831305,300.28,1,0,0
1991-01-10 00:00:00,26.58,0.173332732,292.17,1,0,0
1991-01-11 00:00:00,26.05,-0.020141285,376.15,1,0,0
1991-01-14 00:00:00,29.55,0.126065976,351.93,1,0,0
1991-01-15 00:00:00,29.25,-0.01020417,572.3,1,0,0
1991-01-16 00:00:00,30.28,0.034607855,477.96,1,0,0
1991-01-17 00:00:00,21.1,-0.361214388,565.65,1,0,0
1991-01-18 00:00:00,19.1,-0.099584705,552.74,0,0,0
1991-01-21 00:00:00,19.25,0.007822726,460.97,0,0,0
1991-01-22 00:00:00,20.73,0.074070866,503.78,0,0,0
1991-01-23 00:00:00,22.15,0.06625557,437.26,0,0,0
1991-01-24 00:00:00,20.9,-0.058088338,407.59,0,0,0
1991-01-25 00:00:00,20.8,-0.004796172,414.07,0,0,0
1991-01-28 00:00:00,20.4,-0.019418086,338.67,0,0,0
1991-01-29 00:00:00,20.75,0.017011346,447.91,0,0,0
1991-01-30 00:00:00,20.95,0.0095924,489.92,0,0,0
1991-01-31 00:00:00,20.7,-0.012004946,338.4,0,0,0
1991-02-01 00:00:00,20.8,0.004819286,319.81,0,0,0
1991-02-04 00:00:00,20.45,-0.016970104,312.3,0,0,0
1991-02-05 00:00:00,20.2,-0.012300278,388.54,0,0,0
1991-02-06 00:00:00,20.93,0.035500932,384.49,0,0,0
1991-02-07 00:00:00,20.9,-0.001434377,248.98,0,0,0
1991-02-08 00:00:00,20.65,-0.01203384,362.51,0,0,0
1991-02-11 00:00:00,21.23,0.027699956,355.52,0,0,0
1991-02-12 00:00:00,21.1,-0.006142235,279.66,0,0,0
1991-02-13 00:00:00,21,-0.004750603,264.64,0,0,0
1991-02-14 00:00:00,20.5,-0.024097552,294.45,0,0,0
1991-02-15 00:00:00,18.35,-0.110795312,235.74,0,0,0
1991-02-18 00:00:00,17.68,-0.037195517,367.28,0,0,0
1991-02-19 00:00:00,17.85,0.009569451,273.72,0,0,0
1991-02-20 00:00:00,18.75,0.049190244,286.21,0,0,0
1991-02-21 00:00:00,18.55,-0.010723963,290.7,0,0,0
1991-02-22 00:00:00,17.8,-0.041271332,324.6,0,0,0
1991-02-25 00:00:00,17.83,0.001683975,510.52,0,0,0
1991-02-26 00:00:00,18,0.009489326,369.17,0,0,0
1991-02-27 00:00:00,18.65,0.035474388,435.5,0,0,0
1991-02-28 00:00:00,19.5,0.044568319,242.75,0,0,0
1991-03-01 00:00:00,19.33,-0.008756172,194.16,0,0,0
1991-03-04 00:00:00,20.2,0.044024311,225.07,0,0,0
1991-03-05 00:00:00,20.05,-0.007453451,199.85,0,0,0
1991-03-06 00:00:00,19.85,-0.010025147,194.86,0,0,0
1991-03-07 00:00:00,19.65,-0.010126669,198.91,0,0,0
1991-03-08 00:00:00,19.1,-0.028389003,113.65,0,0,0
1991-03-11 00:00:00,18.6,-0.026526754,192.2,0,0,0
1991-03-12 00:00:00,18.43,-0.009181809,197.61,0,0,0
1991-03-13 00:00:00,20.33,0.098117856,121.96,0,0,0
1991-03-14 00:00:00,19.98,-0.017365854,80.51,0,0,0
1991-03-15 00:00:00,19.05,-0.047664672,111.94,0,0,0
1991-03-18 00:00:00,18.3,-0.040166042,212.67,0,0,0
1991-03-19 00:00:00,18.95,0.034902872,168.79,0,0,0
1991-03-20 00:00:00,18.98,0.001581862,133.61,0,0,0
1991-03-21 00:00:00,18.8,-0.009528923,95.17,0,0,0
1991-03-22 00:00:00,18.95,0.007947062,125.07,0,0,0
1991-03-25 00:00:00,18.6,-0.018642351,124.44,0,0,0
1991-03-26 00:00:00,18.35,-0.013532006,105.56,0,0,0
1991-03-27 00:00:00,18.15,-0.010959014,127.93,0,0,0
1991-03-28 00:00:00,18,-0.008298803,103.4,0,0,0
1991-04-01 00:00:00,18,0,78.3,0,0,0
1991-04-02 00:00:00,17.63,-0.020769761,157.98,0,0,0
1991-04-03 00:00:00,17.75,0.00678352,151.22,0,0,0
1991-04-04 00:00:00,18,0.013986242,97.2,0,0,0
1991-04-05 00:00:00,18.35,0.019257817,108.99,0,0,0
1991-04-08 00:00:00,18.58,0.012456159,101.1,0,0,0
1991-04-09 00:00:00,18.6,0.001075847,98.15,0,0,0
1991-04-10 00:00:00,19.25,0.03434948,85.38,0,0,0
1991-04-11 00:00:00,19.5,0.012903405,88.61,0,0,0
1991-04-12 00:00:00,19.93,0.021811669,107.79,0,0,0
1991-04-15 00:00:00,20.23,0.014940517,134.71,0,0,0
1991-04-16 00:00:00,19.9,-0.016446919,87.87,0,0,0
1991-04-17 00:00:00,19.85,-0.002515725,125.79,0,0,0
1991-04-18 00:00:00,19.4,-0.022930941,83.82,0,0,0
1991-04-19 00:00:00,19.18,-0.011404997,100.12,0,0,0
1991-04-22 00:00:00,19.78,0.030803257,70.78,0,0,0
1991-04-23 00:00:00,19.6,-0.00914176,64.78,0,0,0
1991-04-24 00:00:00,19.55,-0.00255428,123.75,0,0,0
1991-04-25 00:00:00,19.6,0.00255428,48.24,0,0,0
1991-04-26 00:00:00,19.63,0.001529442,100.95,0,0,0
1991-04-29 00:00:00,19.95,0.016170135,99.33,0,0,0
1991-04-30 00:00:00,19.7,-0.012610508,97.04,0,0,0
1991-05-01 00:00:00,19.7,0,120.08,0,0,0
1991-05-02 00:00:00,19.7,0,42.33,0,0,0
1991-05-03 00:00:00,19.55,-0.007643349,70.01,0,0,0
1991-05-06 00:00:00,19.8,0.012706651,201.26,0,0,0
1991-05-07 00:00:00,19.85,0.002522069,123.67,0,0,0
1991-05-08 00:00:00,19.8,-0.002522069,122.84,0,0,0
1991-05-09 00:00:00,20.08,0.014042357,71.49,0,0,0
1991-05-10 00:00:00,19.53,-0.02777255,109.81,0,0,0
1991-05-13 00:00:00,19.25,-0.014440684,105.66,0,0,0
1991-05-14 00:00:00,18.95,-0.015707129,101.18,0,0,0
1991-05-15 00:00:00,18.8,-0.007947062,94.41,0,0,0
1991-05-16 00:00:00,18.75,-0.002663117,75.99,0,0,0
1991-05-17 00:00:00,18.75,0,63.1,0,0,0
1991-05-20 00:00:00,18.9,0.00796817,132.3,0,0,0
1991-05-21 00:00:00,19.03,0.006854759,70.67,0,0,0
1991-05-22 00:00:00,18.58,-0.023930948,102.06,0,0,0
1991-05-23 00:00:00,18.78,0.01070674,108.83,0,0,0
1991-05-24 00:00:00,18.83,0.002658869,65.67,0,0,0
1991-05-28 00:00:00,19,0.008987636,107.02,0,0,0
1991-05-29 00:00:00,18.75,-0.013245227,56.29,0,0,0
1991-05-30 00:00:00,18.73,-0.001067236,66.39,0,0,0
1991-05-31 00:00:00,19,0.014312463,118.82,0,0,0
1991-06-03 00:00:00,19,0,41.02,0,0,0
1991-06-04 00:00:00,18.83,-0.008987636,118,0,0,0
1991-06-05 00:00:00,18.63,-0.010678158,108.06,0,0,0
1991-06-06 00:00:00,18.03,-0.032736147,61.41,0,0,0
1991-06-07 00:00:00,18.28,0.013770529,76.59,0,0,0
1991-06-10 00:00:00,18,-0.015435808,105.88,0,0,0
1991-06-11 00:00:00,17.85,-0.00836825,92.51,0,0,0
1991-06-12 00:00:00,17.73,-0.006745388,93.71,0,0,0
1991-06-13 00:00:00,18,0.015113638,84.25,0,0,0
1991-06-14 00:00:00,17.7,-0.016807118,89.63,0,0,0
1991-06-17 00:00:00,17.85,0.008438869,71.02,0,0,0
1991-06-18 00:00:00,18,0.00836825,90.14,0,0,0
1991-06-19 00:00:00,17.88,-0.006688988,93.31,0,0,0
1991-06-20 00:00:00,18.15,0.014987791,58.36,0,0,0
1991-06-21 00:00:00,18.43,0.015309211,91.17,0,0,0
1991-06-24 00:00:00,18.18,-0.013657683,54.96,0,0,0
1991-06-25 00:00:00,18.15,-0.001651528,114.23,0,0,0
1991-06-26 00:00:00,18.1,-0.002758622,74.98,0,0,0
1991-06-27 00:00:00,18.08,-0.001105583,131.09,0,0,0
1991-06-28 00:00:00,18.48,0.021882711,135.04,0,0,0
1991-07-01 00:00:00,18.53,0.002701974,161.06,0,0,0
1991-07-02 00:00:00,18.55,0.001078749,115.49,0,0,0
1991-07-03 00:00:00,18.5,-0.002699057,168.74,0,0,0
1991-07-04 00:00:00,18.48,-0.001081666,172.75,0,0,0
1991-07-05 00:00:00,18.7,0.011834458,123.03,0,0,0
1991-07-08 00:00:00,18.98,0.014862269,179.36,0,0,0
1991-07-09 00:00:00,19.03,0.002630888,105.09,0,0,0
1991-07-10 00:00:00,19.23,0.010454878,130.15,0,0,0
1991-07-11 00:00:00,19.2,-0.001561281,97.53,0,0,0
1991-07-12 00:00:00,19.78,0.029761047,103.39,0,0,0
1991-07-15 00:00:00,19.6,-0.00914176,164.11,0,0,0
1991-07-16 00:00:00,19.83,0.011666376,126.05,0,0,0
1991-07-17 00:00:00,20.13,0.015015297,86.54,0,0,0
1991-07-18 00:00:00,20.28,0.007423939,90.24,0,0,0
1991-07-19 00:00:00,20.28,0,104.85,0,0,0
1991-07-22 00:00:00,20.08,-0.009910884,104.01,0,0,0
1991-07-23 00:00:00,19.58,-0.025215658,69.69,0,0,0
1991-07-24 00:00:00,19.33,-0.012850344,85.05,0,0,0
1991-07-25 00:00:00,19.6,0.013871273,99.34,0,0,0
1991-07-26 00:00:00,19.73,0.006610754,102.62,0,0,0
1991-07-29 00:00:00,19.58,-0.007631683,105.33,0,0,0
1991-07-30 00:00:00,19.48,-0.005120339,104.14,0,0,0
1991-07-31 00:00:00,19.65,0.00868904,125.34,0,0,0
1991-08-01 00:00:00,19.73,0.004062982,96.55,0,0,0
1991-08-02 00:00:00,19.4,-0.016867254,92.13,0,0,0
1991-08-05 00:00:00,19.5,0.0051414,63.5,0,0,0
1991-08-06 00:00:00,19.45,-0.002567396,102.45,0,0,0
1991-08-07 00:00:00,19.35,-0.005154651,113.41,0,0,0
1991-08-08 00:00:00,19.7,0.017926216,94.64,0,0,0
1991-08-09 00:00:00,19.58,-0.006109999,135.12,0,0,0
1991-08-12 00:00:00,19.63,0.002550371,137.34,0,0,0
1991-08-13 00:00:00,19.5,-0.006644543,85.58,0,0,0
1991-08-14 00:00:00,19.23,-0.013942906,53.43,0,0,0
1991-08-15 00:00:00,19.25,0.001039501,66.55,0,0,0
1991-08-16 00:00:00,19.35,0.005181359,61.26,0,0,0
1991-08-19 00:00:00,20.55,0.060168521,59.35,0,0,0
1991-08-20 00:00:00,20.98,0.020708662,265.38,0,0,0
1991-08-21 00:00:00,19.55,-0.070594317,196.87,0,0,0
1991-08-22 00:00:00,19.53,-0.001023542,146.47,0,0,0
1991-08-23 00:00:00,19.85,0.016252262,155.15,0,0,0
1991-08-26 00:00:00,20.03,0.009027143,136.43,0,0,0
1991-08-27 00:00:00,20.03,0,132.86,0,0,0
1991-08-28 00:00:00,19.98,-0.002499376,164.45,0,0,0
1991-08-29 00:00:00,20.3,0.015889113,134.85,0,0,0
1991-08-30 00:00:00,20.53,0.011266345,174.55,0,0,0
1991-09-02 00:00:00,20.65,0.005828088,127.16,0,0,0
1991-09-03 00:00:00,20.55,-0.004854378,84.18,0,0,0
1991-09-04 00:00:00,20.25,-0.014706147,97.16,0,0,0
1991-09-05 00:00:00,20.1,-0.007434978,90.31,0,0,0
1991-09-06 00:00:00,20.13,0.001491425,129.16,0,0,0
1991-09-09 00:00:00,19.85,-0.014007233,76.8,0,0,0
1991-09-10 00:00:00,19.93,0.004022127,113.6,0,0,0
1991-09-11 00:00:00,20,0.003506139,88.66,0,0,0
1991-09-12 00:00:00,20.25,0.01242252,114.23,0,0,0
1991-09-13 00:00:00,20.35,0.004926118,103.87,0,0,0
1991-09-16 00:00:00,20.53,0.008806319,157.29,0,0,0
1991-09-17 00:00:00,20.3,-0.011266345,105.35,0,0,0
1991-09-18 00:00:00,20.53,0.011266345,95.14,0,0,0
1991-09-19 00:00:00,20.43,-0.004882822,110.77,0,0,0
1991-09-20 00:00:00,20.55,0.005856532,133.69,0,0,0
1991-09-23 00:00:00,20.83,0.013533314,190.02,0,0,0
1991-09-24 00:00:00,20.75,-0.003848009,150.57,0,0,0
1991-09-25 00:00:00,20.65,-0.004830927,142.61,0,0,0
1991-09-26 00:00:00,21,0.016807118,162.52,0,0,0
1991-09-27 00:00:00,21.48,0.022599832,139.75,0,0,0
1991-09-30 00:00:00,21.43,-0.00233046,133.49,0,0,0
1991-10-01 00:00:00,21.15,-0.013151904,180.61,0,0,0
1991-10-02 00:00:00,21.3,0.007067167,107.41,0,0,0
1991-10-03 00:00:00,21.75,0.020906685,134.79,0,0,0
1991-10-04 00:00:00,21.83,0.003671413,140.96,0,0,0
1991-10-07 00:00:00,21.98,0.006847778,120.02,0,0,0
1991-10-08 00:00:00,21.95,-0.001365809,157.74,0,0,0
1991-10-09 00:00:00,22.43,0.021632209,118.31,0,0,0
1991-10-10 00:00:00,22.13,-0.013465194,59.27,0,0,0
1991-10-11 00:00:00,22.08,-0.002261933,96.27,0,0,0
1991-10-14 00:00:00,22.6,0.023277685,36.35,0,0,0
1991-10-15 00:00:00,22.83,0.010125554,132.69,0,0,0
1991-10-16 00:00:00,22.6,-0.010125554,80.33,0,0,0
1991-10-17 00:00:00,22.73,0.005735732,84.67,0,0,0
1991-10-18 00:00:00,23,0.011808578,68.34,0,0,0
1991-10-21 00:00:00,22.95,-0.002176279,79.96,0,0,0
1991-10-22 00:00:00,22.65,-0.013158085,103.66,0,0,0
1991-10-23 00:00:00,22.48,-0.007533827,63.06,0,0,0
1991-10-24 00:00:00,22.25,-0.010284016,76.11,0,0,0
1991-10-25 00:00:00,22.35,0.004484312,120.18,0,0,0
1991-10-28 00:00:00,21.9,-0.020339684,83.68,0,0,0
1991-10-29 00:00:00,21.85,-0.002285715,120.21,0,0,0
1991-10-30 00:00:00,21.95,0.004566218,112.56,0,0,0
1991-10-31 00:00:00,22,0.002275314,105.38,0,0,0
1991-11-01 00:00:00,22.53,0.023805301,64.4,0,0,0
1991-11-04 00:00:00,22.73,0.008837883,152.08,0,0,0
1991-11-05 00:00:00,22.53,-0.008837883,113.16,0,0,0
1991-11-06 00:00:00,22,-0.023805301,87.88,0,0,0
1991-11-07 00:00:00,21.85,-0.006841532,53.64,0,0,0
1991-11-08 00:00:00,21.8,-0.002290952,83.48,0,0,0
1991-11-11 00:00:00,21.45,-0.016185324,126.68,0,0,0
1991-11-12 00:00:00,21.2,-0.011723464,86.94,0,0,0
1991-11-13 00:00:00,21.5,0.014051753,92.35,0,0,0
1991-11-14 00:00:00,21,-0.023530497,60.6,0,0,0
1991-11-15 00:00:00,21.63,0.029558802,95.17,0,0,0
1991-11-18 00:00:00,21.35,-0.0130295,99.48,0,0,0
1991-11-19 00:00:00,21.08,-0.012727016,121.72,0,0,0
1991-11-20 00:00:00,20.48,-0.028875924,71.19,0,0,0
1991-11-21 00:00:00,20.73,0.012133126,122.57,0,0,0
1991-11-22 00:00:00,20.15,-0.028377638,124.18,0,0,0
1991-11-25 00:00:00,19.78,-0.018532962,96.02,0,0,0
1991-11-26 00:00:00,19.78,0,139.29,0,0,0
1991-11-27 00:00:00,19.65,-0.006593988,93.67,0,0,0
1991-11-28 00:00:00,19.98,0.016654435,112.36,0,0,0
1991-11-29 00:00:00,20.08,0.004992522,136.35,0,0,0
1991-12-02 00:00:00,19.6,-0.024194729,125.79,0,0,0
1991-12-03 00:00:00,19.2,-0.020619287,120.86,0,0,0
1991-12-04 00:00:00,19.18,-0.00104221,101.36,0,0,0
1991-12-05 00:00:00,19.15,-0.001565354,71.35,0,0,0
1991-12-06 00:00:00,19.05,-0.005235614,91,0,0,0
1991-12-09 00:00:00,18.25,-0.042902022,100.52,0,0,0
1991-12-10 00:00:00,18.1,-0.008253142,171.05,0,0,0
1991-12-11 00:00:00,18.28,0.009895628,106.86,0,0,0
1991-12-12 00:00:00,18.58,0.016278167,99.89,0,0,0
1991-12-13 00:00:00,19.05,0.024981368,104.57,0,0,0
1991-12-16 00:00:00,18.55,-0.026597313,160.76,0,0,0
1991-12-17 00:00:00,18.13,-0.022901764,97.69,0,0,0
1991-12-18 00:00:00,18.15,0.001102536,77.04,0,0,0
1991-12-19 00:00:00,18.15,0,88.15,0,0,0
1991-12-20 00:00:00,18.55,0.021799228,109.04,0,0,0
1991-12-23 00:00:00,17.6,-0.052570887,93.46,0,0,0
1991-12-24 00:00:00,17.78,0.010175328,105.33,0,0,0
1991-12-26 00:00:00,17.78,0,86.41,0,0,0
1991-12-27 00:00:00,17.75,-0.001688714,92.56,0,0,0
1991-12-30 00:00:00,18,0.013986242,95.61,0,0,0
1991-12-31 00:00:00,17.75,-0.013986242,141.17,0,0,0
1992-01-02 00:00:00,18.45,0.038678855,103.37,0,0,0
1992-01-03 00:00:00,18.5,0.002706362,114.39,0,0,0
1992-01-06 00:00:00,18.75,0.01342302,114.77,0,0,0
1992-01-07 00:00:00,18.4,-0.018843088,131.34,0,0,0
1992-01-08 00:00:00,17.3,-0.061644163,108.11,0,0,0
1992-01-09 00:00:00,17.18,-0.006960585,99.48,0,0,0
1992-01-10 00:00:00,17.23,0.002906134,94.43,0,0,0
1992-01-13 00:00:00,18.08,0.048154304,84.56,0,0,0
1992-01-14 00:00:00,18.23,0.008262234,124.33,0,0,0
1992-01-15 00:00:00,18.38,0.008194528,89.53,0,0,0
1992-01-16 00:00:00,18.68,0.016190316,55.04,0,0,0
1992-01-17 00:00:00,18.48,-0.010764367,72.59,0,0,0
1992-01-20 00:00:00,18.45,-0.001624696,131.96,0,0,0
1992-01-21 00:00:00,17.85,-0.033060862,115.18,0,0,0
1992-01-22 00:00:00,17.83,-0.001121076,80.6,0,0,0
1992-01-23 00:00:00,18.1,0.015029506,74.09,0,0,0
1992-01-24 00:00:00,18.33,0.012627124,113.01,0,0,0
1992-01-27 00:00:00,18.55,0.011930727,85.18,0,0,0
1992-01-28 00:00:00,18.43,-0.006490017,97.95,0,0,0
1992-01-29 00:00:00,18.15,-0.015309211,107,0,0,0
1992-01-30 00:00:00,18.1,-0.002758622,146.85,0,0,0
1992-01-31 00:00:00,18.15,0.002758622,129.61,0,0,0
1992-02-03 00:00:00,18.35,0.010959014,105.16,0,0,0
1992-02-04 00:00:00,18.4,0.00272109,70.57,0,0,0
1992-02-05 00:00:00,18.48,0.004338402,97.43,0,0,0
1992-02-06 00:00:00,18.53,0.002701974,75.76,0,0,0
1992-02-07 00:00:00,18.58,0.002694693,99.71,0,0,0
1992-02-10 00:00:00,18.95,0.019718198,64.5,0,0,0
1992-02-11 00:00:00,18.48,-0.025114865,74.29,0,0,0
1992-02-12 00:00:00,18.33,-0.008150004,93.79,0,0,0
1992-02-13 00:00:00,18.53,0.010851978,77.43,0,0,0
1992-02-14 00:00:00,18.63,0.005382144,96.99,0,0,0
1992-02-17 00:00:00,17.65,-0.054037401,43.88,0,0,0
1992-02-18 00:00:00,17.7,0.002828856,97.43,0,0,0
1992-02-19 00:00:00,17.5,-0.011363759,119.04,0,0,0
1992-02-20 00:00:00,17.85,0.019802627,68.49,0,0,0
1992-02-21 00:00:00,18,0.00836825,78.96,0,0,0
1992-02-24 00:00:00,17.4,-0.033901552,76.7,0,0,0
1992-02-25 00:00:00,17.43,0.001722653,93.5,0,0,0
1992-02-26 00:00:00,17.28,-0.008643096,63.1,0,0,0
1992-02-27 00:00:00,17.55,0.015504187,37.53,0,0,0
1992-02-28 00:00:00,17.45,-0.005714301,84.75,0,0,0
1992-03-02 00:00:00,17.35,-0.005747142,51.83,0,0,0
1992-03-03 00:00:00,17.05,-0.017442303,88.5,0,0,0
1992-03-04 00:00:00,17.28,0.01339956,65.63,0,0,0
1992-03-05 00:00:00,17.43,0.008643096,60.35,0,0,0
1992-03-06 00:00:00,17.3,-0.007486358,58.18,0,0,0
1992-03-09 00:00:00,17.35,0.002886005,100.66,0,0,0
1992-03-10 00:00:00,17.35,0,88.45,0,0,0
1992-03-11 00:00:00,17.2,-0.008683123,97.67,0,0,0
1992-03-12 00:00:00,17.35,0.008683123,72.16,0,0,0
1992-03-13 00:00:00,17.73,0.021665614,106.51,0,0,0
1992-03-16 00:00:00,17.73,0,82.58,0,0,0
1992-03-17 00:00:00,17.88,0.00842465,78.46,0,0,0
1992-03-18 00:00:00,17.65,-0.012946986,75.02,0,0,0
1992-03-19 00:00:00,17.65,0,101.77,0,0,0
1992-03-20 00:00:00,17.75,0.005649733,129.25,0,0,0
1992-03-23 00:00:00,17.58,-0.009623624,103.96,0,0,0
1992-03-24 00:00:00,17.65,0.003973891,75,0,0,0
1992-03-25 00:00:00,17.7,0.002828856,58.56,0,0,0
1992-03-26 00:00:00,17.98,0.015695389,91.56,0,0,0
1992-03-27 00:00:00,17.85,-0.007256521,118.73,0,0,0
1992-03-30 00:00:00,17.98,0.007256521,134.23,0,0,0
1992-03-31 00:00:00,19.09,0.059904609,86.49,0,0,0
1992-04-01 00:00:00,18.38,-0.037901521,118.74,0,0,0
1992-04-02 00:00:00,18.53,0.008127923,88.25,0,0,0
1992-04-03 00:00:00,18.63,0.005382144,67.46,0,0,0
1992-04-06 00:00:00,18.93,0.015974781,86.22,0,0,0
1992-04-07 00:00:00,18.93,0,96.32,0,0,0
1992-04-08 00:00:00,19.18,0.013120104,108.02,0,0,0
1992-04-09 00:00:00,18.95,-0.012064138,75.29,0,0,0
1992-04-10 00:00:00,19.05,0.00526317,105.33,0,0,0
1992-04-13 00:00:00,19.03,-0.00105042,80.67,0,0,0
1992-04-14 00:00:00,18.85,-0.009503767,95.29,0,0,0
1992-04-15 00:00:00,18.6,-0.013351333,108.88,0,0,0
1992-04-16 00:00:00,18.95,0.018642351,87.53,0,0,0
1992-04-20 00:00:00,18.95,0,143.36,0,0,0
1992-04-21 00:00:00,19,0.002635048,116.39,0,0,0
1992-04-22 00:00:00,18.73,-0.014312463,72.01,0,0,0
1992-04-23 00:00:00,18.7,-0.001602993,57.94,0,0,0
1992-04-24 00:00:00,18.9,0.010638398,49.05,0,0,0
1992-04-27 00:00:00,18.9,0,88.65,0,0,0
1992-04-28 00:00:00,19.18,0.014706147,71.14,0,0,0
1992-04-29 00:00:00,19.28,0.00520022,64.56,0,0,0
1992-04-30 00:00:00,19.65,0.019009049,76.88,0,0,0
1992-05-01 00:00:00,19.83,0.009118604,52.52,0,0,0
1992-05-04 00:00:00,19.88,0.002518259,92.56,0,0,0
1992-05-05 00:00:00,19.98,0.005017572,60.54,0,0,0
1992-05-06 00:00:00,19.68,-0.015128882,92.02,0,0,0
1992-05-07 00:00:00,19.65,-0.001525553,85.38,0,0,0
1992-05-08 00:00:00,19.63,-0.00101833,44.81,0,0,0
1992-05-11 00:00:00,19.73,0.005081312,67.42,0,0,0
1992-05-12 00:00:00,19.8,0.003541618,113.03,0,0,0
1992-05-13 00:00:00,19.95,0.007547206,55.08,0,0,0
1992-05-14 00:00:00,19.75,-0.010075652,40.28,0,0,0
1992-05-15 00:00:00,19.7,-0.002534856,50.3,0,0,0
1992-05-18 00:00:00,19.7,0,111.71,0,0,0
1992-05-19 00:00:00,19.3,-0.02051354,85.93,0,0,0
1992-05-20 00:00:00,19.28,-0.001036807,94.77,0,0,0
1992-05-21 00:00:00,19.6,0.016461277,73.24,0,0,0
1992-05-22 00:00:00,19.58,-0.001020929,80.61,0,0,0
1992-05-26 00:00:00,20.5,0.045916249,138.22,0,0,0
1992-05-27 00:00:00,20.8,0.014528101,80.3,0,0,0
1992-05-28 00:00:00,20.73,-0.00337106,92.88,0,0,0
1992-05-29 00:00:00,20.7,-0.001448226,68.41,0,0,0
1992-06-01 00:00:00,20.9,0.009615459,86.24,0,0,0
1992-06-02 00:00:00,20.85,-0.002395211,56.22,0,0,0
1992-06-03 00:00:00,21.23,0.018061327,163.27,0,0,0
1992-06-04 00:00:00,21.08,-0.007090552,117.32,0,0,0
1992-06-05 00:00:00,21.35,0.012727016,138.91,0,0,0
1992-06-08 00:00:00,21.25,-0.004694844,63.99,0,0,0
1992-06-09 00:00:00,21.13,-0.005663064,139.48,0,0,0
1992-06-10 00:00:00,21.05,-0.003793271,83.23,0,0,0
1992-06-11 00:00:00,21.33,0.013213972,92.59,0,0,0
1992-06-12 00:00:00,21.28,-0.002346868,70.32,0,0,0
1992-06-15 00:00:00,21.3,0.000939408,107.01,0,0,0
1992-06-16 00:00:00,21.13,-0.008013241,126.02,0,0,0
1992-06-17 00:00:00,21.03,-0.004743842,90.34,0,0,0
1992-06-18 00:00:00,21.23,0.009465286,98.1,0,0,0
1992-06-19 00:00:00,21.13,-0.004721444,88.53,0,0,0
1992-06-22 00:00:00,20.83,-0.014299576,75.17,0,0,0
1992-06-23 00:00:00,21.35,0.024657484,80.69,0,0,0
1992-06-24 00:00:00,21.55,0.009324077,116.82,0,0,0
1992-06-25 00:00:00,21.5,-0.002322881,47.61,0,0,0
1992-06-26 00:00:00,21.3,-0.009345862,43.83,0,0,0
1992-06-29 00:00:00,21.08,-0.010382349,98.39,0,0,0
1992-06-30 00:00:00,20.6,-0.023033648,56.29,0,0,0
1992-07-01 00:00:00,20.25,-0.017136282,77.51,0,0,0
1992-07-02 00:00:00,20.53,0.013732437,53.37,0,0,0
1992-07-03 00:00:00,20.65,0.005828088,113.67,0,0,0
1992-07-06 00:00:00,20.45,-0.009732437,74.8,0,0,0
1992-07-07 00:00:00,19.8,-0.032300945,101.55,0,0,0
1992-07-08 00:00:00,19.7,-0.005063302,132.86,0,0,0
1992-07-09 00:00:00,19.78,0.00405269,79.39,0,0,0
1992-07-10 00:00:00,20,0.011060947,63.56,0,0,0
1992-07-13 00:00:00,19.83,-0.008536331,54.3,0,0,0
1992-07-14 00:00:00,19.98,0.007535831,97.43,0,0,0
1992-07-15 00:00:00,19.85,-0.006527766,28.98,0,0,0
1992-07-16 00:00:00,20.23,0.018962644,78.79,0,0,0
1992-07-17 00:00:00,20.2,-0.001484047,57.71,0,0,0
1992-07-20 00:00:00,19.95,-0.012453461,69.23,0,0,0
1992-07-21 00:00:00,20.03,0.004002006,66.08,0,0,0
1992-07-22 00:00:00,20.23,0.009935502,76.75,0,0,0
1992-07-23 00:00:00,20.48,0.012282149,112.72,0,0,0
1992-07-24 00:00:00,20.6,0.005842276,106.4,0,0,0
1992-07-27 00:00:00,20.58,-0.000971345,86.67,0,0,0
1992-07-28 00:00:00,20.78,0.009671255,94.64,0,0,0
1992-07-29 00:00:00,20.68,-0.004823936,62.19,0,0,0
1992-07-30 00:00:00,20.48,-0.009718249,30.96,0,0,0
1992-07-31 00:00:00,20.38,-0.004894772,73.13,0,0,0
1992-08-03 00:00:00,20.33,-0.0024564,66.92,0,0,0
1992-08-04 00:00:00,19.85,-0.023893621,84.22,0,0,0
1992-08-05 00:00:00,19.68,-0.008601116,66.41,0,0,0
1992-08-06 00:00:00,19.78,0.005068435,49.6,0,0,0
1992-08-07 00:00:00,19.75,-0.001517835,89.63,0,0,0
1992-08-10 00:00:00,19.55,-0.010178205,128.39,0,0,0
1992-08-11 00:00:00,19.48,-0.003586988,144.65,0,0,0
1992-08-12 00:00:00,19.65,0.00868904,80.07,0,0,0
1992-08-13 00:00:00,19.83,0.009118604,61.08,0,0,0
1992-08-14 00:00:00,19.88,0.002518259,102.1,0,0,0
1992-08-17 00:00:00,19.95,0.003514942,124.16,0,0,0
1992-08-18 00:00:00,19.9,-0.002509412,62.42,0,0,0
1992-08-19 00:00:00,19.8,-0.005037794,76.25,0,0,0
1992-08-20 00:00:00,19.63,-0.008622929,101.12,0,0,0
1992-08-21 00:00:00,19.68,0.002543883,52.4,0,0,0
1992-08-24 00:00:00,19.65,-0.001525553,65.35,0,0,0
1992-08-25 00:00:00,19.68,0.001525553,118.82,0,0,0
1992-08-26 00:00:00,19.63,-0.002543883,83.03,0,0,0
1992-08-27 00:00:00,19.5,-0.006644543,143.86,0,0,0
1992-08-28 00:00:00,19.65,0.007662873,77.64,0,0,0
1992-08-31 00:00:00,19.65,0,108.97,0,0,0
1992-09-01 00:00:00,19.88,0.011636863,75.89,0,0,0
1992-09-02 00:00:00,20,0.006018072,72.48,0,0,0
1992-09-03 00:00:00,19.95,-0.00250313,78.87,0,0,0
1992-09-04 00:00:00,20.03,0.004002006,98.39,0,0,0
1992-09-07 00:00:00,20.13,0.00498009,80.19,0,0,0
1992-09-08 00:00:00,20.3,0.008409646,86.92,0,0,0
1992-09-09 00:00:00,20.33,0.001476742,94.16,0,0,0
1992-09-10 00:00:00,20.3,-0.001476742,52.75,0,0,0
1992-09-11 00:00:00,20.35,0.002460026,56.56,0,0,0
1992-09-14 00:00:00,20.68,0.016086138,93.1,0,0,0
1992-09-15 00:00:00,20.5,-0.008742163,93.91,0,0,0
1992-09-16 00:00:00,20.43,-0.003420477,86.83,0,0,0
1992-09-17 00:00:00,20.35,-0.003923497,56.83,0,0,0
1992-09-18 00:00:00,20.3,-0.002460026,99.27,0,0,0
1992-09-21 00:00:00,20.15,-0.007416598,83.86,0,0,0
1992-09-22 00:00:00,20.33,0.008893339,104.61,0,0,0
1992-09-23 00:00:00,20.53,0.009789603,45.23,0,0,0
1992-09-24 00:00:00,20.43,-0.004882822,64.26,0,0,0
1992-09-25 00:00:00,20.33,-0.004906781,46.96,0,0,0
1992-09-28 00:00:00,20.28,-0.002462449,99.33,0,0,0
1992-09-29 00:00:00,20.18,-0.004943164,75.49,0,0,0
1992-09-30 00:00:00,20.18,0,90.34,0,0,0
1992-10-01 00:00:00,20.28,0.004943164,56.99,0,0,0
1992-10-02 00:00:00,20.4,0.005899722,74.64,0,0,0
1992-10-05 00:00:00,20.2,-0.009852296,54.9,0,0,0
1992-10-06 00:00:00,20.23,0.001484047,34.51,0,0,0
1992-10-07 00:00:00,20.28,0.002468528,50.45,0,0,0
1992-10-08 00:00:00,20.48,0.009813621,74.64,0,0,0
1992-10-09 00:00:00,20.48,0,67.53,0,0,0
1992-10-12 00:00:00,20.8,0.015504187,126.68,0,0,0
1992-10-13 00:00:00,20.83,0.001441269,78.66,0,0,0
1992-10-14 00:00:00,20.68,-0.007227206,58.04,0,0,0
1992-10-15 00:00:00,20.73,0.002414877,56.56,0,0,0
1992-10-16 00:00:00,20.78,0.002409059,83.07,0,0,0
1992-10-19 00:00:00,20.73,-0.002409059,74.44,0,0,0
1992-10-20 00:00:00,20.68,-0.002414877,66.17,0,0,0
1992-10-21 00:00:00,20.28,-0.019531871,61.96,0,0,0
1992-10-22 00:00:00,20.13,-0.007423939,82.81,0,0,0
1992-10-23 00:00:00,20.03,-0.00498009,90.31,0,0,0
1992-10-26 00:00:00,19.78,-0.012559823,72.96,0,0,0
1992-10-27 00:00:00,19.78,0,74.69,0,0,0
1992-10-28 00:00:00,19.65,-0.006593988,89.07,0,0,0
1992-10-29 00:00:00,19.4,-0.012804272,55.21,0,0,0
1992-10-30 00:00:00,19.13,-0.014015283,50.68,0,0,0
1992-11-02 00:00:00,19.25,0.006253277,76.59,0,0,0
1992-11-03 00:00:00,19.35,0.005181359,79.93,0,0,0
1992-11-04 00:00:00,19.03,-0.016675738,58.8,0,0,0
1992-11-05 00:00:00,19.2,0.008893598,54.64,0,0,0
1992-11-06 00:00:00,19.13,-0.003652496,93.01,0,0,0
1992-11-09 00:00:00,19.1,-0.001569448,163.46,0,0,0
1992-11-10 00:00:00,19.53,0.02226341,140.87,0,0,0
1992-11-11 00:00:00,19.4,-0.006678679,130.76,0,0,0
1992-11-12 00:00:00,19.18,-0.011404997,55.15,0,0,0
1992-11-13 00:00:00,19.05,-0.006800968,86.28,0,0,0
1992-11-16 00:00:00,19.2,0.007843177,132.31,0,0,0
1992-11-17 00:00:00,19.15,-0.002607563,99.63,0,0,0
1992-11-18 00:00:00,19.1,-0.002614381,84.29,0,0,0
1992-11-19 00:00:00,19.48,0.019699963,89.44,0,0,0
1992-11-20 00:00:00,19.48,0,81.61,0,0,0
1992-11-23 00:00:00,19.15,-0.017085583,148.77,0,0,0
1992-11-24 00:00:00,19.18,0.001565354,116.7,0,0,0
1992-11-25 00:00:00,19.28,0.00520022,96.69,0,0,0
1992-11-26 00:00:00,18.93,-0.018320324,93.09,0,0,0
1992-11-27 00:00:00,19.08,0.007892701,54.3,0,0,0
1992-11-30 00:00:00,19.25,0.008870395,147.79,0,0,0
1992-12-01 00:00:00,18.65,-0.031664915,143.22,0,0,0
1992-12-02 00:00:00,18.38,-0.014583029,86.94,0,0,0
1992-12-03 00:00:00,18.2,-0.009841523,60.66,0,0,0
1992-12-04 00:00:00,18.35,0.00820798,105.35,0,0,0
1992-12-07 00:00:00,18.25,-0.005464494,76.92,0,0,0
1992-12-08 00:00:00,18.08,-0.009358725,128.95,0,0,0
1992-12-09 00:00:00,17.8,-0.015607898,84.29,0,0,0
1992-12-10 00:00:00,18.28,0.026609109,31.38,0,0,0
1992-12-11 00:00:00,18.2,-0.004385972,61.14,0,0,0
1992-12-14 00:00:00,18.03,-0.009384557,80.55,0,0,0
1992-12-15 00:00:00,17.8,-0.01283858,49.37,0,0,0
1992-12-16 00:00:00,17.9,0.005602256,89.64,0,0,0
1992-12-17 00:00:00,18.18,0.015521376,88.29,0,0,0
1992-12-18 00:00:00,18.3,0.006578971,54.37,0,0,0
1992-12-21 00:00:00,18.33,0.001638002,72.46,0,0,0
1992-12-22 00:00:00,18.08,-0.013732707,121.31,0,0,0
1992-12-23 00:00:00,18.23,0.008262234,122.02,0,0,0
1992-12-24 00:00:00,18.28,0.002738977,85.28,0,0,0
1992-12-29 00:00:00,17.93,-0.019332278,106.86,0,0,0
1992-12-30 00:00:00,17.83,-0.005592856,143.07,0,0,0
1992-12-31 00:00:00,17.85,0.001121076,88.65,0,0,0
1993-01-04 00:00:00,17.73,-0.006745388,122.35,0,0,0
1993-01-05 00:00:00,17.48,-0.01420075,119.93,0,0,0
1993-01-06 00:00:00,17.53,0.002856329,84.32,0,0,0
1993-01-07 00:00:00,17.58,0.002848193,154.16,0,0,0
1993-01-08 00:00:00,17.23,-0.020109842,131.09,0,0,0
1993-01-11 00:00:00,17.28,0.002897713,149.13,0,0,0
1993-01-12 00:00:00,16.85,-0.025199107,160.48,0,0,0
1993-01-13 00:00:00,16.85,0,129.98,0,0,0
1993-01-14 00:00:00,17,0.008862687,257.9,0,0,0
1993-01-15 00:00:00,17.28,0.016336419,184.59,0,0,0
1993-01-18 00:00:00,17.25,-0.00173762,172.31,0,0,0
1993-01-19 00:00:00,16.98,-0.015775963,172.45,0,0,0
1993-01-20 00:00:00,16.7,-0.016627461,96.48,0,0,0
1993-01-21 00:00:00,16.88,0.01072077,96.8,0,0,0
1993-01-22 00:00:00,17.08,0.011778699,113.76,0,0,0
1993-01-25 00:00:00,17.58,0.028853704,183.15,0,0,0
1993-01-26 00:00:00,17.93,0.019713395,140.72,0,0,0
1993-01-27 00:00:00,17.88,-0.002792518,81.06,0,0,0
1993-01-28 00:00:00,18.15,0.014987791,113.42,0,0,0
1993-01-29 00:00:00,18.48,0.018018506,112.97,0,0,0
1993-02-01 00:00:00,18.55,0.003780723,133.13,0,0,0
1993-02-02 00:00:00,18.4,-0.008119124,154.07,0,0,0
1993-02-04 00:00:00,18.65,0.013495481,98.1,0,0,0
1993-02-05 00:00:00,18.7,0.002677378,99.52,0,0,0
1993-02-08 00:00:00,18.55,-0.008053735,69.44,0,0,0
1993-02-09 00:00:00,18.33,-0.011930727,100.62,0,0,0
1993-02-10 00:00:00,18.48,0.008150004,83.38,0,0,0
1993-02-11 00:00:00,18.43,-0.002709295,111.8,0,0,0
1993-02-12 00:00:00,18.48,0.002709295,107.98,0,0,0
1993-02-15 00:00:00,17.98,-0.027429037,81.73,0,0,0
1993-02-16 00:00:00,18.2,0.012161565,82.52,0,0,0
1993-02-17 00:00:00,17.93,-0.014946306,57.71,0,0,0
1993-02-18 00:00:00,17.83,-0.005592856,101.57,0,0,0
1993-02-19 00:00:00,18.3,0.026018628,90.8,0,0,0
1993-02-22 00:00:00,18.63,0.017872125,72.2,0,0,0
1993-02-23 00:00:00,18.88,0.013329976,85.84,0,0,0
1993-02-24 00:00:00,18.88,0,97.32,0,0,0
1993-02-25 00:00:00,18.83,-0.002651818,118.08,0,0,0
1993-02-26 00:00:00,18.83,0,92.3,0,0,0
1993-03-01 00:00:00,19.03,0.010565339,104.47,0,0,0
1993-03-02 00:00:00,18.83,-0.010565339,86.96,0,0,0
1993-03-03 00:00:00,18.93,0.005296623,60.02,0,0,0
1993-03-04 00:00:00,19.35,0.021944454,55.41,0,0,0
1993-03-05 00:00:00,19.6,0.012837147,66.99,0,0,0
1993-03-08 00:00:00,19.28,-0.016461277,96.44,0,0,0
1993-03-09 00:00:00,19.23,-0.00259673,130.66,0,0,0
1993-03-10 00:00:00,19.08,-0.007830894,72.26,0,0,0
1993-03-11 00:00:00,18.7,-0.020117142,87.69,0,0,0
1993-03-12 00:00:00,18.83,0.006927819,127.54,0,0,0
1993-03-15 00:00:00,18.88,0.002651818,58.53,0,0,0
1993-03-16 00:00:00,18.55,-0.017633372,100.26,0,0,0
1993-03-17 00:00:00,18.6,0.002691792,138.65,0,0,0
1993-03-18 00:00:00,18.7,0.005361943,88.12,0,0,0
1993-03-19 00:00:00,18.58,-0.00643779,114.81,0,0,0
1993-03-22 00:00:00,18.18,-0.021763645,113.62,0,0,0
1993-03-23 00:00:00,18.23,0.0027465,134.66,0,0,0
1993-03-24 00:00:00,18.53,0.016322452,77.13,0,0,0
1993-03-25 00:00:00,18.6,0.00377054,104.48,0,0,0
1993-03-26 00:00:00,18.55,-0.002691792,152.01,0,0,0
1993-03-29 00:00:00,18.65,0.005376357,83.34,0,0,0
1993-03-30 00:00:00,18.45,-0.010781776,129.16,0,0,0
1993-03-31 00:00:00,18.7,0.013459153,90.38,0,0,0
1993-04-01 00:00:00,18.98,0.014862269,109.31,0,0,0
1993-04-02 00:00:00,18.88,-0.005282632,102.48,0,0,0
1993-04-05 00:00:00,18.95,0.003700771,116.5,0,0,0
1993-04-06 00:00:00,18.65,-0.015957785,80.51,0,0,0
1993-04-07 00:00:00,18.7,0.002677378,121.42,0,0,0
1993-04-08 00:00:00,18.53,-0.009132484,151.32,0,0,0
1993-04-13 00:00:00,18.8,0.01446583,134.46,0,0,0
1993-04-14 00:00:00,18.73,-0.003730353,138.53,0,0,0
1993-04-15 00:00:00,18.63,-0.005353332,139.88,0,0,0
1993-04-16 00:00:00,18.5,-0.007002453,111.4,0,0,0
1993-04-19 00:00:00,18.48,-0.001081666,146.08,0,0,0
1993-04-20 00:00:00,18.53,0.002701974,123.94,0,0,0
1993-04-21 00:00:00,18.68,0.008062393,89.21,0,0,0
1993-04-22 00:00:00,18.48,-0.010764367,101.22,0,0,0
1993-04-23 00:00:00,18.63,0.008084118,86.91,0,0,0
1993-04-26 00:00:00,18.63,0,123.28,0,0,0
1993-04-27 00:00:00,18.58,-0.002687451,132.65,0,0,0
1993-04-28 00:00:00,18.48,-0.005396667,110.42,0,0,0
1993-04-29 00:00:00,18.8,0.017167804,108.97,0,0,0
1993-04-30 00:00:00,18.85,0.002656044,133.03,0,0,0
1993-05-04 00:00:00,18.9,0.002649008,159.3,0,0,0
1993-05-05 00:00:00,18.85,-0.002649008,106.49,0,0,0
1993-05-06 00:00:00,19.13,0.01474487,127.52,0,0,0
1993-05-07 00:00:00,18.98,-0.00787199,190.49,0,0,0
1993-05-10 00:00:00,18.98,0,119.22,0,0,0
1993-05-11 00:00:00,18.83,-0.007934451,101.64,0,0,0
1993-05-12 00:00:00,18.9,0.003710579,113.31,0,0,0
1993-05-13 00:00:00,18.7,-0.010638398,104.21,0,0,0
1993-05-14 00:00:00,18.4,-0.016172859,123.55,0,0,0
1993-05-17 00:00:00,18.28,-0.006543099,174.13,0,0,0
1993-05-18 00:00:00,18.18,-0.005485477,140.96,0,0,0
1993-05-19 00:00:00,18.13,-0.002754064,102.45,0,0,0
1993-05-20 00:00:00,18.1,-0.001656086,67.67,0,0,0
1993-05-21 00:00:00,18.05,-0.002766253,71.38,0,0,0
1993-05-24 00:00:00,18.15,0.005524876,128.33,0,0,0
1993-05-25 00:00:00,18.15,0,128.54,0,0,0
1993-05-26 00:00:00,18.08,-0.003864206,133.88,0,0,0
1993-05-27 00:00:00,18.43,0.019173417,67.54,0,0,0
1993-05-28 00:00:00,18.43,0,65.73,0,0,0
1993-06-01 00:00:00,18.48,0.002709295,152.11,0,0,0
1993-06-02 00:00:00,18.48,0,42.67,0,0,0
1993-06-03 00:00:00,18.15,-0.018018506,62.25,0,0,0
1993-06-04 00:00:00,18.25,0.005494519,101.83,0,0,0
1993-06-07 00:00:00,18,-0.013793322,106.86,0,0,0
1993-06-08 00:00:00,18.23,0.012696831,92.84,0,0,0
1993-06-09 00:00:00,18.23,0,92.11,0,0,0
1993-06-10 00:00:00,18.2,-0.001646995,66.57,0,0,0
1993-06-11 00:00:00,17.63,-0.031819598,80.48,0,0,0
1993-06-14 00:00:00,17.58,-0.002840104,69.19,0,0,0
1993-06-15 00:00:00,17.3,-0.016055391,95.17,0,0,0
1993-06-16 00:00:00,17.33,0.001732602,127.41,0,0,0
1993-06-17 00:00:00,17.23,-0.005787053,99.63,0,0,0
1993-06-18 00:00:00,17.13,-0.005820738,104.33,0,0,0
1993-06-21 00:00:00,17.18,0.002914604,93.86,0,0,0
1993-06-22 00:00:00,17.18,0,139.15,0,0,0
1993-06-23 00:00:00,17.18,0,146.47,0,0,0
1993-06-24 00:00:00,17.23,0.002906134,104.64,0,0,0
1993-06-25 00:00:00,17.23,0,124.61,0,0,0
1993-06-28 00:00:00,17.23,0,190.78,0,0,0
1993-06-29 00:00:00,17.48,0.01440532,169.5,0,0,0
1993-06-30 00:00:00,17.43,-0.002864511,117.78,0,0,0
1993-07-01 00:00:00,16.98,-0.026156679,105.79,0,0,0
1993-07-02 00:00:00,16.63,-0.020827888,136.23,0,0,0
1993-07-05 00:00:00,16.88,0.014921196,143.56,0,0,0
1993-07-06 00:00:00,17.13,0.014701823,143.46,0,0,0
1993-07-07 00:00:00,16.9,-0.01351769,155.54,0,0,0
1993-07-08 00:00:00,16.55,-0.02092752,100.48,0,0,0
1993-07-09 00:00:00,16.53,-0.00120919,101.23,0,0,0
1993-07-12 00:00:00,16.78,0.015010789,175.73,0,0,0
1993-07-13 00:00:00,16.95,0.010080133,136.68,0,0,0
1993-07-14 00:00:00,16.5,-0.026907453,132.2,0,0,0
1993-07-15 00:00:00,16.48,-0.001212856,133.17,0,0,0
1993-07-16 00:00:00,16.6,0.007255171,128.21,0,0,0
1993-07-19 00:00:00,16.58,-0.001205546,141.84,0,0,0
1993-07-20 00:00:00,16.58,0,145.96,0,0,0
1993-07-21 00:00:00,16.73,0.009006365,115.22,0,0,0
1993-07-22 00:00:00,16.65,-0.004793299,97.43,0,0,0
1993-07-23 00:00:00,16.85,0.01194044,112.77,0,0,0
1993-07-26 00:00:00,16.85,0,132.5,0,0,0
1993-07-27 00:00:00,16.85,0,118.6,0,0,0
1993-07-28 00:00:00,17.13,0.016480656,159.41,0,0,0
1993-07-29 00:00:00,17.08,-0.002923124,118.43,0,0,0
1993-07-30 00:00:00,16.85,-0.013557532,88.29,0,0,0
1993-08-02 00:00:00,16.85,0,113.91,0,0,0
1993-08-03 00:00:00,16.53,-0.019173745,115.94,0,0,0
1993-08-04 00:00:00,16.63,0.006031381,101.44,0,0,0
1993-08-05 00:00:00,16.6,-0.001805598,87.45,0,0,0
1993-08-06 00:00:00,16.38,-0.013341617,73.53,0,0,0
1993-08-09 00:00:00,16.45,0.004264399,69.79,0,0,0
1993-08-10 00:00:00,16.3,-0.009160369,116.96,0,0,0
1993-08-11 00:00:00,16.58,0.017032042,75.1,0,0,0
1993-08-12 00:00:00,16.78,0.011990551,87,0,0,0
1993-08-13 00:00:00,16.93,0.008899495,91.73,0,0,0
1993-08-16 00:00:00,16.8,-0.00770831,114.54,0,0,0
1993-08-17 00:00:00,16.88,0.004750603,89.31,0,0,0
1993-08-18 00:00:00,16.63,-0.014921196,107.24,0,0,0
1993-08-19 00:00:00,16.63,0,91.14,0,0,0
1993-08-20 00:00:00,16.68,0.003002104,95.06,0,0,0
1993-08-23 00:00:00,16.83,0.008952611,118.31,0,0,0
1993-08-24 00:00:00,16.93,0.005924188,82.3,0,0,0
1993-08-25 00:00:00,16.68,-0.014876799,139.39,0,0,0
1993-08-26 00:00:00,16.75,0.004187861,153.99,0,0,0
1993-08-27 00:00:00,17.05,0.017751945,152.34,0,0,0
1993-08-31 00:00:00,16.73,-0.018946689,48.92,0,0,0
1993-09-01 00:00:00,16.55,-0.010817413,68.65,0,0,0
1993-09-02 00:00:00,16.5,-0.003025721,67.26,0,0,0
1993-09-03 00:00:00,16.33,-0.010356474,105.47,0,0,0
1993-09-06 00:00:00,16.23,-0.006142525,80.55,0,0,0
1993-09-07 00:00:00,15.85,-0.023691881,111.91,0,0,0
1993-09-08 00:00:00,15.65,-0.012698583,60.01,0,0,0
1993-09-09 00:00:00,15.73,0.0050988,103.31,0,0,0
1993-09-10 00:00:00,15.43,-0.019256051,103.92,0,0,0
1993-09-13 00:00:00,15.43,0,78.48,0,0,0
1993-09-14 00:00:00,15.58,0.009674374,95.08,0,0,0
1993-09-15 00:00:00,15.35,-0.014872566,64.8,0,0,0
1993-09-16 00:00:00,15.43,0.005198192,122.81,0,0,0
1993-09-17 00:00:00,15.55,0.007746972,77.66,0,0,0
1993-09-20 00:00:00,16.03,0.030401328,103,0,0,0
1993-09-21 00:00:00,16.25,0.013630942,89.92,0,0,0
1993-09-22 00:00:00,15.88,-0.023032453,109.09,0,0,0
1993-09-23 00:00:00,15.88,0,95.87,0,0,0
1993-09-24 00:00:00,16.1,0.013758816,74.7,0,0,0
1993-09-27 00:00:00,16.1,0,84.63,0,0,0
1993-09-28 00:00:00,16.4,0.018462063,153.64,0,0,0
1993-09-29 00:00:00,16.78,0.022906366,80.71,0,0,0
1993-09-30 00:00:00,17.23,0.02646435,81.95,0,0,0
1993-10-01 00:00:00,17.08,-0.008743862,161.27,0,0,0
1993-10-04 00:00:00,16.9,-0.010594566,122.84,0,0,0
1993-10-05 00:00:00,16.78,-0.007125921,128.97,0,0,0
1993-10-06 00:00:00,16.98,0.01184848,89.72,0,0,0
1993-10-07 00:00:00,16.88,-0.005906692,84.46,0,0,0
1993-10-08 00:00:00,16.98,0.005906692,99.35,0,0,0
1993-10-11 00:00:00,17.13,0.008795131,66.17,0,0,0
1993-10-12 00:00:00,17.15,0.001166861,129.54,0,0,0
1993-10-13 00:00:00,17,-0.00878483,136.94,0,0,0
1993-10-14 00:00:00,16.8,-0.011834458,113.22,0,0,0
1993-10-15 00:00:00,16.7,-0.005970167,98.55,0,0,0
1993-10-18 00:00:00,16.5,-0.012048339,117.88,0,0,0
1993-10-19 00:00:00,16.53,0.001816531,149.08,0,0,0
1993-10-20 00:00:00,16.68,0.009033485,140.8,0,0,0
1993-10-21 00:00:00,16.88,0.011919092,87.33,0,0,0
1993-10-22 00:00:00,16.48,-0.023981965,122.21,0,0,0
1993-10-25 00:00:00,16.13,-0.021466632,160.56,0,0,0
1993-10-26 00:00:00,15.95,-0.011222063,142.75,0,0,0
1993-10-27 00:00:00,15.95,0,101.15,0,0,0
1993-10-28 00:00:00,15.83,-0.007551955,92.38,0,0,0
1993-10-29 00:00:00,15.43,-0.025593208,106.75,0,0,0
1993-11-01 00:00:00,15.83,0.025593208,107.79,0,0,0
1993-11-02 00:00:00,15.63,-0.012714729,77.31,0,0,0
1993-11-03 00:00:00,15.83,0.012714729,111.66,0,0,0
1993-11-04 00:00:00,15.78,-0.003163558,76.34,0,0,0
1993-11-05 00:00:00,15.73,-0.003173598,65.53,0,0,0
1993-11-08 00:00:00,15.28,-0.029024933,92.35,0,0,0
1993-11-09 00:00:00,15.33,0.003266909,81.98,0,0,0
1993-11-10 00:00:00,15.23,-0.006544526,63.78,0,0,0
1993-11-11 00:00:00,15.18,-0.003288395,96.64,0,0,0
1993-11-12 00:00:00,15.08,-0.006609409,60.29,0,0,0
1993-11-15 00:00:00,15.25,0.01121014,68.84,0,0,0
1993-11-16 00:00:00,15.33,0.00523219,72.63,0,0,0
1993-11-17 00:00:00,15.55,0.014248946,121.7,0,0,0
1993-11-18 00:00:00,15.4,-0.009693129,91.4,0,0,0
1993-11-19 00:00:00,15.25,-0.009788006,107.98,0,0,0
1993-11-22 00:00:00,15.35,0.006535971,73.79,0,0,0
1993-11-23 00:00:00,15.25,-0.006535971,93.36,0,0,0
1993-11-24 00:00:00,15.13,-0.007899975,77.2,0,0,0
1993-11-25 00:00:00,14.35,-0.052929586,67.24,0,0,0
1993-11-26 00:00:00,14.28,-0.004889985,72.09,0,0,0
1993-11-29 00:00:00,14.05,-0.016237561,80.79,0,0,0
1993-11-30 00:00:00,14.23,0.012730016,109.36,0,0,0
1993-12-01 00:00:00,14.43,0.013956961,91.24,0,0,0
1993-12-02 00:00:00,14.15,-0.019594749,47.07,0,0,0
1993-12-03 00:00:00,13.95,-0.014235116,77.62,0,0,0
1993-12-06 00:00:00,13.9,-0.003590668,63.34,0,0,0
1993-12-07 00:00:00,13.88,-0.001439885,66.19,0,0,0
1993-12-08 00:00:00,13.45,-0.031469849,125.89,0,0,0
1993-12-09 00:00:00,13.6,0.011090687,85.87,0,0,0
1993-12-10 00:00:00,13.8,0.014598799,103.42,0,0,0
1993-12-13 00:00:00,13.9,0.007220248,58.87,0,0,0
1993-12-14 00:00:00,14.78,0.061386075,108.23,0,0,0
1993-12-15 00:00:00,13.8,-0.068606323,80.14,0,0,0
1993-12-16 00:00:00,13.63,-0.012395346,82.18,0,0,0
1993-12-17 00:00:00,13.85,0.016011987,104.54,0,0,0
1993-12-20 00:00:00,13.63,-0.016011987,91.29,0,0,0
1993-12-21 00:00:00,13.45,-0.01329414,100.76,0,0,0
1993-12-22 00:00:00,13.6,0.011090687,53.76,0,0,0
1993-12-23 00:00:00,13.55,-0.003683245,75.52,0,0,0
1993-12-24 00:00:00,13.38,-0.012625493,96.93,0,0,0
1993-12-29 00:00:00,13.13,-0.018861366,73.1,0,0,0
1993-12-30 00:00:00,13.2,0.005317141,28.25,0,0,0
1993-12-31 00:00:00,13.18,-0.001516301,119.33,0,0,0
1994-01-04 00:00:00,13.43,0.018790481,108.88,0,0,0
1994-01-05 00:00:00,14.1,0.048683787,98.52,0,0,0
1994-01-06 00:00:00,14.55,0.031416196,118.06,0,0,0
1994-01-07 00:00:00,14.63,0.005483221,109.06,0,0,0
1994-01-10 00:00:00,14.15,-0.033359591,81.29,0,0,0
1994-01-11 00:00:00,14.1,-0.003539827,114.77,0,0,0
1994-01-12 00:00:00,13.9,-0.014285957,113.44,0,0,0
1994-01-13 00:00:00,13.75,-0.010850016,84.27,0,0,0
1994-01-14 00:00:00,14.1,0.025135973,92.11,0,0,0
1994-01-17 00:00:00,14.4,0.021053409,75.29,0,0,0
1994-01-18 00:00:00,14.1,-0.021053409,99.01,0,0,0
1994-01-19 00:00:00,14.25,0.010582109,81.74,0,0,0
1994-01-20 00:00:00,14.1,-0.010582109,33.09,0,0,0
1994-01-21 00:00:00,14.23,0.009177615,60.16,0,0,0
1994-01-24 00:00:00,14.35,0.00839753,103.89,0,0,0
1994-01-25 00:00:00,14.63,0.019324273,100.03,0,0,0
1994-01-26 00:00:00,14.8,0.011552966,81.52,0,0,0
1994-01-27 00:00:00,14.78,-0.001352265,86.82,0,0,0
1994-01-28 00:00:00,14.65,-0.00883458,94.15,0,0,0
1994-01-31 00:00:00,14.83,0.012211821,91.67,0,0,0
1994-02-01 00:00:00,15.03,0.013396048,73.16,0,0,0
1994-02-02 00:00:00,15.4,0.024319306,88.66,0,0,0
1994-02-03 00:00:00,15.48,0.005181359,87.17,0,0,0
1994-02-04 00:00:00,14.93,-0.036176257,101.3,0,0,0
1994-02-07 00:00:00,14.6,-0.022351083,118.46,0,0,0
1994-02-08 00:00:00,14.13,-0.032721332,182.71,0,0,0
1994-02-09 00:00:00,13.53,-0.043390755,133.26,0,0,0
1994-02-10 00:00:00,13.58,0.00368868,124.56,0,0,0
1994-02-11 00:00:00,13.7,0.008797711,128.04,0,0,0
1994-02-14 00:00:00,13.4,-0.022141126,168.3,0,0,0
1994-02-15 00:00:00,13.13,-0.020355019,147.74,0,0,0
1994-02-16 00:00:00,13.08,-0.003815342,193.41,0,0,0
1994-02-17 00:00:00,13.28,0.015174798,157.13,0,0,0
1994-02-18 00:00:00,13,-0.021309787,112.7,0,0,0
1994-02-21 00:00:00,13.05,0.003838776,161.13,0,0,0
1994-02-22 00:00:00,13.2,0.011428696,140.56,0,0,0
1994-02-23 00:00:00,13.2,0,109.29,0,0,0
1994-02-24 00:00:00,13.4,0.015037877,114.67,0,0,0
1994-02-25 00:00:00,13.33,-0.005237573,81.75,0,0,0
1994-02-28 00:00:00,13.59,0.019317094,88.62,0,0,0
1994-03-01 00:00:00,13.45,-0.010355122,94.43,0,0,0
1994-03-02 00:00:00,13.5,0.003710579,112.29,0,0,0
1994-03-03 00:00:00,13.55,0.003696862,93.31,0,0,0
1994-03-04 00:00:00,13.43,-0.008895537,130.89,0,0,0
1994-03-07 00:00:00,13.13,-0.022591322,109.61,0,0,0
1994-03-08 00:00:00,13.15,0.00152207,105.76,0,0,0
1994-03-09 00:00:00,13.3,0.011342277,106.63,0,0,0
1994-03-10 00:00:00,13.23,-0.005277057,128.32,0,0,0
1994-03-11 00:00:00,13.7,0.034908855,112.81,0,0,0
1994-03-14 00:00:00,14.03,0.023802061,71.58,0,0,0
1994-03-15 00:00:00,14.28,0.017662063,63.7,0,0,0
1994-03-16 00:00:00,14.3,0.00139958,100.49,0,0,0
1994-03-17 00:00:00,14.25,-0.003502631,85.96,0,0,0
1994-03-18 00:00:00,14.05,-0.014134511,111.96,0,0,0
1994-03-21 00:00:00,14.55,0.034968598,117.29,0,0,0
1994-03-22 00:00:00,14.8,0.017036187,136.33,0,0,0
1994-03-23 00:00:00,14.5,-0.020478531,112.67,0,0,0
1994-03-24 00:00:00,14.53,0.002066828,91.92,0,0,0
1994-03-25 00:00:00,14.58,0.003435249,72.23,0,0,0
1994-03-28 00:00:00,13.75,-0.058611902,120.77,0,0,0
1994-03-29 00:00:00,13.38,-0.027277769,53.61,0,0,0
1994-03-30 00:00:00,13.23,-0.011274077,64.03,0,0,0
1994-03-31 00:00:00,13.25,0.001510574,100.27,0,0,0
1994-04-05 00:00:00,14.33,0.078357689,85.64,0,0,0
1994-04-06 00:00:00,14.33,0,65.03,0,0,0
1994-04-07 00:00:00,14.4,0.004872965,65.92,0,0,0
1994-04-08 00:00:00,14.3,-0.006968669,98.73,0,0,0
1994-04-11 00:00:00,14.73,0.029626693,103.78,0,0,0
1994-04-12 00:00:00,14.8,0.00474095,100.15,0,0,0
1994-04-13 00:00:00,15,0.01342302,87.56,0,0,0
1994-04-14 00:00:00,15.28,0.018494583,77.04,0,0,0
1994-04-15 00:00:00,15.23,-0.003277617,138.91,0,0,0
1994-04-18 00:00:00,15.48,0.016281701,129.4,0,0,0
1994-04-19 00:00:00,15.13,-0.02286934,107.1,0,0,0
1994-04-20 00:00:00,15.3,0.011173301,156.44,0,0,0
1994-04-21 00:00:00,15.63,0.021339316,105.41,0,0,0
1994-04-22 00:00:00,16.28,0.040745216,156.93,0,0,0
1994-04-25 00:00:00,16.38,0.006123718,129.59,0,0,0
1994-04-26 00:00:00,16.05,-0.020352229,104.92,0,0,0
1994-04-27 00:00:00,15.75,-0.018868484,104.08,0,0,0
1994-04-28 00:00:00,15.65,-0.006369448,87.92,0,0,0
1994-04-29 00:00:00,15.35,-0.019355443,98.78,0,0,0
1994-05-03 00:00:00,15.93,0.03708865,128.86,0,0,0
1994-05-04 00:00:00,15.95,0.001254705,129.16,0,0,0
1994-05-05 00:00:00,15.85,-0.006289329,90.25,0,0,0
1994-05-06 00:00:00,16.25,0.024923408,163.79,0,0,0
1994-05-09 00:00:00,16.33,0.004910998,141.31,0,0,0
1994-05-10 00:00:00,16.25,-0.004910998,120.05,0,0,0
1994-05-11 00:00:00,16.1,-0.009273637,80.79,0,0,0
1994-05-12 00:00:00,16.25,0.009273637,97.52,0,0,0
1994-05-13 00:00:00,16.5,0.015267472,137.19,0,0,0
1994-05-16 00:00:00,16.23,-0.016498999,106.59,0,0,0
1994-05-17 00:00:00,15.83,-0.024954508,96.63,0,0,0
1994-05-18 00:00:00,15.98,0.009431066,93.17,0,0,0
1994-05-19 00:00:00,16.15,0.010582109,69.74,0,0,0
1994-05-20 00:00:00,16.23,0.004941332,86.67,0,0,0
1994-05-23 00:00:00,16.63,0.024346912,107.83,0,0,0
1994-05-24 00:00:00,16.63,0,131.77,0,0,0
1994-05-25 00:00:00,16.33,-0.018204386,125.45,0,0,0
1994-05-26 00:00:00,16.08,-0.015427643,126.07,0,0,0
1994-05-27 00:00:00,16.08,0,145.64,0,0,0
1994-05-31 00:00:00,16.18,0.006199648,107.93,0,0,0
1994-06-01 00:00:00,16.4,0.013505423,147.67,0,0,0
1994-06-02 00:00:00,16.35,-0.003053437,80.71,0,0,0
1994-06-03 00:00:00,16.13,-0.013547005,132.11,0,0,0
1994-06-06 00:00:00,16.18,0.003095019,87.94,0,0,0
1994-06-07 00:00:00,15.95,-0.014317082,96.52,0,0,0
1994-06-08 00:00:00,15.65,-0.018987912,99.16,0,0,0
1994-06-09 00:00:00,16.13,0.030209975,115.48,0,0,0
1994-06-10 00:00:00,16.38,0.015380186,155.38,0,0,0
1994-06-13 00:00:00,16.23,-0.009199697,204.32,0,0,0
1994-06-14 00:00:00,16.4,0.010419953,132.06,0,0,0
1994-06-15 00:00:00,16.73,0.01992218,159.33,0,0,0
1994-06-16 00:00:00,16.88,0.008925974,122.93,0,0,0
1994-06-17 00:00:00,17.13,0.014701823,120.09,0,0,0
1994-06-20 00:00:00,17.38,0.014488808,163.99,0,0,0
1994-06-21 00:00:00,17.63,0.014281877,140.3,0,0,0
1994-06-22 00:00:00,17.48,-0.008544626,95.41,0,0,0
1994-06-23 00:00:00,17.3,-0.010350869,113.68,0,0,0
1994-06-24 00:00:00,17.4,0.005763705,159.52,0,0,0
1994-06-27 00:00:00,17.4,0,149.02,0,0,0
1994-06-28 00:00:00,16.98,-0.024434025,118.69,0,0,0
1994-06-29 00:00:00,17.23,0.01461587,103.07,0,0,0
1994-06-30 00:00:00,17.45,0.012687598,73.68,0,0,0
1994-07-01 00:00:00,17.65,0.011396135,55.5,0,0,0
1994-07-04 00:00:00,17.5,-0.008534902,107.85,0,0,0
1994-07-05 00:00:00,17.13,-0.021369569,121.6,0,0,0
1994-07-06 00:00:00,16.9,-0.01351769,149.14,0,0,0
1994-07-07 00:00:00,16.78,-0.007125921,121.11,0,0,0
1994-07-08 00:00:00,17,0.013025643,131.05,0,0,0
1994-07-11 00:00:00,17.48,0.027844026,131.63,0,0,0
1994-07-12 00:00:00,18.25,0.04310771,72.01,0,0,0
1994-07-13 00:00:00,18.25,0,113.39,0,0,0
1994-07-14 00:00:00,18.33,0.004373982,99.89,0,0,0
1994-07-15 00:00:00,18.15,-0.009868501,77.61,0,0,0
1994-07-18 00:00:00,17.5,-0.03646968,110,0,0,0
1994-07-19 00:00:00,17.2,-0.017291497,88.8,0,0,0
1994-07-20 00:00:00,17.35,0.008683123,82.91,0,0,0
1994-07-21 00:00:00,17.45,0.005747142,72.51,0,0,0
1994-07-22 00:00:00,17.58,0.007422244,104.33,0,0,0
1994-07-25 00:00:00,17.35,-0.013169386,72.41,0,0,0
1994-07-26 00:00:00,17.43,0.004600353,99.02,0,0,0
1994-07-27 00:00:00,17.83,0.022689572,128.02,0,0,0
1994-07-28 00:00:00,18,0.009489326,125.97,0,0,0
1994-07-29 00:00:00,18.48,0.026317308,143.7,0,0,0
1994-08-01 00:00:00,19.03,0.029327615,178.69,0,0,0
1994-08-02 00:00:00,18.48,-0.029327615,119.04,0,0,0
1994-08-03 00:00:00,18.48,0,87.07,0,0,0
1994-08-04 00:00:00,18.43,-0.002709295,113.22,0,0,0
1994-08-05 00:00:00,17.78,-0.035905542,143.87,0,0,0
1994-08-08 00:00:00,17.93,0.008401058,134.11,0,0,0
1994-08-09 00:00:00,17.68,-0.01404123,124.22,0,0,0
1994-08-10 00:00:00,17.33,-0.019994953,107.11,0,0,0
1994-08-11 00:00:00,17.5,0.009761777,90.37,0,0,0
1994-08-12 00:00:00,17.1,-0.023122417,99.31,0,0,0
1994-08-15 00:00:00,16.75,-0.020680205,101.64,0,0,0
1994-08-16 00:00:00,16.68,-0.004187861,91.1,0,0,0
1994-08-17 00:00:00,16.28,-0.024273036,79.37,0,0,0
1994-08-18 00:00:00,16.3,0.001227747,69.3,0,0,0
1994-08-19 00:00:00,16.13,-0.010484216,85.12,0,0,0
1994-08-22 00:00:00,15.25,-0.056101389,89.02,0,0,0
1994-08-23 00:00:00,15.3,0.003273325,58.26,0,0,0
1994-08-24 00:00:00,15.8,0.032157112,94.53,0,0,0
1994-08-25 00:00:00,15.75,-0.003169575,96.45,0,0,0
1994-08-26 00:00:00,15.85,0.006329135,85.85,0,0,0
1994-08-30 00:00:00,15.78,-0.004426185,83.96,0,0,0
1994-08-31 00:00:00,16.03,0.015718651,122.69,0,0,0
1994-09-01 00:00:00,16.03,0,92.28,0,0,0
1994-09-02 00:00:00,15.88,-0.009401511,124.68,0,0,0
1994-09-05 00:00:00,15.6,-0.017789542,91.59,0,0,0
1994-09-06 00:00:00,15.95,0.022187915,87.52,0,0,0
1994-09-07 00:00:00,16.03,0.005003137,75.29,0,0,0
1994-09-08 00:00:00,16.05,0.001246883,97.79,0,0,0
1994-09-09 00:00:00,15.93,-0.007504726,63.32,0,0,0
1994-09-12 00:00:00,15.83,-0.00629725,109.58,0,0,0
1994-09-13 00:00:00,15.48,-0.022358006,114.71,0,0,0
1994-09-14 00:00:00,15.4,-0.005181359,83.72,0,0,0
1994-09-15 00:00:00,15.25,-0.009788006,121.86,0,0,0
1994-09-16 00:00:00,15.3,0.003273325,92.29,0,0,0
1994-09-19 00:00:00,15.45,0.009756175,143.47,0,0,0
1994-09-20 00:00:00,15.78,0.021134312,152.55,0,0,0
1994-09-21 00:00:00,15.8,0.001266625,98.21,0,0,0
1994-09-22 00:00:00,15.9,0.006309169,107.81,0,0,0
1994-09-23 00:00:00,16.3,0.024845999,101.47,0,0,0
1994-09-26 00:00:00,16.1,-0.012345836,86.04,0,0,0
1994-09-27 00:00:00,16.1,0,161.85,0,0,0
1994-09-28 00:00:00,16.2,0.00619197,123.38,0,0,0
1994-09-29 00:00:00,16.6,0.024391453,103.82,0,0,0
1994-09-30 00:00:00,16.73,0.00780082,101.27,0,0,0
1994-10-03 00:00:00,16.85,0.007147142,100.89,0,0,0
1994-10-04 00:00:00,16.7,-0.008941937,68.14,0,0,0
1994-10-05 00:00:00,16.5,-0.012048339,80.44,0,0,0
1994-10-06 00:00:00,16.63,0.007847912,69.08,0,0,0
1994-10-07 00:00:00,16.93,0.017878903,59.69,0,0,0
1994-10-10 00:00:00,16.7,-0.013678477,159.86,0,0,0
1994-10-11 00:00:00,16.38,-0.019347641,237.17,0,0,0
1994-10-12 00:00:00,16.08,-0.018484815,146.67,0,0,0
1994-10-13 00:00:00,15.63,-0.028384119,103.92,0,0,0
1994-10-14 00:00:00,15.58,-0.003204104,127.28,0,0,0
1994-10-17 00:00:00,15.75,0.010852325,126.59,0,0,0
1994-10-18 00:00:00,16.13,0.023840527,142.17,0,0,0
1994-10-19 00:00:00,16.28,0.009256468,122.41,0,0,0
1994-10-20 00:00:00,16.53,0.015239551,116.73,0,0,0
1994-10-21 00:00:00,16.35,-0.010949014,105.79,0,0,0
1994-10-24 00:00:00,16.48,0.007919627,96.91,0,0,0
1994-10-25 00:00:00,16.48,0,81.92,0,0,0
1994-10-26 00:00:00,16.88,0.023981965,42.15,0,0,0
1994-10-27 00:00:00,17.08,0.011778699,98.74,0,0,0
1994-10-28 00:00:00,17.18,0.005837728,81.91,0,0,0
1994-10-31 00:00:00,17.18,0,74.69,0,0,0
1994-11-01 00:00:00,17.4,0.01272429,70.8,0,0,0
1994-11-02 00:00:00,17.58,0.010291686,70.64,0,0,0
1994-11-03 00:00:00,17.75,0.009623624,44.34,0,0,0
1994-11-04 00:00:00,18,0.013986242,83.06,0,0,0
1994-11-07 00:00:00,17.78,-0.012297528,85.93,0,0,0
1994-11-08 00:00:00,17.38,-0.02275411,51.64,0,0,0
1994-11-09 00:00:00,17.55,0.00973383,60.07,0,0,0
1994-11-10 00:00:00,17.2,-0.020144566,51.06,0,0,0
1994-11-11 00:00:00,17.38,0.010410736,134.99,0,0,0
1994-11-14 00:00:00,17.25,-0.007507976,98.81,0,0,0
1994-11-15 00:00:00,16.98,-0.015775963,137.07,0,0,0
1994-11-16 00:00:00,16.8,-0.010657294,106.86,0,0,0
1994-11-17 00:00:00,16.53,-0.016201975,107.29,0,0,0
1994-11-18 00:00:00,16.45,-0.004851435,91.83,0,0,0
1994-11-21 00:00:00,17.25,0.047486666,118.46,0,0,0
1994-11-22 00:00:00,17.2,-0.00290276,93.36,0,0,0
1994-11-23 00:00:00,16.88,-0.018779895,81.84,0,0,0
1994-11-24 00:00:00,16.95,0.004138345,90.88,0,0,0
1994-11-25 00:00:00,17,0.00294551,90.76,0,0,0
1994-11-28 00:00:00,16.95,-0.00294551,107.87,0,0,0
1994-11-29 00:00:00,17,0.00294551,154.16,0,0,0
1994-11-30 00:00:00,16.95,-0.00294551,95.55,0,0,0
1994-12-01 00:00:00,16.98,0.001768347,103.07,0,0,0
1994-12-02 00:00:00,16.35,-0.037808284,148.38,0,0,0
1994-12-05 00:00:00,15.93,-0.026023773,116.61,0,0,0
1994-12-06 00:00:00,16.05,0.007504726,119.21,0,0,0
1994-12-07 00:00:00,15.83,-0.013801976,88.29,0,0,0
1994-12-08 00:00:00,16.13,0.018774018,75.35,0,0,0
1994-12-09 00:00:00,16.08,-0.003104628,77.32,0,0,0
1994-12-12 00:00:00,15.98,-0.006238323,109.69,0,0,0
1994-12-13 00:00:00,15.73,-0.015768223,141.37,0,0,0
1994-12-14 00:00:00,15.83,0.006337157,56.32,0,0,0
1994-12-15 00:00:00,15.6,-0.01463596,95.08,0,0,0
1994-12-16 00:00:00,15.48,-0.007722046,107.95,0,0,0
1994-12-19 00:00:00,15.58,0.006439172,111.91,0,0,0
1994-12-20 00:00:00,15.73,0.009581677,125.56,0,0,0
1994-12-21 00:00:00,15.65,-0.0050988,100.27,0,0,0
1994-12-22 00:00:00,15.6,-0.003200003,72.56,0,0,0
1994-12-23 00:00:00,15.55,-0.003210276,61.2,0,0,0
1994-12-28 00:00:00,16.08,0.033515625,130.52,0,0,0
1994-12-29 00:00:00,16.25,0.010516645,59.37,0,0,0
1994-12-30 00:00:00,16.23,-0.001231527,92.57,0,0,0
1995-01-03 00:00:00,15.88,-0.021800926,112.21,0,0,0
1995-01-04 00:00:00,15.93,0.003143668,87.29,0,0,0
1995-01-05 00:00:00,16.13,0.012476768,98.66,0,0,0
1995-01-06 00:00:00,16.35,0.013547005,88.59,0,0,0
1995-01-09 00:00:00,16.08,-0.016651634,134.84,0,0,0
1995-01-10 00:00:00,16,-0.004987542,83.41,0,0,0
1995-01-11 00:00:00,16.4,0.024692613,101.56,0,0,0
1995-01-12 00:00:00,16.48,0.00486619,81.46,0,0,0
1995-01-13 00:00:00,16.2,-0.017136282,76.55,0,0,0
1995-01-16 00:00:00,16.38,0.011049836,100.65,0,0,0
1995-01-17 00:00:00,16.78,0.024126623,69.87,0,0,0
1995-01-18 00:00:00,16.95,0.010080133,96.95,0,0,0
1995-01-19 00:00:00,17.08,0.007640355,75.29,0,0,0
1995-01-20 00:00:00,17.23,0.008743862,68.49,0,0,0
1995-01-23 00:00:00,17,-0.013438706,84.26,0,0,0
1995-01-24 00:00:00,17.15,0.00878483,90.19,0,0,0
1995-01-25 00:00:00,16.98,-0.009961993,88.39,0,0,0
1995-01-26 00:00:00,16.73,-0.014832666,47.64,0,0,0
1995-01-27 00:00:00,16.38,-0.021142437,56.32,0,0,0
1995-01-30 00:00:00,16.68,0.018149319,131.1,0,0,0
1995-01-31 00:00:00,16.8,0.007168489,124.62,0,0,0
1995-02-01 00:00:00,17.05,0.014771317,76.84,0,0,0
1995-02-02 00:00:00,17,-0.00293686,54.07,0,0,0
1995-02-03 00:00:00,17.4,0.023256862,47.48,0,0,0
1995-02-06 00:00:00,17.08,-0.018562018,88.22,0,0,0
1995-02-07 00:00:00,17.05,-0.001757985,83.34,0,0,0
1995-02-08 00:00:00,17.03,-0.001173709,62.06,0,0,0
1995-02-09 00:00:00,16.85,-0.010625838,86.7,0,0,0
1995-02-10 00:00:00,16.85,0,102.74,0,0,0
1995-02-13 00:00:00,16.88,0.001778832,82.36,0,0,0
1995-02-14 00:00:00,17,0.007083855,73.61,0,0,0
1995-02-15 00:00:00,17.1,0.005865119,96.86,0,0,0
1995-02-16 00:00:00,17.13,0.001752849,78.28,0,0,0
1995-02-17 00:00:00,17.4,0.015638894,84.67,0,0,0
1995-02-20 00:00:00,17.43,0.001722653,100.54,0,0,0
1995-02-21 00:00:00,17.18,-0.014446943,120.23,0,0,0
1995-02-22 00:00:00,17.08,-0.005837728,94.2,0,0,0
1995-02-23 00:00:00,17.1,0.001170275,75.94,0,0,0
1995-02-24 00:00:00,17.1,0,100.27,0,0,0
1995-02-27 00:00:00,17.35,0.014514043,49.63,0,0,0
1995-02-28 00:00:00,17.23,-0.006940456,65.63,0,0,0
1995-03-01 00:00:00,16.85,-0.022301394,81.84,0,0,0
1995-03-02 00:00:00,16.55,-0.017964555,46.45,0,0,0
1995-03-03 00:00:00,16.68,0.007824295,54.01,0,0,0
1995-03-06 00:00:00,16.75,0.004187861,112.77,0,0,0
1995-03-07 00:00:00,16.85,0.005952399,65.35,0,0,0
1995-03-08 00:00:00,16.73,-0.007147142,81.49,0,0,0
1995-03-09 00:00:00,16.65,-0.004793299,92.81,0,0,0
1995-03-10 00:00:00,16.5,-0.009049836,71.86,0,0,0
1995-03-13 00:00:00,16.3,-0.012195273,88.73,0,0,0
1995-03-14 00:00:00,16.33,0.001838799,80.24,0,0,0
1995-03-15 00:00:00,16.38,0.003057171,99.11,0,0,0
1995-03-16 00:00:00,16.5,0.007299302,44.49,0,0,0
1995-03-17 00:00:00,16.55,0.003025721,50.68,0,0,0
1995-03-20 00:00:00,16.83,0.016776906,108.46,0,0,0
1995-03-21 00:00:00,16.8,-0.001784122,138.02,0,0,0
1995-03-22 00:00:00,17.08,0.016529302,119.88,0,0,0
1995-03-23 00:00:00,17.48,0.023149182,150.57,0,0,0
1995-03-24 00:00:00,17.65,0.009678413,136.03,0,0,0
1995-03-27 00:00:00,17.83,0.010146648,91.26,0,0,0
1995-03-28 00:00:00,17.85,0.001121076,117.01,0,0,0
1995-03-29 00:00:00,18.05,0.011142177,106.12,0,0,0
1995-03-30 00:00:00,17.98,-0.003885656,80.62,0,0,0
1995-03-31 00:00:00,17.98,0,93.56,0,0,0
1995-04-03 00:00:00,17.88,-0.005577259,71.24,0,0,0
1995-04-04 00:00:00,18.03,0.008354267,94.41,0,0,0
1995-04-05 00:00:00,18.35,0.017592537,119.78,0,0,0
1995-04-06 00:00:00,18.5,0.008141158,110.54,0,0,0
1995-04-07 00:00:00,18.45,-0.002706362,101.7,0,0,0
1995-04-10 00:00:00,18.15,-0.01639381,92.13,0,0,0
1995-04-11 00:00:00,18.63,0.026102624,67.6,0,0,0
1995-04-12 00:00:00,18.73,0.005353332,101.52,0,0,0
1995-04-13 00:00:00,17.98,-0.040866487,92.11,0,0,0
1995-04-18 00:00:00,18.55,0.03120976,108.47,0,0,0
1995-04-19 00:00:00,18.73,0.009656727,107.89,0,0,0
1995-04-20 00:00:00,19.15,0.022176199,166.9,0,0,0
1995-04-21 00:00:00,19.18,0.001565354,212.9,0,0,0
1995-04-24 00:00:00,19.05,-0.006800968,94.77,0,0,0
1995-04-25 00:00:00,19.35,0.015625318,88.63,0,0,0
1995-04-26 00:00:00,18.9,-0.023530497,92.91,0,0,0
1995-04-27 00:00:00,19.08,0.009478744,62.96,0,0,0
1995-04-28 00:00:00,18.98,-0.005254873,75.37,0,0,0
1995-05-01 00:00:00,19.38,0.020855813,169.67,0,0,0
1995-05-02 00:00:00,18.83,-0.028790264,124.42,0,0,0
1995-05-03 00:00:00,18.33,-0.026912281,152.65,0,0,0
1995-05-04 00:00:00,18.68,0.018914371,82.28,0,0,0
1995-05-05 00:00:00,18.85,0.009059481,88.59,0,0,0
1995-05-08 00:00:00,18.78,-0.00372044,104.86,0,0,0
1995-05-09 00:00:00,18.12,-0.035776173,85.04,0,0,0
1995-05-10 00:00:00,18.1,-0.001104362,81.24,0,0,0
1995-05-11 00:00:00,18.08,-0.001105583,91.33,0,0,0
1995-05-12 00:00:00,18.23,0.008262234,88.28,0,0,0
1995-05-15 00:00:00,18.43,0.010911183,69.2,0,0,0
1995-05-16 00:00:00,18.53,0.005411269,59.72,0,0,0
1995-05-17 00:00:00,18.5,-0.001620308,76.24,0,0,0
1995-05-18 00:00:00,18.23,-0.014702143,76.53,0,0,0
1995-05-19 00:00:00,18.43,0.010911183,94.64,0,0,0
1995-05-22 00:00:00,18.38,-0.002716655,76.1,0,0,0
1995-05-23 00:00:00,18.48,0.005425949,89.53,0,0,0
1995-05-24 00:00:00,18.55,0.003780723,90.24,0,0,0
1995-05-25 00:00:00,18,-0.030098031,71.16,0,0,0
1995-05-26 00:00:00,17.8,-0.011173301,74.32,0,0,0
1995-05-30 00:00:00,17.43,-0.021005598,148.53,0,0,0
1995-05-31 00:00:00,17.58,0.008569033,134.88,0,0,0
1995-06-01 00:00:00,17.7,0.006802747,159.03,0,0,0
1995-06-02 00:00:00,17.9,0.011236073,128.57,0,0,0
1995-06-05 00:00:00,18.23,0.018267876,140.09,0,0,0
1995-06-06 00:00:00,17.95,-0.015478474,85.44,0,0,0
1995-06-07 00:00:00,18.13,0.00997791,111.26,0,0,0
1995-06-08 00:00:00,17.93,-0.011092737,76.19,0,0,0
1995-06-09 00:00:00,17.68,-0.01404123,134.63,0,0,0
1995-06-12 00:00:00,17.63,-0.002832061,77.24,0,0,0
1995-06-13 00:00:00,17.83,0.011280435,103.15,0,0,0
1995-06-14 00:00:00,17.63,-0.011280435,154.51,0,0,0
1995-06-15 00:00:00,17.95,0.017988119,151.89,0,0,0
1995-06-16 00:00:00,17.75,-0.011204599,136.6,0,0,0
1995-06-19 00:00:00,16.93,-0.04729832,138.41,0,0,0
1995-06-20 00:00:00,16.98,0.002948985,124.12,0,0,0
1995-06-21 00:00:00,16.5,-0.0286758,120.73,0,0,0
1995-06-22 00:00:00,16.55,0.003025721,136.24,0,0,0
1995-06-23 00:00:00,16.4,-0.009104767,83.91,0,0,0
1995-06-26 00:00:00,16.55,0.009104767,83.51,0,0,0
1995-06-27 00:00:00,16.63,0.004822191,67.68,0,0,0
1995-06-28 00:00:00,16.95,0.019059541,58.05,0,0,0
1995-06-29 00:00:00,16.5,-0.026907453,118.04,0,0,0
1995-06-30 00:00:00,16.58,0.004836769,80.7,0,0,0
1995-07-03 00:00:00,16.35,-0.013969252,37.95,0,0,0
1995-07-04 00:00:00,15.93,-0.026023773,118.66,0,0,0
1995-07-05 00:00:00,16,0.004384598,59.64,0,0,0
1995-07-06 00:00:00,16.15,0.009331327,78.18,0,0,0
1995-07-07 00:00:00,16.1,-0.003100778,87.47,0,0,0
1995-07-10 00:00:00,15.88,-0.013758816,104.08,0,0,0
1995-07-11 00:00:00,15.93,0.003143668,78.77,0,0,0
1995-07-12 00:00:00,16.03,0.006257843,121.6,0,0,0
1995-07-13 00:00:00,15.98,-0.003124026,89.63,0,0,0
1995-07-14 00:00:00,15.8,-0.011328,91.07,0,0,0
1995-07-17 00:00:00,15.73,-0.004440223,185.39,0,0,0
1995-07-18 00:00:00,15.68,-0.003183702,97.43,0,0,0
1995-07-19 00:00:00,15.8,0.007623925,134.66,0,0,0
1995-07-20 00:00:00,15.68,-0.007623925,119.44,0,0,0
1995-07-21 00:00:00,15.35,-0.021270541,109.91,0,0,0
1995-07-24 00:00:00,15.38,0.00195249,159.64,0,0,0
1995-07-25 00:00:00,15.48,0.006480904,141.05,0,0,0
1995-07-26 00:00:00,16,0.033039854,172.4,0,0,0
1995-07-27 00:00:00,15.98,-0.001250782,161.79,0,0,0
1995-07-28 00:00:00,15.93,-0.003133816,134.03,0,0,0
1995-07-31 00:00:00,15.78,-0.009460809,158.6,0,0,0
1995-08-01 00:00:00,16.1,0.020075957,105.16,0,0,0
1995-08-02 00:00:00,16.13,0.00186162,116.3,0,0,0
1995-08-03 00:00:00,15.99,-0.008717365,103.65,0,0,0
1995-08-04 00:00:00,16.08,0.005612737,130.51,0,0,0
1995-08-07 00:00:00,15.9,-0.011257155,140.04,0,0,0
1995-08-08 00:00:00,16,0.006269613,119.41,0,0,0
1995-08-09 00:00:00,16.13,0.00809217,126.93,0,0,0
1995-08-10 00:00:00,16.08,-0.003104628,111.1,0,0,0
1995-08-11 00:00:00,16.23,0.009285118,122.54,0,0,0
1995-08-14 00:00:00,15.93,-0.018657258,171.95,0,0,0
1995-08-15 00:00:00,15.85,-0.005034624,119.57,0,0,0
1995-08-16 00:00:00,15.78,-0.004426185,113.53,0,0,0
1995-08-17 00:00:00,15.85,0.004426185,106.22,0,0,0
1995-08-18 00:00:00,16.03,0.011292466,164.36,0,0,0
1995-08-21 00:00:00,16.25,0.013630942,96.44,0,0,0
1995-08-22 00:00:00,16.23,-0.001231527,82.38,0,0,0
1995-08-23 00:00:00,16.5,0.016498999,114.96,0,0,0
1995-08-24 00:00:00,16.3,-0.012195273,71.84,0,0,0
1995-08-25 00:00:00,16.15,-0.009245058,82.62,0,0,0
1995-08-29 00:00:00,16.23,0.004941332,87.66,0,0,0
1995-08-30 00:00:00,16.18,-0.00308547,116.16,0,0,0
1995-08-31 00:00:00,16.2,0.001235331,106.35,0,0,0
1995-09-01 00:00:00,16.25,0.003081667,70.09,0,0,0
1995-09-04 00:00:00,16.62,0.022513881,114.98,0,0,0
1995-09-05 00:00:00,16.68,0.003603608,105.09,0,0,0
1995-09-06 00:00:00,16.63,-0.003002104,66.8,0,0,0
1995-09-07 00:00:00,16.6,-0.001805598,104.33,0,0,0
1995-09-08 00:00:00,16.93,0.019684501,80.97,0,0,0
1995-09-11 00:00:00,16.75,-0.010688938,101.86,0,0,0
1995-09-12 00:00:00,16.9,0.008915364,70.3,0,0,0
1995-09-13 00:00:00,16.85,-0.002962965,87.65,0,0,0
1995-09-14 00:00:00,17,0.008862687,75.11,0,0,0
1995-09-15 00:00:00,17.18,0.010532572,49.55,0,0,0
1995-09-18 00:00:00,17.23,0.002906134,86.69,0,0,0
1995-09-19 00:00:00,17.23,0,57.11,0,0,0
1995-09-20 00:00:00,17,-0.013438706,91.91,0,0,0
1995-09-21 00:00:00,16.6,-0.023810649,55.15,0,0,0
1995-09-22 00:00:00,16.4,-0.012121361,60.67,0,0,0
1995-09-25 00:00:00,16.18,-0.013505423,39.18,0,0,0
1995-09-26 00:00:00,16.15,-0.001855862,89.42,0,0,0
1995-09-27 00:00:00,16.28,0.008017311,37.26,0,0,0
1995-09-28 00:00:00,16.65,0.022472856,67.97,0,0,0
1995-09-29 00:00:00,16.58,-0.004213067,60.29,0,0,0
1995-10-02 00:00:00,16.55,-0.001811048,80.98,0,0,0
1995-10-03 00:00:00,16.58,0.001811048,58.18,0,0,0
1995-10-04 00:00:00,16.4,-0.010915815,96.72,0,0,0
1995-10-05 00:00:00,15.85,-0.034111835,48.21,0,0,0
1995-10-06 00:00:00,15.75,-0.006329135,41.57,0,0,0
1995-10-09 00:00:00,16,0.015748357,64.56,0,0,0
1995-10-10 00:00:00,15.95,-0.003129893,92.32,0,0,0
1995-10-11 00:00:00,16.05,0.00625002,73.46,0,0,0
1995-10-12 00:00:00,15.9,-0.00938974,60.97,0,0,0
1995-10-13 00:00:00,15.98,0.005018831,63.7,0,0,0
1995-10-16 00:00:00,16.15,0.010582109,109.47,0,0,0
1995-10-17 00:00:00,16.03,-0.007458083,60.49,0,0,0
1995-10-18 00:00:00,15.98,-0.003124026,106.11,0,0,0
1995-10-19 00:00:00,15.85,-0.00816844,80.56,0,0,0
1995-10-20 00:00:00,15.8,-0.00315956,63.7,0,0,0
1995-10-23 00:00:00,15.88,0.005050516,23.63,0,0,0
1995-10-24 00:00:00,16.08,0.012515808,44.67,0,0,0
1995-10-25 00:00:00,15.98,-0.006238323,48.01,0,0,0
1995-10-26 00:00:00,16.3,0.019827167,66.77,0,0,0
1995-10-27 00:00:00,16.35,0.00306279,63.22,0,0,0
1995-10-30 00:00:00,16.45,0.00609758,114.23,0,0,0
1995-10-31 00:00:00,16.58,0.007871672,44.67,0,0,0
1995-11-01 00:00:00,16.53,-0.003020238,49.56,0,0,0
1995-11-02 00:00:00,16.83,0.017986096,87.08,0,0,0
1995-11-03 00:00:00,16.88,0.002966481,79.9,0,0,0
1995-11-06 00:00:00,16.78,-0.005941788,101.72,0,0,0
1995-11-07 00:00:00,16.7,-0.004778982,94.98,0,0,0
1995-11-08 00:00:00,16.75,0.002989539,87.94,0,0,0
1995-11-09 00:00:00,16.9,0.008915364,61.95,0,0,0
1995-11-10 00:00:00,16.83,-0.004150614,72.8,0,0,0
1995-11-13 00:00:00,16.63,-0.011954715,141.45,0,0,0
1995-11-14 00:00:00,16.58,-0.003011143,126.96,0,0,0
1995-11-15 00:00:00,16.73,0.009006365,63.56,0,0,0
1995-11-16 00:00:00,16.78,0.002984186,45.91,0,0,0
1995-11-17 00:00:00,17.03,0.014788794,81.4,0,0,0
1995-11-20 00:00:00,16.8,-0.013597608,53.86,0,0,0
1995-11-21 00:00:00,16.6,-0.011976191,91.32,0,0,0
1995-11-22 00:00:00,16.9,0.017910927,105.16,0,0,0
1995-11-23 00:00:00,16.88,-0.001184133,117.34,0,0,0
1995-11-24 00:00:00,16.93,0.002957707,122.98,0,0,0
1995-11-27 00:00:00,17.2,0.015822188,44.11,0,0,0
1995-11-28 00:00:00,17.25,0.00290276,70.66,0,0,0
1995-11-29 00:00:00,17.3,0.002894358,53.09,0,0,0
1995-11-30 00:00:00,17.13,-0.009875189,59.82,0,0,0
1995-12-01 00:00:00,17.18,0.002914604,76.23,0,0,0
1995-12-04 00:00:00,17.35,0.00984659,78.65,0,0,0
1995-12-05 00:00:00,17.53,0.010321193,67.91,0,0,0
1995-12-06 00:00:00,17.55,0.001140251,74.19,0,0,0
1995-12-07 00:00:00,17.48,-0.00399658,65.03,0,0,0
1995-12-08 00:00:00,17.73,0.01420075,74.93,0,0,0
1995-12-11 00:00:00,17.68,-0.002824063,54.57,0,0,0
1995-12-12 00:00:00,17.48,-0.011376687,89.21,0,0,0
1995-12-13 00:00:00,17.7,0.012507269,58.63,0,0,0
1995-12-14 00:00:00,17.9,0.011236073,65.31,0,0,0
1995-12-15 00:00:00,18.15,0.013869848,88.76,0,0,0
1995-12-18 00:00:00,18.33,0.009868501,68.92,0,0,0
1995-12-19 00:00:00,18.03,-0.016502025,75.86,0,0,0
1995-12-20 00:00:00,18.05,0.001108648,53.8,0,0,0
1995-12-21 00:00:00,18.1,0.002766253,34.87,0,0,0
1995-12-22 00:00:00,18.18,0.00441015,32.4,0,0,0
1995-12-27 00:00:00,18.73,0.029804428,83.04,0,0,0
1995-12-28 00:00:00,18.78,0.002665957,67.24,0,0,0
1995-12-29 00:00:00,18.65,-0.006946328,81.42,0,0,0
1996-01-02 00:00:00,18.95,0.015957785,74.25,0,0,0
1996-01-03 00:00:00,19.15,0.010498784,40.15,0,0,0
1996-01-04 00:00:00,19.13,-0.001044932,93.18,0,0,0
1996-01-05 00:00:00,19.5,0.019156682,92.53,0,0,0
1996-01-08 00:00:00,19.68,0.009188426,121.07,0,0,0
1996-01-09 00:00:00,19.05,-0.03253579,73,0,0,0
1996-01-10 00:00:00,18.48,-0.030378035,87.41,0,0,0
1996-01-11 00:00:00,17.85,-0.034685558,100.76,0,0,0
1996-01-12 00:00:00,17.58,-0.015241616,90.23,0,0,0
1996-01-15 00:00:00,17.5,-0.004561011,138.24,0,0,0
1996-01-16 00:00:00,17.73,0.013057239,128.23,0,0,0
1996-01-17 00:00:00,17.43,-0.017065261,99.83,0,0,0
1996-01-18 00:00:00,17.88,0.02548991,161.17,0,0,0
1996-01-19 00:00:00,17.53,-0.019769071,94.51,0,0,0
1996-01-22 00:00:00,17.53,0,92.88,0,0,0
1996-01-23 00:00:00,17.38,-0.008593579,59.73,0,0,0
1996-01-24 00:00:00,17.33,-0.002881016,67.15,0,0,0
1996-01-25 00:00:00,17,-0.01922576,83.55,0,0,0
1996-01-26 00:00:00,16.7,-0.017804625,45.44,0,0,0
1996-01-29 00:00:00,16.23,-0.028547338,97.43,0,0,0
1996-01-30 00:00:00,16.53,0.01831553,102.91,0,0,0
1996-01-31 00:00:00,16.63,0.006031381,50.7,0,0,0
1996-02-01 00:00:00,16.78,0.008979408,82.92,0,0,0
1996-02-02 00:00:00,17.05,0.015962503,122.86,0,0,0
1996-02-05 00:00:00,16.93,-0.007063008,67.95,0,0,0
1996-02-06 00:00:00,16.83,-0.005924188,57.96,0,0,0
1996-02-07 00:00:00,16.93,0.005924188,123.03,0,0,0
1996-02-08 00:00:00,17.05,0.007063008,106.71,0,0,0
1996-02-09 00:00:00,17.23,0.010501847,87.54,0,0,0
1996-02-12 00:00:00,17.18,-0.002906134,68.79,0,0,0
1996-02-13 00:00:00,18.08,0.051060438,137.39,0,0,0
1996-02-14 00:00:00,18.28,0.011001211,92.63,0,0,0
1996-02-15 00:00:00,18.18,-0.005485477,113.5,0,0,0
1996-02-16 00:00:00,18.2,0.001099505,98.52,0,0,0
1996-02-19 00:00:00,18.2,0,85.82,0,0,0
1996-02-20 00:00:00,18.58,0.020664139,107.38,0,0,0
1996-02-21 00:00:00,19.05,0.024981368,96.53,0,0,0
1996-02-22 00:00:00,19.28,0.012001188,81.95,0,0,0
1996-02-23 00:00:00,18.85,-0.022555375,132.33,0,0,0
1996-02-26 00:00:00,18.85,0,118.69,0,0,0
1996-02-27 00:00:00,19,0.007926065,147.02,0,0,0
1996-02-28 00:00:00,18.65,-0.018592833,173.26,0,0,0
1996-02-29 00:00:00,18.8,0.008010724,124.11,0,0,0
1996-03-01 00:00:00,18.55,-0.013387081,85.17,0,0,0
1996-03-04 00:00:00,18.4,-0.008119124,141.19,0,0,0
1996-03-05 00:00:00,18.75,0.018843088,170.94,0,0,0
1996-03-06 00:00:00,19.18,0.022674317,162.34,0,0,0
1996-03-07 00:00:00,19.03,-0.007851388,126.93,0,0,0
1996-03-08 00:00:00,18.85,-0.009503767,149.44,0,0,0
1996-03-11 00:00:00,18.93,0.004235051,122.69,0,0,0
1996-03-12 00:00:00,19.3,0.019357131,148.12,0,0,0
1996-03-13 00:00:00,19.58,0.014403541,119.01,0,0,0
1996-03-14 00:00:00,19.4,-0.009235571,143.27,0,0,0
1996-03-15 00:00:00,19.3,-0.00516797,136.47,0,0,0
1996-03-18 00:00:00,20.5,0.06031979,61.25,0,0,0
1996-03-19 00:00:00,20.35,-0.007343974,59.89,0,0,0
1996-03-20 00:00:00,20.38,0.001473116,94.52,0,0,0
1996-03-21 00:00:00,20.35,-0.001473116,58.48,0,0,0
1996-03-22 00:00:00,21.15,0.038558994,71.37,0,0,0
1996-03-25 00:00:00,21.3,0.007067167,137.36,0,0,0
1996-03-26 00:00:00,21.68,0.017683104,33.61,0,0,0
1996-03-27 00:00:00,21.33,-0.016275644,76,0,0,0
1996-03-28 00:00:00,20.25,-0.051959739,88.98,0,0,0
1996-03-29 00:00:00,20.33,0.003942834,99.25,0,0,0
1996-04-01 00:00:00,20.8,0.022855359,152.65,0,0,0
1996-04-02 00:00:00,21.18,0.018104353,88.34,0,0,0
1996-04-03 00:00:00,20.93,-0.011873804,81.84,0,0,0
1996-04-04 00:00:00,20.85,-0.003829588,77.04,0,0,0
1996-04-09 00:00:00,21.43,0.027437861,76.8,0,0,0
1996-04-10 00:00:00,22.63,0.05448465,73.31,0,0,0
1996-04-11 00:00:00,23.9,0.054601999,111.13,0,0,0
1996-04-12 00:00:00,22.73,-0.050192821,98.08,0,0,0
1996-04-15 00:00:00,22.68,-0.002202159,96.33,0,0,0
1996-04-16 00:00:00,21.2,-0.067482297,79.54,0,0,0
1996-04-17 00:00:00,19.88,-0.06428698,149.34,0,0,0
1996-04-18 00:00:00,19.33,-0.028055908,139.08,0,0,0
1996-04-19 00:00:00,19.53,0.010293452,112.36,0,0,0
1996-04-22 00:00:00,19.38,-0.007710138,135.08,0,0,0
1996-04-23 00:00:00,20.88,0.074550157,137.31,0,0,0
1996-04-24 00:00:00,20.73,-0.007209837,94.8,0,0,0
1996-04-25 00:00:00,20.35,-0.018501015,95.88,0,0,0
1996-04-26 00:00:00,20.05,-0.014851758,129.2,0,0,0
1996-04-29 00:00:00,20.05,0,97.24,0,0,0
1996-04-30 00:00:00,19.5,-0.027814688,125.37,0,0,0
1996-05-01 00:00:00,18.95,-0.028610534,92.88,0,0,0
1996-05-02 00:00:00,19.45,0.026043139,61.67,0,0,0
1996-05-03 00:00:00,19.38,-0.003605464,41.46,0,0,0
1996-05-07 00:00:00,20.08,0.035482688,50.54,0,0,0
1996-05-08 00:00:00,19.85,-0.011520288,66.16,0,0,0
1996-05-09 00:00:00,19.35,-0.025511588,99.72,0,0,0
1996-05-10 00:00:00,19.23,-0.00622086,56.66,0,0,0
1996-05-13 00:00:00,19.48,0.012916739,89.53,0,0,0
1996-05-14 00:00:00,19.63,0.00767071,57.53,0,0,0
1996-05-15 00:00:00,19.5,-0.006644543,65.81,0,0,0
1996-05-16 00:00:00,18.63,-0.045641281,95.89,0,0,0
1996-05-17 00:00:00,18.05,-0.0316275,71.14,0,0,0
1996-05-20 00:00:00,18.63,0.0316275,106.86,0,0,0
1996-05-21 00:00:00,18.7,0.003750339,136.56,0,0,0
1996-05-22 00:00:00,19.4,0.036749542,76.44,0,0,0
1996-05-23 00:00:00,19.53,0.006678679,107.55,0,0,0
1996-05-24 00:00:00,19.73,0.010188575,100.12,0,0,0
1996-05-28 00:00:00,19.53,-0.010188575,78.64,0,0,0
1996-05-29 00:00:00,18.95,-0.030147813,61.43,0,0,0
1996-05-30 00:00:00,18.1,-0.045891993,61.43,0,0,0
1996-05-31 00:00:00,18.1,0,115.88,0,0,0
1996-06-03 00:00:00,18.25,0.008253142,64.23,0,0,0
1996-06-04 00:00:00,18.5,0.013605652,59.37,0,0,0
1996-06-05 00:00:00,18.2,-0.016349138,54.24,0,0,0
1996-06-06 00:00:00,18.18,-0.001099505,53.99,0,0,0
1996-06-07 00:00:00,18.4,0.012028576,75.46,0,0,0
1996-06-10 00:00:00,18.48,0.004338402,129.54,0,0,0
1996-06-11 00:00:00,18.28,-0.0108815,65.43,0,0,0
1996-06-12 00:00:00,18.23,-0.002738977,62.78,0,0,0
1996-06-13 00:00:00,17.98,-0.01380856,83.54,0,0,0
1996-06-14 00:00:00,17.83,-0.008377597,77.94,0,0,0
1996-06-17 00:00:00,18.7,0.047641092,91.77,0,0,0
1996-06-18 00:00:00,18.8,0.005333346,62.58,0,0,0
1996-06-19 00:00:00,18.4,-0.021506205,115.96,0,0,0
1996-06-20 00:00:00,18.43,0.001629107,69.33,0,0,0
1996-06-21 00:00:00,18.45,0.001084599,118.17,0,0,0
1996-06-24 00:00:00,18.38,-0.003801254,45.94,0,0,0
1996-06-25 00:00:00,18.38,0,125,0,0,0
1996-06-26 00:00:00,18.6,0.011898464,80.79,0,0,0
1996-06-27 00:00:00,19.38,0.041080026,181.72,0,0,0
1996-06-28 00:00:00,19.28,-0.005173317,112.04,0,0,0
1996-07-01 00:00:00,19.77,0.025097348,107.65,0,0,0
1996-07-02 00:00:00,19.43,-0.017347374,96.48,0,0,0
1996-07-03 00:00:00,19.13,-0.01556048,59.02,0,0,0
1996-07-04 00:00:00,19.77,0.032907854,52.86,0,0,0
1996-07-05 00:00:00,19.99,0.011066511,86.6,0,0,0
1996-07-08 00:00:00,19.62,-0.018682694,93.38,0,0,0
1996-07-09 00:00:00,19.63,0.000509554,126.49,0,0,0
1996-07-10 00:00:00,19.8,0.008622929,89.75,0,0,0
1996-07-11 00:00:00,20.01,0.010550211,117.63,0,0,0
1996-07-12 00:00:00,19.93,-0.004006014,59.51,0,0,0
1996-07-15 00:00:00,20.2,0.01345647,84.34,0,0,0
1996-07-16 00:00:00,20.3,0.004938282,80.5,0,0,0
1996-07-17 00:00:00,19.75,-0.027467395,101.12,0,0,0
1996-07-18 00:00:00,19.95,0.010075652,101.81,0,0,0
1996-07-19 00:00:00,19.45,-0.025382073,101.93,0,0,0
1996-07-22 00:00:00,19.23,-0.01137551,117.73,0,0,0
1996-07-23 00:00:00,19.5,0.013942906,83.34,0,0,0
1996-07-24 00:00:00,19.36,-0.007205384,120.46,0,0,0
1996-07-25 00:00:00,19.5,0.007205384,94.64,0,0,0
1996-07-26 00:00:00,18.92,-0.030194902,105.28,0,0,0
1996-07-29 00:00:00,18.99,0.003692961,134.42,0,0,0
1996-07-30 00:00:00,18.9,-0.004750603,141.31,0,0,0
1996-07-31 00:00:00,19,0.005277057,131.23,0,0,0
1996-08-01 00:00:00,18.84,-0.00845671,102.4,0,0,0
1996-08-02 00:00:00,19.63,0.041076739,61.06,0,0,0
1996-08-05 00:00:00,19.65,0.00101833,136.34,0,0,0
1996-08-06 00:00:00,19.45,-0.010230268,134.84,0,0,0
1996-08-07 00:00:00,19.48,0.001541228,157.74,0,0,0
1996-08-08 00:00:00,20.03,0.027842851,160.07,0,0,0
1996-08-09 00:00:00,20.05,0.000998004,116.91,0,0,0
1996-08-12 00:00:00,20.65,0.029486166,65.78,0,0,0
1996-08-13 00:00:00,21.03,0.01823467,134.84,0,0,0
1996-08-14 00:00:00,20.9,-0.006200831,68.04,0,0,0
1996-08-15 00:00:00,20.88,-0.000957396,97.43,0,0,0
1996-08-16 00:00:00,21.3,0.01991531,54.93,0,0,0
1996-08-19 00:00:00,21.58,0.013059887,101.15,0,0,0
1996-08-20 00:00:00,21.35,-0.01071522,89.53,0,0,0
1996-08-21 00:00:00,20.8,-0.026098753,100.25,0,0,0
1996-08-22 00:00:00,21.25,0.021403909,104.17,0,0,0
1996-08-23 00:00:00,20.78,-0.02236591,76.64,0,0,0
1996-08-27 00:00:00,20.45,-0.016008103,51.03,0,0,0
1996-08-28 00:00:00,20.68,0.011184167,63.62,0,0,0
1996-08-29 00:00:00,21,0.015355388,91.9,0,0,0
1996-08-30 00:00:00,20.98,-0.000952835,120.39,0,0,0
1996-09-02 00:00:00,22.23,0.057873125,183.11,0,0,0
1996-09-03 00:00:00,21.9,-0.014956091,191.76,0,0,0
1996-09-04 00:00:00,22.2,0.013605652,192.15,0,0,0
1996-09-05 00:00:00,22.15,-0.002254792,140.02,0,0,0
1996-09-06 00:00:00,22.43,0.012561852,163.44,0,0,0
1996-09-09 00:00:00,22.25,-0.00805734,101.18,0,0,0
1996-09-10 00:00:00,22.68,0.01914147,104.23,0,0,0
1996-09-11 00:00:00,23.3,0.026969882,131.96,0,0,0
1996-09-12 00:00:00,23.35,0.002143624,63.14,0,0,0
1996-09-13 00:00:00,23.83,0.020348307,98.95,0,0,0
1996-09-16 00:00:00,22.6,-0.052995385,68.54,0,0,0
1996-09-17 00:00:00,21.7,-0.040637646,103.21,0,0,0
1996-09-18 00:00:00,22.38,0.030855442,72.41,0,0,0
1996-09-19 00:00:00,22.08,-0.013495481,66.42,0,0,0
1996-09-20 00:00:00,21.78,-0.013680104,81.53,0,0,0
1996-09-23 00:00:00,22.15,0.016845379,57.36,0,0,0
1996-09-24 00:00:00,22.78,0.028045462,110.7,0,0,0
1996-09-25 00:00:00,23.05,0.011782811,72.71,0,0,0
1996-09-26 00:00:00,23.35,0.012931215,91.38,0,0,0
1996-09-27 00:00:00,22.9,-0.019460074,103.41,0,0,0
1996-09-30 00:00:00,24.15,0.05314747,73.1,0,0,0
1996-10-01 00:00:00,23.18,-0.040994542,76.2,0,0,0
1996-10-02 00:00:00,23.13,-0.002159362,97.43,0,0,0
1996-10-03 00:00:00,23.63,0.021386615,67.17,0,0,0
1996-10-04 00:00:00,23.88,0.010524197,78.34,0,0,0
1996-10-07 00:00:00,24.28,0.016611678,60.78,0,0,0
1996-10-08 00:00:00,24.55,0.011058888,74.84,0,0,0
1996-10-09 00:00:00,24.58,0.00122125,104.52,0,0,0
1996-10-10 00:00:00,23.63,-0.039416013,63.93,0,0,0
1996-10-11 00:00:00,23.85,0.009267126,58.7,0,0,0
1996-10-14 00:00:00,24.75,0.037041272,90.3,0,0,0
1996-10-15 00:00:00,24.58,-0.006892385,62.98,0,0,0
1996-10-16 00:00:00,24.5,-0.003259987,48.48,0,0,0
1996-10-17 00:00:00,24.83,0.013379482,72.59,0,0,0
1996-10-18 00:00:00,25.18,0.013997429,59.79,0,0,0
1996-10-21 00:00:00,25.08,-0.003979313,75.49,0,0,0
1996-10-22 00:00:00,25.4,0.012678458,86.52,0,0,0
1996-10-23 00:00:00,24.6,-0.032002731,58.12,0,0,0
1996-10-24 00:00:00,24.28,-0.013093477,71.01,0,0,0
1996-10-25 00:00:00,24.13,-0.006197087,49.27,0,0,0
1996-10-28 00:00:00,24.45,0.013174336,36.45,0,0,0
1996-10-29 00:00:00,23.3,-0.048176855,81.84,0,0,0
1996-10-30 00:00:00,23.15,-0.00645858,16,0,0,0
1996-10-31 00:00:00,22.8,-0.015234245,76.87,0,0,0
1996-11-01 00:00:00,22.3,-0.022173857,70.15,0,0,0
1996-11-04 00:00:00,22.1,-0.00900907,100.67,0,0,0
1996-11-05 00:00:00,21.85,-0.011376687,72.98,0,0,0
1996-11-06 00:00:00,21.85,0,66.7,0,0,0
1996-11-07 00:00:00,21.75,-0.004587164,42.7,0,0,0
1996-11-08 00:00:00,22.4,0.029447201,55.77,0,0,0
1996-11-11 00:00:00,22.7,0.013303966,78.13,0,0,0
1996-11-12 00:00:00,22.38,-0.014197222,93.91,0,0,0
1996-11-13 00:00:00,22.88,0.022095464,96.02,0,0,0
1996-11-14 00:00:00,23.18,0.013026671,61.34,0,0,0
1996-11-15 00:00:00,23.28,0.004304785,78.45,0,0,0
1996-11-18 00:00:00,22.75,-0.023029477,80.22,0,0,0
1996-11-19 00:00:00,23.13,0.016565331,58.72,0,0,0
1996-11-20 00:00:00,23.4,0.011605546,65.96,0,0,0
1996-11-21 00:00:00,22.9,-0.021599112,54.3,0,0,0
1996-11-22 00:00:00,23.86,0.041066506,32.16,0,0,0
1996-11-25 00:00:00,23.22,-0.02718944,81.46,0,0,0
1996-11-26 00:00:00,22.78,-0.019131018,89.42,0,0,0
1996-11-27 00:00:00,23.07,0.012650114,65.52,0,0,0
1996-11-28 00:00:00,23,-0.003038856,75.38,0,0,0
1996-11-29 00:00:00,23.17,0.007364123,62.82,0,0,0
1996-12-02 00:00:00,23.5,0.014142083,84.56,0,0,0
1996-12-03 00:00:00,24.12,0.026040951,83.23,0,0,0
1996-12-04 00:00:00,24.21,0.003724399,91.64,0,0,0
1996-12-05 00:00:00,24.49,0.0114991,80.48,0,0,0
1996-12-06 00:00:00,24.56,0.002854232,91.84,0,0,0
1996-12-09 00:00:00,24.18,-0.015593258,58.94,0,0,0
1996-12-10 00:00:00,23.74,-0.018364456,106.86,0,0,0
1996-12-11 00:00:00,22.95,-0.033843453,75.6,0,0,0
1996-12-12 00:00:00,22.65,-0.013158085,71.86,0,0,0
1996-12-13 00:00:00,22.83,0.007915609,39.62,0,0,0
1996-12-16 00:00:00,23.98,0.049144689,87.59,0,0,0
1996-12-17 00:00:00,24.05,0.002914847,75.2,0,0,0
1996-12-18 00:00:00,23.69,-0.015081978,57.24,0,0,0
1996-12-19 00:00:00,24.18,0.020472827,89.66,0,0,0
1996-12-20 00:00:00,23.96,-0.009140072,122,0,0,0
1996-12-23 00:00:00,23.51,-0.018959911,110.58,0,0,0
1996-12-24 00:00:00,23.66,0.006359996,57.4,0,0,0
1996-12-27 00:00:00,23.55,-0.004660038,61.72,0,0,0
1996-12-30 00:00:00,23.95,0.016842503,137.61,0,0,0
1996-12-31 00:00:00,23.9,-0.002089865,119.37,0,0,0
1997-01-02 00:00:00,24.45,0.022751757,93.88,0,0,0
1997-01-03 00:00:00,24.19,-0.010690891,57.44,0,0,0
1997-01-06 00:00:00,24.76,0.023290123,72.95,0,0,0
1997-01-07 00:00:00,24.76,0,76.11,0,0,0
1997-01-08 00:00:00,24.78,0.000807428,39.35,0,0,0
1997-01-09 00:00:00,24.83,0.002015723,34.83,0,0,0
1997-01-10 00:00:00,24.22,-0.024873861,53.7,0,0,0
1997-01-13 00:00:00,23.41,-0.034015457,33.89,0,0,0
1997-01-15 00:00:00,23.31,-0.004280828,52.41,0,0,0
1997-01-16 00:00:00,23.31,0,52.74,0,0,0
1997-01-17 00:00:00,22.87,-0.019056445,40.55,0,0,0
1997-01-20 00:00:00,22.86,-0.00043735,58.73,0,0,0
1997-01-21 00:00:00,22.98,0.005235614,48.06,0,0,0
1997-01-22 00:00:00,22.93,-0.002178176,48.26,0,0,0
1997-01-23 00:00:00,22.93,0,50.96,0,0,0
1997-01-24 00:00:00,22.8,-0.005685561,52.52,0,0,0
1997-01-27 00:00:00,22.56,-0.010582109,56.9,0,0,0
1997-01-28 00:00:00,22.62,0.002656044,36.24,0,0,0
1997-01-29 00:00:00,23.01,0.017094433,59.57,0,0,0
1997-01-30 00:00:00,23.43,0.018088348,69.7,0,0,0
1997-01-31 00:00:00,23.28,-0.00642263,34.9,0,0,0
1997-02-03 00:00:00,22.91,-0.016021126,45.49,0,0,0
1997-02-04 00:00:00,22.65,-0.011413645,49.08,0,0,0
1997-02-05 00:00:00,22.69,0.001764447,37.43,0,0,0
1997-02-06 00:00:00,21.86,-0.037265816,52.27,0,0,0
1997-02-10 00:00:00,20.73,-0.053076556,69.18,0,0,0
1997-02-11 00:00:00,21.25,0.024774969,45.47,0,0,0
1997-02-12 00:00:00,21.15,-0.00471699,63.46,0,0,0
1997-02-13 00:00:00,20.47,-0.032679506,39.24,0,0,0
1997-02-14 00:00:00,20.56,0.004387041,38.01,0,0,0
1997-02-17 00:00:00,20.48,-0.00389864,43.42,0,0,0
1997-02-18 00:00:00,20.56,0.00389864,57.32,0,0,0
1997-02-19 00:00:00,20.98,0.020222162,90.88,0,0,0
1997-02-20 00:00:00,20.57,-0.019735899,66.72,0,0,0
1997-02-21 00:00:00,20.13,-0.021622464,53.63,0,0,0
1997-02-24 00:00:00,19.87,-0.013000183,43.07,0,0,0
1997-02-25 00:00:00,20.08,0.010513238,36.55,0,0,0
1997-02-26 00:00:00,19.82,-0.013032766,56.2,0,0,0
1997-02-27 00:00:00,19.96,0.007038742,65.47,0,0,0
1997-02-28 00:00:00,19.44,-0.026397472,52.05,0,0,0
1997-03-03 00:00:00,19.1,-0.017644464,86.79,0,0,0
1997-03-04 00:00:00,19.4,0.015584731,67.95,0,0,0
1997-03-05 00:00:00,19.38,-0.00103146,66.82,0,0,0
1997-03-06 00:00:00,19.55,0.00873368,70.05,0,0,0
1997-03-10 00:00:00,19.21,-0.01754431,71.41,0,0,0
1997-03-11 00:00:00,18.57,-0.033883601,63.98,0,0,0
1997-03-12 00:00:00,18.98,0.021838418,76.22,0,0,0
1997-03-13 00:00:00,19.3,0.016719303,32.67,0,0,0
1997-03-14 00:00:00,19.44,0.007227703,60.54,0,0,0
1997-03-17 00:00:00,18.98,-0.023947006,45.53,0,0,0
1997-03-18 00:00:00,19.54,0.029077853,47.42,0,0,0
1997-03-19 00:00:00,20,0.023268627,41.41,0,0,0
1997-03-20 00:00:00,19.62,-0.019182819,49.86,0,0,0
1997-03-21 00:00:00,19.39,-0.011791985,57.64,0,0,0
1997-03-24 00:00:00,18.93,-0.024009504,78.4,0,0,0
1997-03-25 00:00:00,18.77,-0.008488115,54.47,0,0,0
1997-03-26 00:00:00,18.91,0.007431032,50.86,0,0,0
1997-03-27 00:00:00,18.53,-0.020299842,56.77,0,0,0
1997-03-28 00:00:00,18.53,0,59.28,0,0,0
1997-03-31 00:00:00,18.53,0,55.52,0,0,0
1997-04-01 00:00:00,18.15,-0.02072048,56.81,0,0,0
1997-04-02 00:00:00,17.97,-0.00996686,39.09,0,0,0
1997-04-03 00:00:00,17.28,-0.039153937,42.14,0,0,0
1997-04-04 00:00:00,17.25,-0.00173762,57.06,0,0,0
1997-04-07 00:00:00,16.92,-0.019315789,71.19,0,0,0
1997-04-08 00:00:00,16.98,0.003539827,85.21,0,0,0
1997-04-09 00:00:00,17.02,0.002352942,98.2,0,0,0
1997-04-10 00:00:00,17.25,0.01342302,42.26,0,0,0
1997-04-11 00:00:00,17.54,0.016671843,60.69,0,0,0
1997-04-14 00:00:00,17.61,0.003982936,57.04,0,0,0
1997-04-15 00:00:00,17.53,-0.004553224,76.63,0,0,0
1997-04-16 00:00:00,17.24,-0.016681434,48.71,0,0,0
1997-04-17 00:00:00,17,-0.014018921,76.42,0,0,0
1997-04-18 00:00:00,17.26,0.015178342,24.38,0,0,0
1997-04-21 00:00:00,17.74,0.027430291,78.5,0,0,0
1997-04-22 00:00:00,17.72,-0.001128032,52.4,0,0,0
1997-04-23 00:00:00,17.46,-0.014781395,159.29,0,0,0
1997-04-24 00:00:00,17.8,0.019285907,95.37,0,0,0
1997-04-25 00:00:00,18.07,0.015054647,84.86,0,0,0
1997-04-28 00:00:00,17.92,-0.008335697,45.85,0,0,0
1997-04-29 00:00:00,18.27,0.019342963,105.38,0,0,0
1997-04-30 00:00:00,18.25,-0.00109529,78.87,0,0,0
1997-05-01 00:00:00,18.24,-0.000548095,62.07,0,0,0
1997-05-02 00:00:00,17.7,-0.030052345,58.12,0,0,0
1997-05-05 00:00:00,17.72,0.001129306,72.1,0,0,0
1997-05-06 00:00:00,17.82,0.005627477,43.11,0,0,0
1997-05-07 00:00:00,17.84,0.001121705,21.79,0,0,0
1997-05-08 00:00:00,18.32,0.026550232,58.36,0,0,0
1997-05-09 00:00:00,18.62,0.016242913,59.21,0,0,0
1997-05-12 00:00:00,19.42,0.042067191,52.13,0,0,0
1997-05-13 00:00:00,19.4,-0.001030397,60.04,0,0,0
1997-05-14 00:00:00,19.1,-0.015584731,86.47,0,0,0
1997-05-15 00:00:00,19.4,0.015584731,80.87,0,0,0
1997-05-16 00:00:00,19.77,0.018892571,54.45,0,0,0
1997-05-19 00:00:00,19.92,0.007558615,60.74,0,0,0
1997-05-20 00:00:00,19.75,-0.008570761,52.41,0,0,0
1997-05-21 00:00:00,19.7,-0.002534856,48.62,0,0,0
1997-05-22 00:00:00,20.03,0.016612514,51.66,0,0,0
1997-05-23 00:00:00,20.15,0.005973139,59.85,0,0,0
1997-05-27 00:00:00,19.33,-0.041545995,95.1,0,0,0
1997-05-28 00:00:00,18.88,-0.023555133,54.83,0,0,0
1997-05-29 00:00:00,19.38,0.026138446,69.01,0,0,0
1997-05-30 00:00:00,18.99,-0.020329082,77.41,0,0,0
1997-06-02 00:00:00,19.17,0.009434032,40.45,0,0,0
1997-06-03 00:00:00,18.59,-0.030722755,28.56,0,0,0
1997-06-04 00:00:00,18.36,-0.012449417,50.57,0,0,0
1997-06-05 00:00:00,17.96,-0.022027322,34.97,0,0,0
1997-06-06 00:00:00,17.43,-0.029954203,40.55,0,0,0
1997-06-09 00:00:00,17.08,-0.020284671,30.74,0,0,0
1997-06-10 00:00:00,17.01,-0.004106782,31.38,0,0,0
1997-06-11 00:00:00,16.69,-0.018991669,47.37,0,0,0
1997-06-12 00:00:00,16.79,0.005973733,38.48,0,0,0
1997-06-13 00:00:00,16.83,0.002379537,46.15,0,0,0
1997-06-16 00:00:00,17.15,0.018835165,62.82,0,0,0
1997-06-17 00:00:00,17.55,0.023055776,44.41,0,0,0
1997-06-18 00:00:00,17.22,-0.018982451,45.47,0,0,0
1997-06-19 00:00:00,17.34,0.006944472,38.56,0,0,0
1997-06-20 00:00:00,17.09,-0.014522474,50.43,0,0,0
1997-06-23 00:00:00,17.8,0.04070496,68.34,0,0,0
1997-06-24 00:00:00,17.65,-0.008462674,43.81,0,0,0
1997-06-25 00:00:00,17.65,0,40.93,0,0,0
1997-06-26 00:00:00,17.6,-0.002836881,48.05,0,0,0
1997-06-27 00:00:00,18,0.022472856,28.15,0,0,0
1997-06-30 00:00:00,18.22,0.012148134,29.88,0,0,0
1997-07-02 00:00:00,18.83,0.032931451,36.15,0,0,0
1997-07-03 00:00:00,18.18,-0.035129254,41.29,0,0,0
1997-07-07 00:00:00,18.28,0.005485477,79.87,0,0,0
1997-07-09 00:00:00,18.25,-0.001642486,35.76,0,0,0
1997-07-10 00:00:00,18.16,-0.004943707,52.41,0,0,0
1997-07-11 00:00:00,18,-0.008849615,54.83,0,0,0
1997-07-14 00:00:00,17.79,-0.011735256,46.28,0,0,0
1997-07-15 00:00:00,18.19,0.022235491,46.3,0,0,0
1997-07-16 00:00:00,18.27,0.004388378,63.03,0,0,0
1997-07-17 00:00:00,18.83,0.030190972,55.73,0,0,0
1997-07-18 00:00:00,18.21,-0.033480449,63.51,0,0,0
1997-07-21 00:00:00,18.23,0.001097695,44.76,0,0,0
1997-07-22 00:00:00,18.47,0.013079206,69.01,0,0,0
1997-07-23 00:00:00,18.71,0.012910346,40.81,0,0,0
1997-07-24 00:00:00,18.66,-0.002675945,34.76,0,0,0
1997-07-25 00:00:00,18.77,0.005877655,35.72,0,0,0
1997-07-28 00:00:00,18.76,-0.000532907,52.71,0,0,0
1997-07-29 00:00:00,18.74,-0.001066667,56.66,0,0,0
1997-07-30 00:00:00,19.02,0.01483078,47.42,0,0,0
1997-07-31 00:00:00,18.94,-0.004214969,70.56,0,0,0
1997-08-01 00:00:00,19.33,0.020382205,60.97,0,0,0
1997-08-04 00:00:00,19.64,0.01591001,56.63,0,0,0
1997-08-05 00:00:00,19.51,-0.006641148,74.98,0,0,0
1997-08-06 00:00:00,19.21,-0.015496178,69.66,0,0,0
1997-08-07 00:00:00,18.94,-0.014154889,44.41,0,0,0
1997-08-08 00:00:00,18.56,-0.02026736,55.32,0,0,0
1997-08-11 00:00:00,18.21,-0.019037834,55.21,0,0,0
1997-08-12 00:00:00,18.56,0.019037834,45.27,0,0,0
1997-08-13 00:00:00,18.63,0.003764457,49.08,0,0,0
1997-08-14 00:00:00,19,0.019665795,47.37,0,0,0
1997-08-15 00:00:00,18.77,-0.012179129,36.73,0,0,0
1997-08-18 00:00:00,18.41,-0.019365855,29.88,0,0,0
1997-08-19 00:00:00,18.88,0.025209165,56.59,0,0,0
1997-08-20 00:00:00,18.83,-0.002651818,57.24,0,0,0
1997-08-21 00:00:00,18.26,-0.030738468,44.81,0,0,0
1997-08-25 00:00:00,17.87,-0.021589546,34.15,0,0,0
1997-08-26 00:00:00,17.58,-0.016361437,20.35,0,0,0
1997-08-27 00:00:00,17.83,0.01412054,39.52,0,0,0
1997-08-28 00:00:00,17.91,0.004476784,55.44,0,0,0
1997-08-29 00:00:00,17.98,0.003900813,63.53,0,0,0
1997-09-02 00:00:00,18.22,0.013259863,30.78,0,0,0
1997-09-03 00:00:00,18.12,-0.005503591,53.32,0,0,0
1997-09-04 00:00:00,17.92,-0.011098893,40.52,0,0,0
1997-09-05 00:00:00,18.15,0.012753153,70.48,0,0,0
1997-09-08 00:00:00,18.03,-0.006633523,40.52,0,0,0
1997-09-09 00:00:00,18.18,0.008285052,34.38,0,0,0
1997-09-10 00:00:00,18.08,-0.005515734,43.18,0,0,0
1997-09-11 00:00:00,18.21,0.007164539,58.88,0,0,0
1997-09-12 00:00:00,18.06,-0.008271346,59.34,0,0,0
1997-09-15 00:00:00,18.05,-0.000553863,42.33,0,0,0
1997-09-16 00:00:00,18.4,0.01920498,45.09,0,0,0
1997-09-17 00:00:00,18.21,-0.010379771,51.16,0,0,0
1997-09-18 00:00:00,18.14,-0.003851449,40.9,0,0,0
1997-09-19 00:00:00,18.32,0.009873915,29.68,0,0,0
1997-09-22 00:00:00,18.65,0.017852787,33.99,0,0,0
1997-09-23 00:00:00,18.57,-0.004298771,57.7,0,0,0
1997-09-24 00:00:00,18.52,-0.002696146,43.88,0,0,0
1997-09-25 00:00:00,19.05,0.028215872,45.29,0,0,0
1997-09-26 00:00:00,19.36,0.01614198,30.59,0,0,0
1997-09-29 00:00:00,19.48,0.006179216,30.89,0,0,0
1997-09-30 00:00:00,19.96,0.024341973,69.59,0,0,0
1997-10-01 00:00:00,19.87,-0.004519214,28.67,0,0,0
1997-10-02 00:00:00,20.08,0.010513238,38.87,0,0,0
1997-10-03 00:00:00,21.29,0.058513184,52.73,0,0,0
1997-10-06 00:00:00,20.94,-0.016576273,47.8,0,0,0
1997-10-07 00:00:00,20.71,-0.01104453,38.3,0,0,0
1997-10-08 00:00:00,20.79,0.003855426,33.13,0,0,0
1997-10-09 00:00:00,20.6,-0.009181026,45.67,0,0,0
1997-10-10 00:00:00,20.73,0.006290851,43.36,0,0,0
1997-10-13 00:00:00,20.08,-0.031857632,62.95,0,0,0
1997-10-14 00:00:00,19.4,-0.034451229,35.62,0,0,0
1997-10-15 00:00:00,19.27,-0.006723584,46.96,0,0,0
1997-10-16 00:00:00,19.56,0.014937182,62.9,0,0,0
1997-10-17 00:00:00,19.43,-0.006668401,58.99,0,0,0
1997-10-20 00:00:00,19.29,-0.007231436,52.01,0,0,0
1997-10-21 00:00:00,19.3,0.000518269,58.71,0,0,0
1997-10-22 00:00:00,19.86,0.028602563,62.38,0,0,0
1997-10-23 00:00:00,19.89,0.001509434,40.4,0,0,0
1997-10-24 00:00:00,19.45,-0.022370023,85.56,0,0,0
1997-10-27 00:00:00,19.63,0.009211938,79.23,0,0,0
1997-10-28 00:00:00,18.86,-0.040015731,73.19,0,0,0
1997-10-29 00:00:00,19,0.007395702,51.85,0,0,0
1997-10-30 00:00:00,19.45,0.023408091,58.99,0,0,0
1997-10-31 00:00:00,19.42,-0.001543607,75.95,0,0,0
1997-11-03 00:00:00,19.48,0.003084835,51.41,0,0,0
1997-11-04 00:00:00,19.1,-0.019699963,81.59,0,0,0
1997-11-05 00:00:00,18.93,-0.00894037,63.43,0,0,0
1997-11-06 00:00:00,18.97,0.002110819,59.04,0,0,0
1997-11-07 00:00:00,19.24,0.014132661,39.6,0,0,0
1997-11-10 00:00:00,19.14,-0.005211059,58.46,0,0,0
1997-11-12 00:00:00,19.26,0.00625002,74.79,0,0,0
1997-11-13 00:00:00,19.71,0.023095715,70.81,0,0,0
1997-11-14 00:00:00,20.24,0.026534723,57.71,0,0,0
1997-11-17 00:00:00,19.54,-0.035197198,71.86,0,0,0
1997-11-18 00:00:00,19.39,-0.007706177,76.44,0,0,0
1997-11-19 00:00:00,19.41,0.001030928,63.88,0,0,0
1997-11-20 00:00:00,18.82,-0.030868263,78.48,0,0,0
1997-11-21 00:00:00,18.83,0.000531209,92.94,0,0,0
1997-11-24 00:00:00,19.01,0.009513814,61.83,0,0,0
1997-11-25 00:00:00,19.14,0.00681523,63.7,0,0,0
1997-11-26 00:00:00,18.5,-0.034009654,36.99,0,0,0
1997-11-27 00:00:00,18.64,0.007539077,27.03,0,0,0
1997-11-28 00:00:00,18.96,0.017021688,29.03,0,0,0
1997-12-01 00:00:00,18.01,-0.051404338,72.01,0,0,0
1997-12-02 00:00:00,18.04,0.001664355,55.36,0,0,0
1997-12-03 00:00:00,17.94,-0.005558658,51.87,0,0,0
1997-12-04 00:00:00,17.7,-0.013468217,43.22,0,0,0
1997-12-05 00:00:00,17.91,0.011794576,47.76,0,0,0
1997-12-08 00:00:00,17.87,-0.002235887,36.89,0,0,0
1997-12-09 00:00:00,17.57,-0.016930427,36.51,0,0,0
1997-12-10 00:00:00,17.08,-0.028284714,29.76,0,0,0
1997-12-11 00:00:00,16.98,-0.005872007,40.25,0,0,0
1997-12-12 00:00:00,17.12,0.00821119,36.77,0,0,0
1997-12-15 00:00:00,16.89,-0.01352564,41.56,0,0,0
1997-12-16 00:00:00,16.8,-0.005342844,61.72,0,0,0
1997-12-17 00:00:00,16.98,0.010657294,49.12,0,0,0
1997-12-18 00:00:00,17.34,0.02097979,29.31,0,0,0
1997-12-19 00:00:00,17.2,-0.008106588,45.84,0,0,0
1997-12-22 00:00:00,17.04,-0.009345862,42.87,0,0,0
1997-12-23 00:00:00,17.09,0.002929976,70.41,0,0,0
1997-12-24 00:00:00,17.04,-0.002929976,37.3,0,0,0
1997-12-29 00:00:00,16.35,-0.041335624,28.14,0,0,0
1997-12-30 00:00:00,16.01,-0.02101437,25.88,0,0,0
1997-12-31 00:00:00,15.86,-0.009413311,58.73,0,0,0
1998-01-02 00:00:00,15.77,-0.005690815,60.01,0,0,0
1998-01-05 00:00:00,15.29,-0.030910381,52.94,0,0,0
1998-01-06 00:00:00,15.48,0.012349848,47.32,0,0,0
1998-01-07 00:00:00,15.33,-0.009737175,39.77,0,0,0
1998-01-08 00:00:00,15.47,0.009090972,65.38,0,0,0
1998-01-09 00:00:00,15.33,-0.009090972,38.62,0,0,0
1998-01-12 00:00:00,15.07,-0.01710568,54.25,0,0,0
1998-01-13 00:00:00,15.08,0.00066335,86.47,0,0,0
1998-01-14 00:00:00,14.81,-0.018066734,78.2,0,0,0
1998-01-15 00:00:00,14.75,-0.004059545,57.48,0,0,0
1998-01-16 00:00:00,14.89,0.009446764,73.88,0,0,0
1998-01-19 00:00:00,15.38,0.032378117,58.63,0,0,0
1998-01-20 00:00:00,14.95,-0.028356664,77.61,0,0,0
1998-01-21 00:00:00,14.67,-0.018906708,56.55,0,0,0
1998-01-22 00:00:00,14.35,-0.02205465,43.62,0,0,0
1998-01-23 00:00:00,14.26,-0.006291527,28.94,0,0,0
1998-01-26 00:00:00,14.79,0.036492862,62.9,0,0,0
1998-01-27 00:00:00,15.74,0.062253966,62.32,0,0,0
1998-01-28 00:00:00,15.64,-0.006373508,56.05,0,0,0
1998-01-29 00:00:00,16.28,0.040105625,65.6,0,0,0
1998-01-30 00:00:00,15.59,-0.043307678,41.34,0,0,0
1998-02-02 00:00:00,15.28,-0.020084899,76.61,0,0,0
1998-02-03 00:00:00,14.87,-0.027199023,73.68,0,0,0
1998-02-04 00:00:00,14.56,-0.021067718,79.79,0,0,0
1998-02-05 00:00:00,14.83,0.018374113,77.37,0,0,0
1998-02-06 00:00:00,15.05,0.014725835,50.55,0,0,0
1998-02-09 00:00:00,14.77,-0.018779895,82.72,0,0,0
1998-02-10 00:00:00,14.6,-0.011576568,93.54,0,0,0
1998-02-11 00:00:00,14.35,-0.017271587,95.98,0,0,0
1998-02-12 00:00:00,14.04,-0.021839544,54.48,0,0,0
1998-02-13 00:00:00,14.05,0.000711997,69.07,0,0,0
1998-02-16 00:00:00,13.5,-0.03993271,75.74,0,0,0
1998-02-17 00:00:00,13.5,0,101.82,0,0,0
1998-02-18 00:00:00,13.46,-0.002967361,101.65,0,0,0
1998-02-19 00:00:00,14.02,0.040762557,92.9,0,0,0
1998-02-20 00:00:00,13.91,-0.007876876,81.19,0,0,0
1998-02-23 00:00:00,13.26,-0.047856021,110.17,0,0,0
1998-02-24 00:00:00,13.08,-0.013667639,141.65,0,0,0
1998-02-25 00:00:00,13.35,0.020432039,89.92,0,0,0
1998-02-26 00:00:00,13.38,0.00224467,43.71,0,0,0
1998-02-27 00:00:00,13.53,0.011148387,92.5,0,0,0
1998-03-02 00:00:00,13.37,-0.011896051,70.01,0,0,0
1998-03-03 00:00:00,13.18,-0.014312862,76.34,0,0,0
1998-03-04 00:00:00,13.09,-0.006851949,58.01,0,0,0
1998-03-05 00:00:00,13.18,0.006851949,64.95,0,0,0
1998-03-06 00:00:00,12.85,-0.025356718,51.98,0,0,0
1998-03-09 00:00:00,12.24,-0.048634534,72.01,0,0,0
1998-03-10 00:00:00,12.36,0.009756175,68.44,0,0,0
1998-03-11 00:00:00,12.41,0.004037147,38.73,0,0,0
1998-03-12 00:00:00,12.3,-0.008903337,84.08,0,0,0
1998-03-13 00:00:00,12.25,-0.004073325,80.39,0,0,0
1998-03-16 00:00:00,11.74,-0.042524123,54.3,0,0,0
1998-03-17 00:00:00,11.05,-0.060571386,58.22,0,0,0
1998-03-18 00:00:00,12.21,0.09982486,42.61,0,0,0
1998-03-19 00:00:00,12.41,0.016247311,53.38,0,0,0
1998-03-20 00:00:00,12.35,-0.004846536,50.36,0,0,0
1998-03-23 00:00:00,14.53,0.162559415,73.15,0,0,0
1998-03-24 00:00:00,14.02,-0.035730596,67.28,0,0,0
1998-03-25 00:00:00,14.41,0.027437528,64.21,0,0,0
1998-03-26 00:00:00,15.18,0.052056362,64.84,0,0,0
1998-03-27 00:00:00,14.92,-0.017276177,49.52,0,0,0
1998-03-30 00:00:00,14.35,-0.038952653,67.75,0,0,0
1998-03-31 00:00:00,13.87,-0.034021708,56.04,0,0,0
1998-04-01 00:00:00,13.72,-0.010873612,49.62,0,0,0
1998-04-02 00:00:00,13.38,-0.025093568,67.78,0,0,0
1998-04-03 00:00:00,13.63,0.018512191,52.86,0,0,0
1998-04-06 00:00:00,13.13,-0.037373557,44.51,0,0,0
1998-04-07 00:00:00,12.82,-0.023893237,68.94,0,0,0
1998-04-08 00:00:00,12.79,-0.002342836,23.96,0,0,0
1998-04-09 00:00:00,13.23,0.033823363,38.35,0,0,0
1998-04-14 00:00:00,13.15,-0.00606522,69.81,0,0,0
1998-04-15 00:00:00,13.31,0.012093874,57.95,0,0,0
1998-04-16 00:00:00,13.68,0.02741928,40.08,0,0,0
1998-04-17 00:00:00,14.06,0.027398974,61.24,0,0,0
1998-04-20 00:00:00,13.82,-0.017217068,30.71,0,0,0
1998-04-21 00:00:00,13.95,0.00936269,64.2,0,0,0
1998-04-22 00:00:00,13.71,-0.017354015,48.76,0,0,0
1998-04-23 00:00:00,13.42,-0.021379362,67.66,0,0,0
1998-04-24 00:00:00,13.32,-0.007479466,75.15,0,0,0
1998-04-27 00:00:00,13.65,0.024472857,65.38,0,0,0
1998-04-28 00:00:00,13.88,0.016709433,72.84,0,0,0
1998-04-29 00:00:00,14.09,0.015016371,50.15,0,0,0
1998-04-30 00:00:00,13.79,-0.021521634,56.65,0,0,0
1998-05-01 00:00:00,14.6,0.057077837,74.76,0,0,0
1998-05-05 00:00:00,14.13,-0.032721332,55.65,0,0,0
1998-05-06 00:00:00,13.91,-0.015692191,54.95,0,0,0
1998-05-07 00:00:00,13.81,-0.007215039,66.52,0,0,0
1998-05-08 00:00:00,13.94,0.009369438,63.02,0,0,0
1998-05-11 00:00:00,14.41,0.033160005,99.14,0,0,0
1998-05-12 00:00:00,14.75,0.023320673,150.18,0,0,0
1998-05-13 00:00:00,14.15,-0.041528459,199.97,0,0,0
1998-05-14 00:00:00,14.29,0.009845368,167.04,0,0,0
1998-05-15 00:00:00,14.33,0.00279525,154.14,0,0,0
1998-05-18 00:00:00,14.72,0.026851871,112.93,0,0,0
1998-05-19 00:00:00,14.87,0.010138647,119.88,0,0,0
1998-05-20 00:00:00,14.58,-0.019695034,96.74,0,0,0
1998-05-21 00:00:00,14.29,-0.020090735,84.06,0,0,0
1998-05-22 00:00:00,14.33,0.00279525,78.94,0,0,0
1998-05-26 00:00:00,14.27,-0.00419581,90.61,0,0,0
1998-05-27 00:00:00,14.78,0.035115484,92.51,0,0,0
1998-05-28 00:00:00,14.71,-0.004747381,78.23,0,0,0
1998-05-29 00:00:00,14.03,-0.04732964,156.81,0,0,0
1998-06-01 00:00:00,13.66,-0.02672604,113.19,0,0,0
1998-06-02 00:00:00,13.62,-0.002932553,78.05,0,0,0
1998-06-03 00:00:00,13.23,-0.029052323,80.25,0,0,0
1998-06-04 00:00:00,13.71,0.035638515,75.47,0,0,0
1998-06-05 00:00:00,13.95,0.017354015,79.52,0,0,0
1998-06-08 00:00:00,13.56,-0.028355226,126.31,0,0,0
1998-06-09 00:00:00,12.76,-0.060809005,70.48,0,0,0
1998-06-10 00:00:00,12.23,-0.042423328,110.42,0,0,0
1998-06-11 00:00:00,12.12,-0.009034969,94.78,0,0,0
1998-06-12 00:00:00,11.62,-0.042129229,107.57,0,0,0
1998-06-15 00:00:00,10.77,-0.07596326,94.83,0,0,0
1998-06-16 00:00:00,10.77,0,96.35,0,0,0
1998-06-17 00:00:00,11.3,0.048038235,56.24,0,0,0
1998-06-18 00:00:00,10.88,-0.037876484,75.34,0,0,0
1998-06-19 00:00:00,10.89,0.000918696,98.71,0,0,0
1998-06-22 00:00:00,11.23,0.030743832,49.99,0,0,0
1998-06-23 00:00:00,12.09,0.073789896,69.9,0,0,0
1998-06-24 00:00:00,12.5,0.03334998,88.19,0,0,0
1998-06-25 00:00:00,11.94,-0.045834536,73.03,0,0,0
1998-06-26 00:00:00,12.04,0.008340332,57.46,0,0,0
1998-06-29 00:00:00,11.83,-0.017595762,52.8,0,0,0
1998-06-30 00:00:00,11.84,0.000844951,39.84,0,0,0
1998-07-01 00:00:00,11.93,0.007572607,69.14,0,0,0
1998-07-02 00:00:00,11.95,0.001675042,59.38,0,0,0
1998-07-03 00:00:00,11.79,-0.013479564,70.32,0,0,0
1998-07-06 00:00:00,11.7,-0.007662873,56.49,0,0,0
1998-07-07 00:00:00,11.66,-0.003424661,56.38,0,0,0
1998-07-08 00:00:00,11.71,0.004278997,70.35,0,0,0
1998-07-09 00:00:00,11.61,-0.008576382,51.84,0,0,0
1998-07-10 00:00:00,11.61,0,67.54,0,0,0
1998-07-13 00:00:00,11.56,-0.004315932,53.99,0,0,0
1998-07-14 00:00:00,11.83,0.023087815,35.13,0,0,0
1998-07-15 00:00:00,11.79,-0.003386963,75,0,0,0
1998-07-16 00:00:00,12.65,0.070405501,56.34,0,0,0
1998-07-17 00:00:00,12.38,-0.021574948,33.86,0,0,0
1998-07-20 00:00:00,12.11,-0.02205071,51.51,0,0,0
1998-07-21 00:00:00,12.01,-0.008291921,56.21,0,0,0
1998-07-22 00:00:00,12.21,0.016515652,58.46,0,0,0
1998-07-23 00:00:00,12.23,0.001636662,48.82,0,0,0
1998-07-24 00:00:00,12.05,-0.01482729,49.49,0,0,0
1998-07-27 00:00:00,12.53,0.039061109,66.49,0,0,0
1998-07-28 00:00:00,12.74,0.016620881,76.3,0,0,0
1998-07-29 00:00:00,12.6,-0.011049836,39.73,0,0,0
1998-07-30 00:00:00,12.55,-0.003976148,63.7,0,0,0
1998-07-31 00:00:00,12.63,0.006354271,52,0,0,0
1998-08-03 00:00:00,12.04,-0.047840496,72.19,0,0,0
1998-08-04 00:00:00,12.03,-0.00083091,112.17,0,0,0
1998-08-05 00:00:00,12.32,0.023820428,112.51,0,0,0
1998-08-06 00:00:00,12.08,-0.019672766,91.76,0,0,0
1998-08-07 00:00:00,12.05,-0.002486533,80.12,0,0,0
1998-08-10 00:00:00,11.62,-0.036336909,98.03,0,0,0
1998-08-11 00:00:00,11.16,-0.040391794,101.06,0,0,0
1998-08-12 00:00:00,11.24,0.007142888,86.41,0,0,0
1998-08-13 00:00:00,11.48,0.021127546,64.66,0,0,0
1998-08-14 00:00:00,11.46,-0.00174368,57.06,0,0,0
1998-08-17 00:00:00,11.93,0.040193525,145.22,0,0,0
1998-08-18 00:00:00,11.87,-0.005042027,94.86,0,0,0
1998-08-19 00:00:00,11.99,0.01005876,79.32,0,0,0
1998-08-20 00:00:00,12.21,0.018182319,62.95,0,0,0
1998-08-21 00:00:00,12.02,-0.015683359,202.75,0,0,0
1998-08-24 00:00:00,12.15,0.010757241,143.31,0,0,0
1998-08-25 00:00:00,12.43,0.022783736,135.13,0,0,0
1998-08-26 00:00:00,12.24,-0.015403628,144.61,0,0,0
1998-08-27 00:00:00,11.9,-0.028170877,66.36,0,0,0
1998-08-28 00:00:00,12.06,0.013355791,85.6,0,0,0
1998-09-01 00:00:00,12.11,0.004137366,83.82,0,0,0
1998-09-02 00:00:00,12.05,-0.004966898,95.76,0,0,0
1998-09-03 00:00:00,12.54,0.039858875,68.16,0,0,0
1998-09-04 00:00:00,12.96,0.032944156,60.81,0,0,0
1998-09-07 00:00:00,12.51,-0.035339366,45.1,0,0,0
1998-09-08 00:00:00,12.53,0.001597444,68.2,0,0,0
1998-09-09 00:00:00,12.53,0,53.86,0,0,0
1998-09-10 00:00:00,12.82,0.022880683,63.7,0,0,0
1998-09-11 00:00:00,12.66,-0.012559035,67.89,0,0,0
1998-09-14 00:00:00,12.47,-0.015121657,65.6,0,0,0
1998-09-15 00:00:00,12.61,0.01116439,71.1,0,0,0
1998-09-16 00:00:00,12.65,0.003167065,53,0,0,0
1998-09-17 00:00:00,12.97,0.024981783,63.41,0,0,0
1998-09-18 00:00:00,13.92,0.070687657,54.07,0,0,0
1998-09-21 00:00:00,14.31,0.027631939,56.56,0,0,0
1998-09-22 00:00:00,14.36,0.00348797,60.29,0,0,0
1998-09-23 00:00:00,14.67,0.021358029,65.48,0,0,0
1998-09-24 00:00:00,14.84,0.011521646,80.17,0,0,0
1998-09-25 00:00:00,14.55,-0.019735244,85.16,0,0,0
1998-09-28 00:00:00,14.41,-0.009668584,48.21,0,0,0
1998-09-29 00:00:00,14.38,-0.002084058,87.75,0,0,0
1998-09-30 00:00:00,14.71,0.022689182,44.01,0,0,0
1998-10-01 00:00:00,14.46,-0.017141318,62.72,0,0,0
1998-10-02 00:00:00,14.21,-0.017440275,54.4,0,0,0
1998-10-05 00:00:00,14.1,-0.007771145,58.56,0,0,0
1998-10-06 00:00:00,13.98,-0.008547061,73.9,0,0,0
1998-10-07 00:00:00,13.88,-0.007178782,68.12,0,0,0
1998-10-08 00:00:00,13.23,-0.047961977,60.23,0,0,0
1998-10-09 00:00:00,12.87,-0.027587957,74.66,0,0,0
1998-10-12 00:00:00,13.18,0.023801507,32.98,0,0,0
1998-10-13 00:00:00,12.73,-0.034739117,60.97,0,0,0
1998-10-14 00:00:00,12.26,-0.037619482,53.38,0,0,0
1998-10-15 00:00:00,11.98,-0.023103338,67.95,0,0,0
1998-10-16 00:00:00,12.11,0.010792965,31.09,0,0,0
1998-10-19 00:00:00,11.6,-0.043026459,73.69,0,0,0
1998-10-20 00:00:00,11.29,-0.02708772,88.73,0,0,0
1998-10-21 00:00:00,11.94,0.05597673,57.27,0,0,0
1998-10-22 00:00:00,11.68,-0.022016131,57.41,0,0,0
1998-10-23 00:00:00,12.18,0.041917285,81.2,0,0,0
1998-10-26 00:00:00,12.74,0.044951388,76.06,0,0,0
1998-10-27 00:00:00,12.46,-0.022223137,64.64,0,0,0
1998-10-28 00:00:00,12.26,-0.016181583,40.4,0,0,0
1998-10-29 00:00:00,12.31,0.00407001,43.02,0,0,0
1998-10-30 00:00:00,12,-0.02550529,50.96,0,0,0
1998-11-02 00:00:00,12.43,0.035206256,73.69,0,0,0
1998-11-03 00:00:00,11.93,-0.041056669,75.81,0,0,0
1998-11-04 00:00:00,11.88,-0.004199922,64.02,0,0,0
1998-11-05 00:00:00,11.73,-0.012706651,60.18,0,0,0
1998-11-06 00:00:00,11.51,-0.01893344,46.99,0,0,0
1998-11-09 00:00:00,11.15,-0.031776725,51.54,0,0,0
1998-11-10 00:00:00,11.18,0.00268697,51.31,0,0,0
1998-11-11 00:00:00,11.45,0.023863262,71.33,0,0,0
1998-11-12 00:00:00,11.56,0.009561133,77.1,0,0,0
1998-11-13 00:00:00,11.46,-0.008688152,94.56,0,0,0
1998-11-16 00:00:00,11.1,-0.031917603,137.29,0,0,0
1998-11-17 00:00:00,10.62,-0.044206093,96.58,0,0,0
1998-11-18 00:00:00,10.25,-0.03546131,81.43,0,0,0
1998-11-19 00:00:00,10.45,0.019324273,61.51,0,0,0
1998-11-20 00:00:00,10.4,-0.004796172,50.57,0,0,0
1998-11-23 00:00:00,10.54,0.013371737,67.82,0,0,0
1998-11-24 00:00:00,10.58,0.003787883,67.53,0,0,0
1998-11-25 00:00:00,10.51,-0.006638242,62.28,0,0,0
1998-11-26 00:00:00,10.41,-0.009560302,41.03,0,0,0
1998-11-27 00:00:00,10.77,0.033997609,64.35,0,0,0
1998-11-30 00:00:00,9.91,-0.083220143,50.91,0,0,0
1998-12-01 00:00:00,9.87,-0.004044495,41.93,0,0,0
1998-12-02 00:00:00,9.71,-0.016343571,67.72,0,0,0
1998-12-03 00:00:00,10.05,0.034416352,41.62,0,0,0
1998-12-04 00:00:00,9.73,-0.032358738,39.65,0,0,0
1998-12-07 00:00:00,9.7,-0.003088011,28.28,0,0,0
1998-12-08 00:00:00,9.68,-0.002063984,67.6,0,0,0
1998-12-09 00:00:00,9.46,-0.022989518,54.85,0,0,0
1998-12-10 00:00:00,9.1,-0.03879797,72.01,0,0,0
1998-12-11 00:00:00,9.26,0.017429635,25.81,0,0,0
1998-12-14 00:00:00,9.45,0.020310693,45.71,0,0,0
1998-12-15 00:00:00,9.57,0.012618464,56.48,0,0,0
1998-12-16 00:00:00,10.87,0.127373496,86.94,0,0,0
1998-12-17 00:00:00,9.92,-0.09145378,155.89,0,0,0
1998-12-18 00:00:00,9.62,-0.030708657,208.01,0,0,0
1998-12-21 00:00:00,9.45,-0.017829523,140.88,0,0,0
1998-12-22 00:00:00,9.83,0.039424193,116.3,0,0,0
1998-12-23 00:00:00,9.91,0.008105414,111.35,0,0,0
1998-12-24 00:00:00,9.91,0,53.26,0,0,0
1998-12-29 00:00:00,10.23,0.031780232,93.67,0,0,0
1998-12-30 00:00:00,10.45,0.021277398,92.24,0,0,0
1998-12-31 00:00:00,10.54,0.008575565,87.94,0,0,0
1999-01-04 00:00:00,10.94,0.037248254,54.95,0,0,0
1999-01-05 00:00:00,10.3,-0.060281902,60.68,0,0,0
1999-01-06 00:00:00,10.67,0.03529217,62.19,0,0,0
1999-01-07 00:00:00,11.08,0.037705616,68.03,0,0,0
1999-01-08 00:00:00,11.7,0.05444716,70.81,0,0,0
1999-01-11 00:00:00,12.07,0.031134193,71.62,0,0,0
1999-01-12 00:00:00,11.78,-0.024319857,76.67,0,0,0
1999-01-13 00:00:00,10.9,-0.077640389,76.02,0,0,0
1999-01-14 00:00:00,11.1,0.018182319,94.64,0,0,0
1999-01-15 00:00:00,10.97,-0.011780834,75.98,0,0,0
1999-01-18 00:00:00,10.81,-0.014692643,66.02,0,0,0
1999-01-19 00:00:00,11.19,0.034548891,69.47,0,0,0
1999-01-20 00:00:00,10.85,-0.030855442,50.33,0,0,0
1999-01-21 00:00:00,11.14,0.026377155,26.96,0,0,0
1999-01-22 00:00:00,11.23,0.008046534,68.17,0,0,0
1999-01-25 00:00:00,11.21,-0.001782532,100.27,0,0,0
1999-01-26 00:00:00,10.84,-0.033563241,68.8,0,0,0
1999-01-27 00:00:00,11.03,0.017375837,50.64,0,0,0
1999-01-28 00:00:00,11.14,0.009923401,58.94,0,0,0
1999-01-29 00:00:00,11.34,0.017794064,71.37,0,0,0
1999-02-01 00:00:00,10.81,-0.047864667,67.37,0,0,0
1999-02-02 00:00:00,10.39,-0.039627827,58.24,0,0,0
1999-02-03 00:00:00,10.78,0.03684876,58.17,0,0,0
1999-02-04 00:00:00,10.42,-0.033965529,32.51,0,0,0
1999-02-05 00:00:00,10.18,-0.023302025,46.35,0,0,0
1999-02-08 00:00:00,9.97,-0.020844427,38.3,0,0,0
1999-02-09 00:00:00,9.77,-0.020264118,56.87,0,0,0
1999-02-10 00:00:00,9.88,0.011196046,72.6,0,0,0
1999-02-11 00:00:00,9.82,-0.006091389,66.79,0,0,0
1999-02-12 00:00:00,9.97,0.015159462,63.81,0,0,0
1999-02-16 00:00:00,9.98,0.001002506,85.61,0,0,0
1999-02-17 00:00:00,10.09,0.010961744,65.65,0,0,0
1999-02-18 00:00:00,9.93,-0.015984356,52.09,0,0,0
1999-02-19 00:00:00,10.29,0.035612072,50.05,0,0,0
1999-02-22 00:00:00,10.24,-0.00487093,110.3,0,0,0
1999-02-23 00:00:00,10.58,0.032663807,93.56,0,0,0
1999-02-24 00:00:00,10.64,0.005655057,57.22,0,0,0
1999-02-25 00:00:00,10.84,0.018622512,52.86,0,0,0
1999-02-26 00:00:00,10.58,-0.02427757,78.44,0,0,0
1999-03-01 00:00:00,10.52,-0.005687219,88.9,0,0,0
1999-03-02 00:00:00,10.41,-0.010511325,86.09,0,0,0
1999-03-03 00:00:00,10.81,0.037704749,71.62,0,0,0
1999-03-04 00:00:00,11.2,0.035442147,62.39,0,0,0
1999-03-05 00:00:00,11.02,-0.016201975,45.17,0,0,0
1999-03-08 00:00:00,11.49,0.041765288,72.26,0,0,0
1999-03-09 00:00:00,11.25,-0.021108963,59.75,0,0,0
1999-03-10 00:00:00,11.46,0.018494583,61.97,0,0,0
1999-03-11 00:00:00,11.86,0.034308682,104.15,0,0,0
1999-03-12 00:00:00,12.3,0.036427869,68.95,0,0,0
1999-03-15 00:00:00,12.17,-0.010625355,76.31,0,0,0
1999-03-16 00:00:00,12.11,-0.004942349,107.53,0,0,0
1999-03-17 00:00:00,12.95,0.067064231,85.49,0,0,0
1999-03-18 00:00:00,13.35,0.030420597,73.81,0,0,0
1999-03-19 00:00:00,13.15,-0.015094626,83.97,0,0,0
1999-03-22 00:00:00,13.37,0.016591632,74.94,0,0,0
1999-03-23 00:00:00,13.64,0.019993261,99.04,0,0,0
1999-03-24 00:00:00,13.37,-0.019993261,131.06,0,0,0
1999-03-25 00:00:00,13.5,0.009676294,127.63,0,0,0
1999-03-26 00:00:00,13.97,0.034222488,108.91,0,0,0
1999-03-29 00:00:00,14.34,0.026140662,133.11,0,0,0
1999-03-30 00:00:00,14.5,0.011095814,105.31,0,0,0
1999-03-31 00:00:00,15.02,0.035233997,100.82,0,0,0
1999-04-01 00:00:00,14.6,-0.028361118,121.05,0,0,0
1999-04-06 00:00:00,14.53,-0.004806051,135.43,0,0,0
1999-04-07 00:00:00,14.14,-0.027207817,119.26,0,0,0
1999-04-08 00:00:00,13.72,-0.030153038,116.18,0,0,0
1999-04-09 00:00:00,14.11,0.028029144,110.03,0,0,0
1999-04-12 00:00:00,14.23,0.008468646,92.88,0,0,0
1999-04-13 00:00:00,14.68,0.031133611,142.84,0,0,0
1999-04-14 00:00:00,14.45,-0.015791609,126.71,0,0,0
1999-04-15 00:00:00,14.82,0.025283205,145.27,0,0,0
1999-04-16 00:00:00,15.34,0.034486176,107.31,0,0,0
1999-04-19 00:00:00,16.01,0.042749731,120.92,0,0,0
1999-04-20 00:00:00,16.04,0.001872075,143.04,0,0,0
1999-04-21 00:00:00,15.96,-0.00500001,87.33,0,0,0
1999-04-22 00:00:00,16.29,0.020465831,67.32,0,0,0
1999-04-23 00:00:00,16.07,-0.013597243,78.87,0,0,0
1999-04-26 00:00:00,15.63,-0.027762035,111.66,0,0,0
1999-04-27 00:00:00,15.91,0.017755698,102.79,0,0,0
1999-04-28 00:00:00,16.38,0.029113236,112.73,0,0,0
1999-04-29 00:00:00,16.53,0.009115833,126.86,0,0,0
1999-04-30 00:00:00,16.45,-0.004851435,110.62,0,0,0
1999-05-04 00:00:00,16.98,0.031710704,84.76,0,0,0
1999-05-05 00:00:00,16.85,-0.007685524,87.69,0,0,0
1999-05-06 00:00:00,16.44,-0.024633267,87.47,0,0,0
1999-05-07 00:00:00,15.66,-0.048607699,116.54,0,0,0
1999-05-10 00:00:00,15.72,0.003824096,60.02,0,0,0
1999-05-11 00:00:00,15.23,-0.03166662,82.03,0,0,0
1999-05-12 00:00:00,14.74,-0.03270228,98.62,0,0,0
1999-05-13 00:00:00,15.21,0.03138822,116.23,0,0,0
1999-05-14 00:00:00,15.18,-0.001974334,85.93,0,0,0
1999-05-17 00:00:00,14.98,-0.013262794,78.25,0,0,0
1999-05-18 00:00:00,14.43,-0.037406605,89.88,0,0,0
1999-05-19 00:00:00,14.42,-0.000693241,56,0,0,0
1999-05-20 00:00:00,14.44,0.001386002,72.84,0,0,0
1999-05-21 00:00:00,14.49,0.003456623,96.51,0,0,0
1999-05-24 00:00:00,14.83,0.0231934,41.36,0,0,0
1999-05-25 00:00:00,14.71,-0.008124622,109.62,0,0,0
1999-05-26 00:00:00,15.18,0.031451237,137.9,0,0,0
1999-05-27 00:00:00,15.04,-0.009265453,108.93,0,0,0
1999-05-28 00:00:00,14.75,-0.019470236,104.46,0,0,0
1999-06-01 00:00:00,14.22,-0.036593658,92.81,0,0,0
1999-06-02 00:00:00,14.28,0.004210533,94.24,0,0,0
1999-06-03 00:00:00,14.26,-0.001401542,75.79,0,0,0
1999-06-04 00:00:00,15.21,0.064494691,88.1,0,0,0
1999-06-07 00:00:00,15.98,0.049384834,87.56,0,0,0
1999-06-08 00:00:00,16.25,0.016754968,111.89,0,0,0
1999-06-09 00:00:00,16.19,-0.003699141,97,0,0,0
1999-06-10 00:00:00,15.99,-0.012430241,84.43,0,0,0
1999-06-11 00:00:00,16.25,0.016129382,127.84,0,0,0
1999-06-14 00:00:00,16.05,-0.012384059,98.05,0,0,0
1999-06-15 00:00:00,16.33,0.017295057,87.51,0,0,0
1999-06-16 00:00:00,16.29,-0.002452484,88.03,0,0,0
1999-06-17 00:00:00,16,-0.0179627,83.03,0,0,0
1999-06-18 00:00:00,15.93,-0.004384598,88.02,0,0,0
1999-06-21 00:00:00,15.64,-0.018372389,74.4,0,0,0
1999-06-22 00:00:00,15.91,0.017116107,58,0,0,0
1999-06-23 00:00:00,16.04,0.00813776,72.41,0,0,0
1999-06-24 00:00:00,16.28,0.014851758,80.3,0,0,0
1999-06-25 00:00:00,16.27,-0.000614439,80.66,0,0,0
1999-06-28 00:00:00,16.27,0,66.18,0,0,0
1999-06-29 00:00:00,16.38,0.006738157,95.65,0,0,0
1999-06-30 00:00:00,16.97,0.035386001,31.17,0,0,0
1999-07-01 00:00:00,17.25,0.016365064,69.8,0,0,0
1999-07-02 00:00:00,17.55,0.017241806,77.98,0,0,0
1999-07-06 00:00:00,18.47,0.051093844,44.81,0,0,0
1999-07-07 00:00:00,18.36,-0.005973409,58.77,0,0,0
1999-07-08 00:00:00,18.74,0.020485892,54.55,0,0,0
1999-07-09 00:00:00,18.9,0.008501645,81.18,0,0,0
1999-07-12 00:00:00,18.94,0.002114166,94.64,0,0,0
1999-07-13 00:00:00,19.49,0.028625426,80.14,0,0,0
1999-07-14 00:00:00,19.48,-0.000513215,77.32,0,0,0
1999-07-15 00:00:00,18.9,-0.030226376,101.28,0,0,0
1999-07-16 00:00:00,19.42,0.027141541,75.42,0,0,0
1999-07-19 00:00:00,19.75,0.016850028,56.21,0,0,0
1999-07-20 00:00:00,19.33,-0.021495198,77.61,0,0,0
1999-07-21 00:00:00,18.62,-0.037422021,68.27,0,0,0
1999-07-22 00:00:00,19.01,0.020728885,57.88,0,0,0
1999-07-23 00:00:00,19.69,0.035145736,45.24,0,0,0
1999-07-26 00:00:00,19.73,0.002029427,76.29,0,0,0
1999-07-27 00:00:00,19.46,-0.013779243,87.85,0,0,0
1999-07-28 00:00:00,19.65,0.009716262,49.35,0,0,0
1999-07-29 00:00:00,19.97,0.016153809,59.26,0,0,0
1999-07-30 00:00:00,19.97,0,38.74,0,0,0
1999-08-02 00:00:00,19.21,-0.038800171,56.69,0,0,0
1999-08-03 00:00:00,19.32,0.005709852,90.02,0,0,0
1999-08-04 00:00:00,19.38,0.003100778,73.89,0,0,0
1999-08-05 00:00:00,19.64,0.013326696,39.12,0,0,0
1999-08-06 00:00:00,19.66,0.001017812,63.16,0,0,0
1999-08-09 00:00:00,19.34,-0.016410625,94.41,0,0,0
1999-08-10 00:00:00,20.18,0.042516525,87.67,0,0,0
1999-08-11 00:00:00,20.58,0.019627715,79.38,0,0,0
1999-08-12 00:00:00,20.32,-0.012714108,71.07,0,0,0
1999-08-13 00:00:00,20.61,0.014170772,84.46,0,0,0
1999-08-16 00:00:00,20.68,0.003390655,81.29,0,0,0
1999-08-17 00:00:00,20.61,-0.003390655,68.26,0,0,0
1999-08-18 00:00:00,20.69,0.003874097,67.75,0,0,0
1999-08-19 00:00:00,20.92,0.011055147,48.92,0,0,0
1999-08-20 00:00:00,21.11,0.009041223,63.82,0,0,0
1999-08-23 00:00:00,20.96,-0.007131002,56.15,0,0,0
1999-08-24 00:00:00,20.48,-0.023167059,77.73,0,0,0
1999-08-25 00:00:00,19.71,-0.038322679,66.19,0,0,0
1999-08-26 00:00:00,19.8,0.004555817,50.19,0,0,0
1999-08-27 00:00:00,20.32,0.025923685,60.23,0,0,0
1999-08-31 00:00:00,21.08,0.036719101,55.67,0,0,0
1999-09-01 00:00:00,21.1,0.000948317,55.62,0,0,0
1999-09-02 00:00:00,20.66,-0.021073577,67.72,0,0,0
1999-09-03 00:00:00,20.74,0.003864739,74.19,0,0,0
1999-09-06 00:00:00,21.14,0.019102778,108.61,0,0,0
1999-09-07 00:00:00,21.71,0.026606003,91.28,0,0,0
1999-09-08 00:00:00,21.96,0.011449633,73.61,0,0,0
1999-09-09 00:00:00,22.51,0.024737038,53.7,0,0,0
1999-09-10 00:00:00,22.36,-0.006686007,66.92,0,0,0
1999-09-13 00:00:00,22.98,0.027350624,107.21,0,0,0
1999-09-14 00:00:00,23.18,0.008665565,95.82,0,0,0
1999-09-15 00:00:00,23.25,0.003015294,60.67,0,0,0
1999-09-16 00:00:00,23.06,-0.008205617,39.84,0,0,0
1999-09-17 00:00:00,22.93,-0.005653418,70.67,0,0,0
1999-09-20 00:00:00,22.85,-0.00349498,110.3,0,0,0
1999-09-21 00:00:00,22.68,-0.007467638,66.46,0,0,0
1999-09-22 00:00:00,22.49,-0.008412713,77.76,0,0,0
1999-09-23 00:00:00,23.41,0.040092516,66.75,0,0,0
1999-09-24 00:00:00,23.66,0.010622577,62.18,0,0,0
1999-09-27 00:00:00,23.6,-0.002539147,65.6,0,0,0
1999-09-28 00:00:00,23.24,-0.01537178,75.29,0,0,0
1999-09-29 00:00:00,23.46,0.009421911,68.88,0,0,0
1999-09-30 00:00:00,22.98,-0.020672571,37.58,0,0,0
1999-10-01 00:00:00,22.98,0,90.72,0,0,0
1999-10-04 00:00:00,23.3,0.013829088,50.74,0,0,0
1999-10-05 00:00:00,22.64,-0.028735107,62.44,0,0,0
1999-10-06 00:00:00,23.07,0.018814819,79.08,0,0,0
1999-10-07 00:00:00,22.33,-0.032602006,91.78,0,0,0
1999-10-08 00:00:00,20.78,-0.07194008,72.01,0,0,0
1999-10-11 00:00:00,20.84,0.002883231,110.66,0,0,0
1999-10-12 00:00:00,21.89,0.049155695,64.89,0,0,0
1999-10-13 00:00:00,22.26,0.016761434,76.05,0,0,0
1999-10-14 00:00:00,22.28,0.000898069,103.61,0,0,0
1999-10-15 00:00:00,21.65,-0.028683961,88.76,0,0,0
1999-10-18 00:00:00,22.26,0.027785891,77.12,0,0,0
1999-10-19 00:00:00,21.59,-0.030561101,81.91,0,0,0
1999-10-20 00:00:00,21.02,-0.026755879,48.62,0,0,0
1999-10-21 00:00:00,21.68,0.030915811,46.21,0,0,0
1999-10-22 00:00:00,22.38,0.031777526,70.42,0,0,0
1999-10-25 00:00:00,22.45,0.003122911,62.24,0,0,0
1999-10-26 00:00:00,22.14,-0.013904687,120.31,0,0,0
1999-10-27 00:00:00,22.18,0.001805055,74.07,0,0,0
1999-10-28 00:00:00,21.22,-0.044246849,78.48,0,0,0
1999-10-29 00:00:00,21.11,-0.005197271,63.04,0,0,0
1999-11-01 00:00:00,21.32,0.009898737,78.87,0,0,0
1999-11-02 00:00:00,21.98,0.03048735,45.42,0,0,0
1999-11-03 00:00:00,22.38,0.018034754,52.71,0,0,0
1999-11-04 00:00:00,22.64,0.01155055,53.38,0,0,0
1999-11-05 00:00:00,22.8,0.007042283,37.58,0,0,0
1999-11-08 00:00:00,23.62,0.035333275,44.76,0,0,0
1999-11-09 00:00:00,24.44,0.034127324,50.34,0,0,0
1999-11-10 00:00:00,25.42,0.039315131,55.65,0,0,0
1999-11-11 00:00:00,24.96,-0.018261722,65.29,0,0,0
1999-11-12 00:00:00,25.39,0.017080852,44.01,0,0,0
1999-11-15 00:00:00,25.93,0.021045204,79.05,0,0,0
1999-11-16 00:00:00,24.88,-0.041336332,64.76,0,0,0
1999-11-17 00:00:00,24.98,0.004011237,44.24,0,0,0
1999-11-18 00:00:00,25.02,0.0016,61.69,0,0,0
1999-11-19 00:00:00,25.14,0.004784698,54.82,0,0,0
1999-11-22 00:00:00,25.86,0.02823717,48.36,0,0,0
1999-11-23 00:00:00,25.66,-0.007764014,90.53,0,0,0
1999-11-24 00:00:00,25.77,0.004277665,90.94,0,0,0
1999-11-25 00:00:00,25.94,0.006575154,61.52,0,0,0
1999-11-26 00:00:00,25.85,-0.003475578,70.55,0,0,0
1999-11-29 00:00:00,25.67,-0.006987606,75.61,0,0,0
1999-11-30 00:00:00,25.2,-0.018479,91.4,0,0,0
1999-12-01 00:00:00,24.2,-0.040491361,30.88,0,0,0
1999-12-02 00:00:00,25.52,0.053109825,51.4,0,0,0
1999-12-03 00:00:00,26.17,0.025151258,50.11,0,0,0
1999-12-06 00:00:00,26.46,0.011020442,56.56,0,0,0
1999-12-07 00:00:00,26.1,-0.013698844,77.11,0,0,0
1999-12-08 00:00:00,25.45,-0.025219571,65.4,0,0,0
1999-12-09 00:00:00,25.85,0.015594858,80.59,0,0,0
1999-12-10 00:00:00,24.86,-0.039050515,98.11,0,0,0
1999-12-13 00:00:00,24.31,-0.022372298,82.28,0,0,0
1999-12-14 00:00:00,24.88,0.02317648,112.29,0,0,0
1999-12-15 00:00:00,25.68,0.031648211,103.08,0,0,0
1999-12-16 00:00:00,26.09,0.01583962,76.71,0,0,0
1999-12-17 00:00:00,26.22,0.004970379,61.4,0,0,0
1999-12-20 00:00:00,25.98,-0.009195467,115.09,0,0,0
1999-12-21 00:00:00,25.51,-0.018256479,91.41,0,0,0
1999-12-22 00:00:00,25.04,-0.018595986,89.86,0,0,0
1999-12-23 00:00:00,25.11,0.002791627,70.55,0,0,0
1999-12-29 00:00:00,25.63,0.020497367,121.98,0,0,0
1999-12-30 00:00:00,24.93,-0.027691643,83.77,0,0,0
2000-01-04 00:00:00,23.95,-0.040103574,93.75,0,0,0
2000-01-05 00:00:00,23.72,-0.00964975,47.57,0,0,0
2000-01-06 00:00:00,23.55,-0.007192754,52.01,0,0,0
2000-01-07 00:00:00,23.35,-0.008528836,41.67,0,0,0
2000-01-10 00:00:00,22.77,-0.025153104,65.6,0,0,0
2000-01-11 00:00:00,23.93,0.049689022,55.52,0,0,0
2000-01-12 00:00:00,24.62,0.028426219,50.75,0,0,0
2000-01-13 00:00:00,24.9,0.011308683,65.7,0,0,0
2000-01-14 00:00:00,25.5,0.023810649,59.25,0,0,0
2000-01-17 00:00:00,25.99,0.019033396,54.13,0,0,0
2000-01-18 00:00:00,26.31,0.012237246,66.32,0,0,0
2000-01-19 00:00:00,26.17,-0.005335379,82.59,0,0,0
2000-01-20 00:00:00,26.26,0.003433152,61.09,0,0,0
2000-01-21 00:00:00,27.18,0.03443454,75.09,0,0,0
2000-01-24 00:00:00,27.02,-0.005904076,90.76,0,0,0
2000-01-25 00:00:00,27.24,0.008109149,60.58,0,0,0
2000-01-26 00:00:00,27.18,-0.002205073,74.38,0,0,0
2000-01-27 00:00:00,26.91,-0.009983444,66.86,0,0,0
2000-01-28 00:00:00,26.59,-0.011962759,48.63,0,0,0
2000-01-31 00:00:00,27.08,0.018260243,79.3,0,0,0
2000-02-01 00:00:00,27.35,0.009921081,84.94,0,0,0
2000-02-02 00:00:00,27.15,-0.007339482,64.05,0,0,0
2000-02-03 00:00:00,27.6,0.016438726,53.7,0,0,0
2000-02-04 00:00:00,27.48,-0.004357305,61.5,0,0,0
2000-02-07 00:00:00,27.94,0.016600886,79.91,0,0,0
2000-02-08 00:00:00,27.61,-0.011881328,124.31,0,0,0
2000-02-09 00:00:00,27.44,-0.006176223,76.97,0,0,0
2000-02-10 00:00:00,27.32,-0.004382768,61.44,0,0,0
2000-02-11 00:00:00,27.82,0.018136152,92.17,0,0,0
2000-02-14 00:00:00,28.03,0.007520179,76.28,0,0,0
2000-02-15 00:00:00,28.12,0.003205702,79.74,0,0,0
2000-02-16 00:00:00,28.11,-0.000355682,65.11,0,0,0
2000-02-17 00:00:00,27.54,-0.020485892,65.01,0,0,0
2000-02-18 00:00:00,27.26,-0.010219067,48.8,0,0,0
2000-02-21 00:00:00,26.93,-0.012179519,41.15,0,0,0
2000-02-22 00:00:00,27.22,0.01071109,63.04,0,0,0
2000-02-23 00:00:00,27.92,0.025391281,54.13,0,0,0
2000-02-24 00:00:00,28.21,0.010333247,34.87,0,0,0
2000-02-25 00:00:00,28.53,0.01127964,64.51,0,0,0
2000-02-28 00:00:00,28.7,0.005940958,65.24,0,0,0
2000-02-29 00:00:00,29.01,0.010743475,46.96,0,0,0
2000-03-01 00:00:00,29.78,0.026196429,58.63,0,0,0
2000-03-02 00:00:00,30.12,0.011352376,29.39,0,0,0
2000-03-03 00:00:00,29.83,-0.009674804,51.76,0,0,0
2000-03-06 00:00:00,30.08,0.008345901,55.85,0,0,0
2000-03-07 00:00:00,31.93,0.059685508,44.29,0,0,0
2000-03-08 00:00:00,31.41,-0.016419693,47.05,0,0,0
2000-03-09 00:00:00,29.11,-0.076044556,64.9,0,0,0
2000-03-10 00:00:00,28.97,-0.004820946,39.4,0,0,0
2000-03-13 00:00:00,29.25,0.009618762,40.69,0,0,0
2000-03-14 00:00:00,28.83,-0.014463062,55.81,0,0,0
2000-03-15 00:00:00,28.03,-0.028141146,41.8,0,0,0
2000-03-16 00:00:00,27.97,-0.002142858,68.68,0,0,0
2000-03-17 00:00:00,27.87,-0.003581666,73.13,0,0,0
2000-03-20 00:00:00,25.59,-0.085349191,67.39,0,0,0
2000-03-21 00:00:00,24.93,-0.026129753,59.15,0,0,0
2000-03-22 00:00:00,25.77,0.033139127,63.2,0,0,0
2000-03-23 00:00:00,25.32,-0.017616427,48.2,0,0,0
2000-03-24 00:00:00,25.74,0.016451605,54.71,0,0,0
2000-03-27 00:00:00,25.16,-0.02279077,57.17,0,0,0
2000-03-28 00:00:00,24.8,-0.014411779,77.34,0,0,0
2000-03-29 00:00:00,23.77,-0.042419372,20.82,0,0,0
2000-03-30 00:00:00,23.94,0.007126419,48.79,0,0,0
2000-03-31 00:00:00,23.98,0.001669449,47.14,0,0,0
2000-04-03 00:00:00,24.62,0.026338971,33.94,0,0,0
2000-04-04 00:00:00,23.26,-0.056823974,36.67,0,0,0
2000-04-05 00:00:00,22.98,-0.012110875,24.16,0,0,0
2000-04-06 00:00:00,22.9,-0.003487362,26.67,0,0,0
2000-04-07 00:00:00,22.63,-0.011860451,44.92,0,0,0
2000-04-10 00:00:00,21.08,-0.070951736,36.2,0,0,0
2000-04-11 00:00:00,21.05,-0.001424164,65.56,0,0,0
2000-04-12 00:00:00,21.4,0.016490362,51.27,0,0,0
2000-04-13 00:00:00,22.65,0.05676893,44.2,0,0,0
2000-04-14 00:00:00,22.13,-0.023225698,53.29,0,0,0
2000-04-17 00:00:00,22.2,0.003158135,51.46,0,0,0
2000-04-18 00:00:00,22.67,0.020950176,44,0,0,0
2000-04-19 00:00:00,23.5,0.035957957,63.81,0,0,0
2000-04-20 00:00:00,23.57,0.002974296,37.83,0,0,0
2000-04-25 00:00:00,23.36,-0.008949559,76.36,0,0,0
2000-04-26 00:00:00,22.9,-0.019888247,42.18,0,0,0
2000-04-27 00:00:00,23.07,0.007396162,51.8,0,0,0
2000-04-28 00:00:00,23.79,0.030732252,66.14,0,0,0
2000-05-02 00:00:00,24.73,0.038751757,42.47,0,0,0
2000-05-03 00:00:00,25.13,0.01604527,76.36,0,0,0
2000-05-04 00:00:00,25.06,-0.002789402,75.82,0,0,0
2000-05-05 00:00:00,24.93,-0.005201052,90.94,0,0,0
2000-05-08 00:00:00,26.03,0.043177821,95.96,0,0,0
2000-05-09 00:00:00,26.69,0.025039244,102.91,0,0,0
2000-05-10 00:00:00,26.59,-0.003753758,93.16,0,0,0
2000-05-11 00:00:00,27.22,0.023416792,93.49,0,0,0
2000-05-12 00:00:00,27.98,0.027537972,97.1,0,0,0
2000-05-15 00:00:00,28.26,0.009957408,76.79,0,0,0
2000-05-16 00:00:00,28.78,0.018233324,117.2,0,0,0
2000-05-17 00:00:00,28.4,-0.013291556,31.42,0,0,0
2000-05-18 00:00:00,28.9,0.01745245,98.05,0,0,0
2000-05-19 00:00:00,29.01,0.003799003,104.29,0,0,0
2000-05-22 00:00:00,28.45,-0.019492438,116.42,0,0,0
2000-05-23 00:00:00,28.12,-0.011667094,86.82,0,0,0
2000-05-24 00:00:00,28.97,0.029779745,89.77,0,0,0
2000-05-25 00:00:00,29.62,0.022188997,46.99,0,0,0
2000-05-26 00:00:00,30.09,0.015743082,75.11,0,0,0
2000-05-30 00:00:00,29.89,-0.006668914,78.78,0,0,0
2000-05-31 00:00:00,29.64,-0.008399176,82.67,0,0,0
2000-06-01 00:00:00,29.69,0.001685488,114.41,0,0,0
2000-06-02 00:00:00,29.35,-0.011517743,64.73,0,0,0
2000-06-05 00:00:00,28.27,-0.037491375,108.49,0,0,0
2000-06-06 00:00:00,28.42,0.005291951,89.44,0,0,0
2000-06-07 00:00:00,28.32,-0.003524854,67.76,0,0,0
2000-06-08 00:00:00,29.34,0.035383504,49.02,0,0,0
2000-06-09 00:00:00,29,-0.011655943,50.47,0,0,0
2000-06-12 00:00:00,30.1,0.037229342,52.92,0,0,0
2000-06-13 00:00:00,30.4,0.009917437,71.88,0,0,0
2000-06-14 00:00:00,30.12,-0.009253205,40.83,0,0,0
2000-06-15 00:00:00,29.77,-0.011688228,67.55,0,0,0
2000-06-16 00:00:00,28.68,-0.037301159,77.17,0,0,0
2000-06-19 00:00:00,27.69,-0.035128679,67.17,0,0,0
2000-06-20 00:00:00,28.86,0.041385216,49.3,0,0,0
2000-06-21 00:00:00,30.71,0.062131781,71.9,0,0,0
2000-06-22 00:00:00,30.61,-0.003261581,44.55,0,0,0
2000-06-23 00:00:00,31.02,0.013305405,36.25,0,0,0
2000-06-26 00:00:00,30.9,-0.003875974,42.51,0,0,0
2000-06-27 00:00:00,30.47,-0.014013591,46.22,0,0,0
2000-06-28 00:00:00,31.15,0.022071652,61.6,0,0,0
2000-06-29 00:00:00,31.05,-0.003215437,49.52,0,0,0
2000-06-30 00:00:00,31.58,0.0169252,65.17,0,0,0
2000-07-03 00:00:00,32.15,0.017888442,32.73,0,0,0
2000-07-04 00:00:00,30.73,-0.045173075,67.83,0,0,0
2000-07-05 00:00:00,30.35,-0.012442859,77.94,0,0,0
2000-07-06 00:00:00,30.67,0.010488461,73.67,0,0,0
2000-07-07 00:00:00,30.62,-0.001631588,66.6,0,0,0
2000-07-10 00:00:00,30.58,-0.00130719,64.32,0,0,0
2000-07-11 00:00:00,29.83,-0.024831602,45.6,0,0,0
2000-07-12 00:00:00,30.27,0.014642525,34.06,0,0,0
2000-07-13 00:00:00,31.15,0.028657122,62.34,0,0,0
2000-07-14 00:00:00,30.82,-0.010650415,64.84,0,0,0
2000-07-17 00:00:00,28.44,-0.080367225,56.75,0,0,0
2000-07-18 00:00:00,28.46,0.000702988,31.97,0,0,0
2000-07-19 00:00:00,28.33,-0.004578279,63.04,0,0,0
2000-07-20 00:00:00,27.85,-0.017088347,65.57,0,0,0
2000-07-21 00:00:00,26.68,-0.042918745,22.83,0,0,0
2000-07-24 00:00:00,26.84,0.005979091,57.74,0,0,0
2000-07-25 00:00:00,25.78,-0.040294315,50.43,0,0,0
2000-07-26 00:00:00,25.92,0.005415874,39,0,0,0
2000-07-27 00:00:00,25.6,-0.01242252,74.02,0,0,0
2000-07-28 00:00:00,25.96,0.01396454,38.83,0,0,0
2000-07-31 00:00:00,25.3,-0.025752496,47.8,0,0,0
2000-08-01 00:00:00,25.24,-0.002374358,55.65,0,0,0
2000-08-02 00:00:00,26.8,0.05997185,55.11,0,0,0
2000-08-03 00:00:00,27.04,0.008915364,45.49,0,0,0
2000-08-04 00:00:00,28.01,0.035244338,55.8,0,0,0
2000-08-07 00:00:00,27.56,-0.016196143,35.53,0,0,0
2000-08-08 00:00:00,27.58,0.000725426,73.07,0,0,0
2000-08-09 00:00:00,28.13,0.01974575,59.21,0,0,0
2000-08-10 00:00:00,28.98,0.029769314,56.88,0,0,0
2000-08-11 00:00:00,29.44,0.015748357,38.31,0,0,0
2000-08-14 00:00:00,29.24,-0.006816659,41.76,0,0,0
2000-08-15 00:00:00,30,0.025659747,67.06,0,0,0
2000-08-16 00:00:00,29.66,-0.011398045,57.11,0,0,0
2000-08-17 00:00:00,30.71,0.034788998,39.47,0,0,0
2000-08-18 00:00:00,30.76,0.00162681,32.45,0,0,0
2000-08-21 00:00:00,31.34,0.018680092,46.71,0,0,0
2000-08-22 00:00:00,30.18,-0.037715784,46.96,0,0,0
2000-08-23 00:00:00,32.38,0.070361495,45.92,0,0,0
2000-08-24 00:00:00,31.67,-0.022171088,45.18,0,0,0
2000-08-25 00:00:00,33.26,0.048985613,50.92,0,0,0
2000-08-28 00:00:00,33.29,0.000901578,100.5,0,0,0
2000-08-29 00:00:00,34.03,0.021985437,50.46,0,0,0
2000-08-30 00:00:00,34.13,0.002934274,58.01,0,0,0
2000-08-31 00:00:00,35.08,0.027454405,42.07,0,0,0
2000-09-01 00:00:00,35.09,0.000285022,45.34,0,0,0
2000-09-04 00:00:00,36.02,0.02615815,52.45,0,0,0
2000-09-05 00:00:00,35.72,-0.008363584,52.97,0,0,0
2000-09-06 00:00:00,36.7,0.027065999,54.75,0,0,0
2000-09-07 00:00:00,37.43,0.019695767,39.91,0,0,0
2000-09-08 00:00:00,36.27,-0.031481569,36.84,0,0,0
2000-09-11 00:00:00,36.87,0.016407259,59.75,0,0,0
2000-09-12 00:00:00,33.3,-0.101840815,69.61,0,0,0
2000-09-13 00:00:00,31.08,-0.068992871,60.9,0,0,0
2000-09-14 00:00:00,31.35,0.008649742,53.63,0,0,0
2000-09-15 00:00:00,33.68,0.071689922,60.37,0,0,0
2000-09-18 00:00:00,34.55,0.025503361,95.46,0,0,0
2000-09-19 00:00:00,33.48,-0.031459305,64.21,0,0,0
2000-09-20 00:00:00,33.67,0.005658988,60.27,0,0,0
2000-09-21 00:00:00,32.18,-0.045262092,51,0,0,0
2000-09-22 00:00:00,31.59,-0.018504527,59.46,0,0,0
2000-09-25 00:00:00,30.01,-0.051309955,44.38,0,0,0
2000-09-26 00:00:00,29.94,-0.00233528,55.26,0,0,0
2000-09-27 00:00:00,29.78,-0.005358352,45.23,0,0,0
2000-09-28 00:00:00,28.91,-0.029649471,21.76,0,0,0
2000-09-29 00:00:00,28.42,-0.017094433,32.67,0,0,0
2000-10-02 00:00:00,29.65,0.042369003,39.24,0,0,0
2000-10-03 00:00:00,30.64,0.032844219,66.31,0,0,0
2000-10-04 00:00:00,30.07,-0.018778348,71.06,0,0,0
2000-10-05 00:00:00,29.19,-0.029701812,42.3,0,0,0
2000-10-06 00:00:00,29.62,0.014623624,82.25,0,0,0
2000-10-09 00:00:00,29.99,0.012414184,114.97,0,0,0
2000-10-10 00:00:00,30.95,0.031509006,103.62,0,0,0
2000-10-11 00:00:00,31.25,0.009646377,82.2,0,0,0
2000-10-12 00:00:00,33.45,0.06803241,28.65,0,0,0
2000-10-13 00:00:00,33.5,0.001493652,195.98,0,0,0
2000-10-16 00:00:00,32.03,-0.044872475,110.09,0,0,0
2000-10-17 00:00:00,30.38,-0.052888466,96.69,0,0,0
2000-10-18 00:00:00,30.98,0.019557338,77.66,0,0,0
2000-10-19 00:00:00,31.29,0.009956723,72.33,0,0,0
2000-10-20 00:00:00,30.16,-0.036782015,57.73,0,0,0
2000-10-23 00:00:00,30.98,0.026825292,85.02,0,0,0
2000-10-24 00:00:00,31.81,0.026438871,65.13,0,0,0
2000-10-25 00:00:00,31.17,-0.020324612,45.73,0,0,0
2000-10-26 00:00:00,31.48,0.00989633,64.76,0,0,0
2000-10-27 00:00:00,31.31,-0.005414888,35.33,0,0,0
2000-10-30 00:00:00,31.09,-0.007051311,59.75,0,0,0
2000-10-31 00:00:00,30.15,-0.030701301,86.54,0,0,0
2000-11-01 00:00:00,31.62,0.047604909,50.88,0,0,0
2000-11-02 00:00:00,30.81,-0.025950519,42.63,0,0,0
2000-11-03 00:00:00,30.81,0,75.16,0,0,0
2000-11-06 00:00:00,31,0.006147892,54.36,0,0,0
2000-11-07 00:00:00,31.59,0.01885341,45.07,0,0,0
2000-11-08 00:00:00,31.3,-0.009222517,60.38,0,0,0
2000-11-09 00:00:00,31.79,0.015533677,44.27,0,0,0
2000-11-10 00:00:00,32.26,0.014676298,33.78,0,0,0
2000-11-13 00:00:00,32.5,0.007412017,43.06,0,0,0
2000-11-14 00:00:00,33.05,0.016781477,47.85,0,0,0
2000-11-15 00:00:00,33.82,0.023030777,32.48,0,0,0
2000-11-16 00:00:00,34.16,0.010003025,23.59,0,0,0
2000-11-17 00:00:00,33.09,-0.031824247,29.72,0,0,0
2000-11-20 00:00:00,34.23,0.033871331,59.21,0,0,0
2000-11-21 00:00:00,33.33,-0.02664456,54.06,0,0,0
2000-11-22 00:00:00,33.11,-0.006622541,69.8,0,0,0
2000-11-23 00:00:00,33.29,0.0054217,56.48,0,0,0
2000-11-24 00:00:00,33.35,0.001800721,80.65,0,0,0
2000-11-27 00:00:00,33.47,0.003591743,37.72,0,0,0
2000-11-28 00:00:00,32.59,-0.026644022,59.21,0,0,0
2000-11-29 00:00:00,32.45,-0.00430505,47.68,0,0,0
2000-11-30 00:00:00,32.53,0.002462297,46.15,0,0,0
2000-12-01 00:00:00,31.59,-0.029322126,25.29,0,0,0
2000-12-04 00:00:00,30.37,-0.039385336,44.26,0,0,0
2000-12-05 00:00:00,28.88,-0.050305965,27.78,0,0,0
2000-12-06 00:00:00,27.47,-0.050054814,49.65,0,0,0
2000-12-07 00:00:00,27.85,0.013738466,26.46,0,0,0
2000-12-08 00:00:00,26.85,-0.036567145,49.52,0,0,0
2000-12-11 00:00:00,27.28,0.015888012,59.51,0,0,0
2000-12-12 00:00:00,26.81,-0.017378881,37.89,0,0,0
2000-12-13 00:00:00,26.84,0.00111836,50.15,0,0,0
2000-12-14 00:00:00,24.32,-0.098594255,42.44,0,0,0
2000-12-15 00:00:00,24.44,0.004922077,58.41,0,0,0
2000-12-18 00:00:00,25.11,0.027045039,58.31,0,0,0
2000-12-19 00:00:00,24.36,-0.03032373,46.42,0,0,0
2000-12-20 00:00:00,23.29,-0.044918359,71.74,0,0,0
2000-12-21 00:00:00,22.4,-0.038963125,75.59,0,0,0
2000-12-22 00:00:00,22.23,-0.007618231,38.66,0,0,0
2000-12-27 00:00:00,22.58,0.015621831,60.89,0,0,0
2000-12-28 00:00:00,22.29,-0.012926411,56.21,0,0,0
2000-12-29 00:00:00,22.58,0.012926411,53.2,0,0,0
2001-01-02 00:00:00,23.43,0.036952694,48.01,0,0,0
2001-01-03 00:00:00,23.44,0.000426712,31.82,0,0,0
2001-01-04 00:00:00,24.57,0.047082222,55.39,0,0,0
2001-01-05 00:00:00,24.77,0.008107057,66.86,0,0,0
2001-01-08 00:00:00,24.75,-0.000807754,57.61,0,0,0
2001-01-09 00:00:00,24.13,-0.025369609,59.38,0,0,0
2001-01-10 00:00:00,24.98,0.034619625,45.01,0,0,0
2001-01-11 00:00:00,25.6,0.024516847,60.47,0,0,0
2001-01-12 00:00:00,25.63,0.001171189,55.77,0,0,0
2001-01-15 00:00:00,26.03,0.015486179,50.43,0,0,0
2001-01-16 00:00:00,25.52,-0.019787261,64.82,0,0,0
2001-01-17 00:00:00,24.27,-0.050221439,44.02,0,0,0
2001-01-18 00:00:00,24.74,0.019180347,44.7,0,0,0
2001-01-19 00:00:00,26.29,0.060767272,43.59,0,0,0
2001-01-22 00:00:00,27.69,0.051882698,28.43,0,0,0
2001-01-23 00:00:00,27.02,-0.024494005,62.56,0,0,0
2001-01-24 00:00:00,27.04,0.000739919,52.95,0,0,0
2001-01-25 00:00:00,26.94,-0.00370508,37.83,0,0,0
2001-01-26 00:00:00,27.04,0.00370508,36.53,0,0,0
2001-01-29 00:00:00,26.95,-0.003333954,36.16,0,0,0
2001-01-30 00:00:00,26.32,-0.023654191,15.29,0,0,0
2001-01-31 00:00:00,26.59,0.010206099,47.83,0,0,0
2001-02-01 00:00:00,27.17,0.021578218,45.34,0,0,0
2001-02-02 00:00:00,28.9,0.061728172,59.15,0,0,0
2001-02-05 00:00:00,29.25,0.012037979,44.61,0,0,0
2001-02-06 00:00:00,29.1,-0.0051414,71.01,0,0,0
2001-02-07 00:00:00,29.54,0.015007103,28.58,0,0,0
2001-02-08 00:00:00,30.68,0.037865699,33.18,0,0,0
2001-02-09 00:00:00,29.53,-0.038204281,36.68,0,0,0
2001-02-12 00:00:00,29.32,-0.007136819,56.63,0,0,0
2001-02-13 00:00:00,28,-0.046065367,48.01,0,0,0
2001-02-14 00:00:00,27.89,-0.003936309,39.4,0,0,0
2001-02-15 00:00:00,26.33,-0.057559228,55.21,0,0,0
2001-02-16 00:00:00,26.61,0.010578111,34.33,0,0,0
2001-02-19 00:00:00,27.05,0.01639992,153.4,0,0,0
2001-02-20 00:00:00,26.45,-0.022430847,93.17,0,0,0
2001-02-21 00:00:00,26.1,-0.013320844,80.58,0,0,0
2001-02-22 00:00:00,25.75,-0.013500687,60.87,0,0,0
2001-02-23 00:00:00,26.12,0.014266677,69.07,0,0,0
2001-02-26 00:00:00,25.84,-0.010777625,33.39,0,0,0
2001-02-27 00:00:00,25.28,-0.02191011,52.83,0,0,0
2001-02-28 00:00:00,25.16,-0.004758137,70.06,0,0,0
2001-03-01 00:00:00,24.76,-0.016025984,43.49,0,0,0
2001-03-02 00:00:00,25.28,0.020784121,85.82,0,0,0
2001-03-05 00:00:00,25.98,0.027313442,61.99,0,0,0
2001-03-06 00:00:00,25.59,-0.015125361,52.43,0,0,0
2001-03-07 00:00:00,25.91,0.012427344,62.61,0,0,0
2001-03-08 00:00:00,26.37,0.017598006,49.37,0,0,0
2001-03-09 00:00:00,25.78,-0.022628003,48.48,0,0,0
2001-03-12 00:00:00,25.34,-0.017214823,57.61,0,0,0
2001-03-13 00:00:00,24.8,-0.021540522,82.98,0,0,0
2001-03-14 00:00:00,24.31,-0.019955865,67.11,0,0,0
2001-03-15 00:00:00,23.37,-0.03943464,55.61,0,0,0
2001-03-16 00:00:00,23.84,0.019911694,90.24,0,0,0
2001-03-19 00:00:00,23.19,-0.027643691,59.47,0,0,0
2001-03-20 00:00:00,23.63,0.01879594,51.05,0,0,0
2001-03-21 00:00:00,23.21,-0.017933871,66.87,0,0,0
2001-03-22 00:00:00,23.45,0.010287275,63.47,0,0,0
2001-03-23 00:00:00,23.94,0.020680205,62.29,0,0,0
2001-03-26 00:00:00,24.01,0.00291971,86.32,0,0,0
2001-03-27 00:00:00,24.41,0.016522474,79.71,0,0,0
2001-03-28 00:00:00,24.5,0.003680233,55.45,0,0,0
2001-03-29 00:00:00,23.77,-0.030248836,62.45,0,0,0
2001-03-30 00:00:00,23.5,-0.01142386,70.14,0,0,0
2001-04-02 00:00:00,23.31,-0.008117968,42.06,0,0,0
2001-04-03 00:00:00,23.47,0.006840557,56.2,0,0,0
2001-04-04 00:00:00,24.35,0.03680884,56.5,0,0,0
2001-04-05 00:00:00,24.87,0.021130408,54.34,0,0,0
2001-04-06 00:00:00,24.02,-0.034775441,50.75,0,0,0
2001-04-09 00:00:00,24.37,0.014466051,31.65,0,0,0
2001-04-10 00:00:00,25.64,0.050800764,45.87,0,0,0
2001-04-11 00:00:00,26.08,0.017015105,33.13,0,0,0
2001-04-12 00:00:00,27.12,0.039102726,45.03,0,0,0
2001-04-13 00:00:00,26.8,-0.011869576,38.32,0,0,0
2001-04-16 00:00:00,26.8,0,81.27,0,0,0
2001-04-17 00:00:00,26.99,0.00706454,72.24,0,0,0
2001-04-18 00:00:00,26.11,-0.033148044,61.34,0,0,0
2001-04-19 00:00:00,25.86,-0.009621009,33.72,0,0,0
2001-04-20 00:00:00,25.57,-0.011277584,47.03,0,0,0
2001-04-23 00:00:00,25.42,-0.005883524,48.71,0,0,0
2001-04-24 00:00:00,25.76,0.013286635,45.29,0,0,0
2001-04-25 00:00:00,25.49,-0.010536683,81.61,0,0,0
2001-04-26 00:00:00,26.71,0.046751809,56.41,0,0,0
2001-04-27 00:00:00,26.85,0.005227794,60.68,0,0,0
2001-04-30 00:00:00,27.21,0.013318732,38.64,0,0,0
2001-05-01 00:00:00,27.31,0.003668383,43.06,0,0,0
2001-05-02 00:00:00,26.82,-0.018105058,84.64,0,0,0
2001-05-03 00:00:00,27.46,0.023582522,68.38,0,0,0
2001-05-04 00:00:00,27.59,0.004722988,86.78,0,0,0
2001-05-07 00:00:00,27.71,0.004339971,70.01,0,0,0
2001-05-08 00:00:00,27.45,-0.009427191,85.38,0,0,0
2001-05-09 00:00:00,27.46,0.000364232,90.08,0,0,0
2001-05-10 00:00:00,28.27,0.029070771,42.89,0,0,0
2001-05-11 00:00:00,27.97,-0.010668664,58.65,0,0,0
2001-05-14 00:00:00,27.77,-0.007176206,49.76,0,0,0
2001-05-15 00:00:00,27.88,0.003953285,37.54,0,0,0
2001-05-16 00:00:00,28.19,0.011057719,52.26,0,0,0
2001-05-17 00:00:00,28.57,0.013389911,71,0,0,0
2001-05-18 00:00:00,29.3,0.0252303,64.62,0,0,0
2001-05-21 00:00:00,29.8,0.016920877,52.19,0,0,0
2001-05-22 00:00:00,29.72,-0.002688174,59.1,0,0,0
2001-05-23 00:00:00,29.51,-0.007091031,48.36,0,0,0
2001-05-24 00:00:00,28.85,-0.022619196,50.72,0,0,0
2001-05-25 00:00:00,28.69,-0.005561363,49.35,0,0,0
2001-05-29 00:00:00,29.11,0.014533128,74.44,0,0,0
2001-05-30 00:00:00,28.92,-0.00654836,60.61,0,0,0
2001-05-31 00:00:00,28.55,-0.012876461,57.75,0,0,0
2001-06-01 00:00:00,28.86,0.010799617,72.94,0,0,0
2001-06-04 00:00:00,28.95,0.003113651,80.7,0,0,0
2001-06-05 00:00:00,29.25,0.01030937,83.13,0,0,0
2001-06-06 00:00:00,28.73,-0.017937701,58.79,0,0,0
2001-06-07 00:00:00,28.55,-0.006284937,63.36,0,0,0
2001-06-08 00:00:00,28.88,0.011492378,69.07,0,0,0
2001-06-11 00:00:00,29.57,0.02361102,96.34,0,0,0
2001-06-12 00:00:00,29.03,-0.018430556,98.08,0,0,0
2001-06-13 00:00:00,29.13,0.003438793,89.29,0,0,0
2001-06-14 00:00:00,28.5,-0.021864484,64.5,0,0,0
2001-06-15 00:00:00,28.13,-0.013067465,64.15,0,0,0
2001-06-18 00:00:00,27.61,-0.018658597,75.61,0,0,0
2001-06-19 00:00:00,26.68,-0.034263805,83.23,0,0,0
2001-06-20 00:00:00,26.24,-0.016629257,94.73,0,0,0
2001-06-21 00:00:00,26.7,0.017378601,86.53,0,0,0
2001-06-22 00:00:00,26.86,0.005974626,47.41,0,0,0
2001-06-25 00:00:00,27.36,0.018443902,62.23,0,0,0
2001-06-26 00:00:00,27.66,0.010905233,68.74,0,0,0
2001-06-27 00:00:00,26.25,-0.052321337,70.61,0,0,0
2001-06-28 00:00:00,25.68,-0.02195351,65.99,0,0,0
2001-06-29 00:00:00,26.21,0.020428539,41.78,0,0,0
2001-07-02 00:00:00,25.73,-0.018483391,91.49,0,0,0
2001-07-03 00:00:00,25.56,-0.006628997,77.12,0,0,0
2001-07-04 00:00:00,25.97,0.015913396,74.75,0,0,0
2001-07-05 00:00:00,25.69,-0.010840215,86,0,0,0
2001-07-06 00:00:00,26.55,0.032927937,75.72,0,0,0
2001-07-09 00:00:00,25.59,-0.036828098,26.2,0,0,0
2001-07-10 00:00:00,24.69,-0.035803347,43.9,0,0,0
2001-07-11 00:00:00,24.44,-0.010177169,50.34,0,0,0
2001-07-12 00:00:00,23.62,-0.034127324,37.98,0,0,0
2001-07-13 00:00:00,24.02,0.016793006,61.94,0,0,0
2001-07-16 00:00:00,23.58,-0.018487922,96.97,0,0,0
2001-07-17 00:00:00,23.9,0.013479564,58.72,0,0,0
2001-07-18 00:00:00,23.1,-0.034045841,66.89,0,0,0
2001-07-19 00:00:00,23.35,0.010764367,62.91,0,0,0
2001-07-20 00:00:00,23.43,0.003420268,52.29,0,0,0
2001-07-23 00:00:00,24.44,0.042203882,60.78,0,0,0
2001-07-24 00:00:00,24.37,-0.002868267,85.29,0,0,0
2001-07-25 00:00:00,24.9,0.021514936,78.7,0,0,0
2001-07-26 00:00:00,24.94,0.001605137,59.73,0,0,0
2001-07-27 00:00:00,24.82,-0.00482316,63.01,0,0,0
2001-07-30 00:00:00,24.46,-0.01461065,49.94,0,0,0
2001-07-31 00:00:00,24.35,-0.004507281,48.12,0,0,0
2001-08-01 00:00:00,24.23,-0.004940315,52.17,0,0,0
2001-08-02 00:00:00,25.49,0.050694684,70.18,0,0,0
2001-08-03 00:00:00,25.6,0.004306133,38.26,0,0,0
2001-08-06 00:00:00,25.39,-0.008236956,51.63,0,0,0
2001-08-07 00:00:00,25.94,0.021430783,25.97,0,0,0
2001-08-08 00:00:00,25.61,-0.012803279,56.26,0,0,0
2001-08-09 00:00:00,25.28,-0.012969331,51.98,0,0,0
2001-08-10 00:00:00,25.78,0.019585428,85.26,0,0,0
2001-08-13 00:00:00,25.88,0.003871472,103.88,0,0,0
2001-08-14 00:00:00,25.71,-0.006590448,101.15,0,0,0
2001-08-15 00:00:00,25.61,-0.003897121,92.75,0,0,0
2001-08-16 00:00:00,25.18,-0.016932872,66.2,0,0,0
2001-08-17 00:00:00,24.68,-0.02005683,57.39,0,0,0
2001-08-20 00:00:00,24.35,-0.01346135,42.87,0,0,0
2001-08-21 00:00:00,25.36,0.04064128,62.78,0,0,0
2001-08-22 00:00:00,25.71,0.013706892,66.63,0,0,0
2001-08-23 00:00:00,25.66,-0.001946662,65.29,0,0,0
2001-08-24 00:00:00,26.33,0.025775614,86.67,0,0,0
2001-08-27 00:00:00,26.22,-0.004186495,56.83,0,0,0
2001-08-28 00:00:00,26.46,0.00911168,79.14,0,0,0
2001-08-29 00:00:00,26.67,0.00790518,57.7,0,0,0
2001-08-30 00:00:00,26.7,0.001124227,55.77,0,0,0
2001-08-31 00:00:00,26.8,0.003738322,71.69,0,0,0
2001-09-03 00:00:00,26.52,-0.010502722,78.77,0,0,0
2001-09-04 00:00:00,26.27,-0.009471562,59.48,0,0,0
2001-09-05 00:00:00,26.27,0,39.15,0,0,0
2001-09-06 00:00:00,26.61,0.012859481,37.73,0,0,0
2001-09-07 00:00:00,27.54,0.034352408,70.12,0,0,0
2001-09-10 00:00:00,27.59,0.001813895,38.24,0,0,0
2001-09-11 00:00:00,29.12,0.053971835,154.07,0,0,0
2001-09-12 00:00:00,28.24,-0.030685811,725.51,0,0,0
2001-09-13 00:00:00,28.2,-0.001417435,633.48,0,0,0
2001-09-14 00:00:00,29.22,0.035531428,667.81,0,0,0
2001-09-17 00:00:00,28.32,-0.031285137,744.77,0,0,0
2001-09-18 00:00:00,27.54,-0.027928776,851.1,0,0,0
2001-09-19 00:00:00,25.44,-0.079316755,755.6,0,0,0
2001-09-20 00:00:00,25.57,0.005097051,771.03,0,0,0
2001-09-21 00:00:00,25.17,-0.01576698,870.98,0,0,0
2001-09-24 00:00:00,20.63,-0.198906482,789.36,0,0,0
2001-09-25 00:00:00,20.13,-0.024535087,1045.6,0,0,0
2001-09-26 00:00:00,20.67,0.026472134,930.53,0,0,0
2001-09-27 00:00:00,21.47,0.037973238,786.58,0,0,0
2001-09-28 00:00:00,21.87,0.018459223,776.38,0,0,0
2001-10-01 00:00:00,21.22,-0.030171702,617.37,0,0,0
2001-10-02 00:00:00,21.29,0.003293346,769.49,0,0,0
2001-10-03 00:00:00,20.63,-0.031491152,818.96,0,0,0
2001-10-04 00:00:00,20.94,0.014914878,702.59,0,0,0
2001-10-05 00:00:00,21.46,0.024529532,687.97,0,0,0
2001-10-08 00:00:00,20.91,-0.025963224,616.22,0,0,0
2001-10-09 00:00:00,20.65,-0.012512194,706.4,0,0,0
2001-10-10 00:00:00,21.02,0.017759046,566.55,0,0,0
2001-10-11 00:00:00,21.38,0.01698154,496.64,0,0,0
2001-10-12 00:00:00,20.57,-0.038622202,588.47,0,0,0
2001-10-15 00:00:00,20.36,-0.010261512,449.56,0,0,0
2001-10-16 00:00:00,20.47,0.005388208,630.97,0,0,0
2001-10-17 00:00:00,19.47,-0.05008558,618.74,0,0,0
2001-10-18 00:00:00,19.21,-0.013443843,530.52,0,0,0
2001-10-19 00:00:00,19.91,0.035791141,455.73,0,0,0
2001-10-22 00:00:00,20.38,0.02333191,422.81,0,0,0
2001-10-23 00:00:00,20.56,0.008793413,524.18,0,0,0
2001-10-24 00:00:00,20.37,-0.00928421,505.96,0,0,0
2001-10-25 00:00:00,20.67,0.014620143,405.52,0,0,0
2001-10-26 00:00:00,20.31,-0.017569998,434.08,0,0,0
2001-10-29 00:00:00,20.55,0.011747565,335.32,0,0,0
2001-10-30 00:00:00,20.41,-0.006835964,381.04,0,0,0
2001-10-31 00:00:00,19.63,-0.038965969,480,0,0,0
2001-11-01 00:00:00,19.39,-0.012301539,399.28,0,0,0
2001-11-02 00:00:00,18.63,-0.039984285,385.82,0,0,0
2001-11-05 00:00:00,18.78,0.008019289,279.09,0,0,0
2001-11-06 00:00:00,18.64,-0.007482665,430.88,0,0,0
2001-11-07 00:00:00,18.86,0.011733468,419.39,0,0,0
2001-11-08 00:00:00,19.54,0.035420369,269.07,0,0,0
2001-11-09 00:00:00,20.72,0.058635771,325.32,0,0,0
2001-11-12 00:00:00,19.48,-0.061711119,289.73,0,0,0
2001-11-13 00:00:00,20.47,0.049572101,445.86,0,0,0
2001-11-14 00:00:00,18.78,-0.086167926,381.34,0,0,0
2001-11-15 00:00:00,16.51,-0.128826216,273.18,0,0,0
2001-11-16 00:00:00,16.86,0.020977695,293.02,0,0,0
2001-11-19 00:00:00,16.55,-0.018557851,257.04,0,0,0
2001-11-20 00:00:00,18.82,0.128534032,332.89,0,0,0
2001-11-21 00:00:00,18.44,-0.020397916,282.94,0,0,0
2001-11-22 00:00:00,19.65,0.06355512,260.6,0,0,0
2001-11-23 00:00:00,19.4,-0.012804272,294.45,0,0,0
2001-11-26 00:00:00,18.66,-0.038890871,206.59,0,0,0
2001-11-27 00:00:00,19.09,0.022782442,297.28,0,0,0
2001-11-28 00:00:00,18.81,-0.014775994,360.98,0,0,0
2001-11-29 00:00:00,18.54,-0.014458083,208.19,0,0,0
2001-11-30 00:00:00,18.92,0.020289003,238.01,0,0,0
2001-12-03 00:00:00,20,0.05551271,212.03,0,0,0
2001-12-04 00:00:00,19.28,-0.036663984,280.51,0,0,0
2001-12-05 00:00:00,19.27,-0.000518807,269.59,0,0,0
2001-12-06 00:00:00,18.57,-0.037002107,231.7,0,0,0
2001-12-07 00:00:00,17.81,-0.041787278,252.41,0,0,0
2001-12-10 00:00:00,18.03,0.01227694,246.57,0,0,0
2001-12-11 00:00:00,17.61,-0.023570115,239.95,0,0,0
2001-12-12 00:00:00,18.13,0.029101102,279.69,0,0,0
2001-12-13 00:00:00,17.8,-0.018369567,261.95,0,0,0
2001-12-14 00:00:00,18.54,0.040732103,301.41,0,0,0
2001-12-17 00:00:00,18.58,0.002155173,253.74,0,0,0
2001-12-18 00:00:00,18.51,-0.003774607,215.06,0,0,0
2001-12-19 00:00:00,19.03,0.027705555,199.82,0,0,0
2001-12-20 00:00:00,18.87,-0.008443322,245.17,0,0,0
2001-12-21 00:00:00,18.73,-0.007446843,229.58,0,0,0
2001-12-24 00:00:00,18.65,-0.00428037,213.46,0,0,0
2001-12-27 00:00:00,18.87,0.011727213,263.37,0,0,0
2001-12-28 00:00:00,19.77,0.046592278,263.67,0,0,0
2001-12-31 00:00:00,19.35,-0.021473218,197.33,0,0,0
2002-01-02 00:00:00,20.13,0.03951882,232.91,0,0,0
2002-01-03 00:00:00,20.47,0.01674916,196.56,0,0,0
2002-01-04 00:00:00,21.2,0.035040782,187.88,0,0,0
2002-01-07 00:00:00,21.08,-0.005676458,175.1,0,0,0
2002-01-08 00:00:00,21.03,-0.002374734,172.46,0,0,0
2002-01-09 00:00:00,20.21,-0.039772458,183.32,0,0,0
2002-01-10 00:00:00,19.71,-0.02505141,215.1,0,0,0
2002-01-11 00:00:00,20.08,0.018598174,211.82,0,0,0
2002-01-14 00:00:00,18.89,-0.061091613,197.22,0,0,0
2002-01-15 00:00:00,18.86,-0.001589404,186.35,0,0,0
2002-01-16 00:00:00,18.5,-0.019272545,159.03,0,0,0
2002-01-17 00:00:00,18.2,-0.016349138,208.58,0,0,0
2002-01-18 00:00:00,18.17,-0.001649712,179.68,0,0,0
2002-01-21 00:00:00,18.32,0.008221477,148.09,0,0,0
2002-01-22 00:00:00,18.7,0.020530165,183.62,0,0,0
2002-01-23 00:00:00,18.89,0.010109158,163.93,0,0,0
2002-01-24 00:00:00,18.91,0.001058201,144.86,0,0,0
2002-01-25 00:00:00,19.04,0.006851147,138.53,0,0,0
2002-01-28 00:00:00,19.74,0.036105005,152.35,0,0,0
2002-01-29 00:00:00,19.26,-0.024616628,181.03,0,0,0
2002-01-30 00:00:00,18.71,-0.028972266,144.94,0,0,0
2002-01-31 00:00:00,19.07,0.019058279,202.98,0,0,0
2002-02-01 00:00:00,19.7,0.032502216,165.49,0,0,0
2002-02-04 00:00:00,20.26,0.028029863,106.03,0,0,0
2002-02-05 00:00:00,19.9,-0.017928767,150.85,0,0,0
2002-02-06 00:00:00,19.97,0.003511416,176.87,0,0,0
2002-02-07 00:00:00,19.42,-0.027927685,178.07,0,0,0
2002-02-08 00:00:00,20.01,0.029928686,116.33,0,0,0
2002-02-11 00:00:00,20.08,0.003492146,153.66,0,0,0
2002-02-12 00:00:00,21.75,0.079889463,175.17,0,0,0
2002-02-13 00:00:00,21.41,-0.015755655,211.82,0,0,0
2002-02-14 00:00:00,20.97,-0.020765258,154.38,0,0,0
2002-02-15 00:00:00,20.76,-0.010064787,154.5,0,0,0
2002-02-18 00:00:00,20.12,-0.031313713,100.87,0,0,0
2002-02-19 00:00:00,20.18,0.00297767,180.07,0,0,0
2002-02-20 00:00:00,19.44,-0.037359216,152.93,0,0,0
2002-02-21 00:00:00,20.21,0.038844732,179.2,0,0,0
2002-02-22 00:00:00,20.14,-0.003469644,160.47,0,0,0
2002-02-25 00:00:00,19.78,-0.018036561,159.69,0,0,0
2002-02-26 00:00:00,19.95,0.008557817,146.34,0,0,0
2002-02-27 00:00:00,20.73,0.038352783,142.01,0,0,0
2002-02-28 00:00:00,20.73,0,143.91,0,0,0
2002-03-01 00:00:00,21.83,0.051703244,130.83,0,0,0
2002-03-04 00:00:00,21.59,-0.011054926,227.93,0,0,0
2002-03-05 00:00:00,22.25,0.030111764,164.66,0,0,0
2002-03-06 00:00:00,22.11,-0.006312014,137.54,0,0,0
2002-03-07 00:00:00,23.1,0.043802623,140.68,0,0,0
2002-03-08 00:00:00,22.32,-0.03434948,145.26,0,0,0
2002-03-11 00:00:00,23.14,0.036079584,228.33,0,0,0
2002-03-12 00:00:00,22.7,-0.019197797,218.93,0,0,0
2002-03-13 00:00:00,23.6,0.038881788,190.65,0,0,0
2002-03-14 00:00:00,23.76,0.006756782,151.4,0,0,0
2002-03-15 00:00:00,23.9,0.005874964,158.84,0,0,0
2002-03-18 00:00:00,23.8,-0.004192878,184.03,0,0,0
2002-03-19 00:00:00,24.51,0.029395617,132.24,0,0,0
2002-03-20 00:00:00,24.78,0.010955679,176.2,0,0,0
2002-03-21 00:00:00,24.25,-0.021620259,136.2,0,0,0
2002-03-22 00:00:00,24.83,0.023635982,160.06,0,0,0
2002-03-25 00:00:00,24.75,-0.003227111,115.09,0,0,0
2002-03-26 00:00:00,24.6,-0.006079046,124.75,0,0,0
2002-03-27 00:00:00,25.13,0.021315909,135.93,0,0,0
2002-03-28 00:00:00,25.34,0.008321823,82.54,0,0,0
2002-03-29 00:00:00,25.34,0,161.51,0,0,0
2002-04-01 00:00:00,26.06,0.028017397,156.44,0,0,0
2002-04-02 00:00:00,26.97,0.034323565,194,0,0,0
2002-04-03 00:00:00,26.72,-0.009312788,175.52,0,0,0
2002-04-04 00:00:00,26.97,0.009312788,238.62,0,0,0
2002-04-05 00:00:00,25.39,-0.060369741,201.63,0,0,0
2002-04-08 00:00:00,26.36,0.037492314,185.45,0,0,0
2002-04-09 00:00:00,25.48,-0.033953879,200.57,0,0,0
2002-04-10 00:00:00,25.13,-0.013831479,172.04,0,0,0
2002-04-11 00:00:00,24.22,-0.036883613,195.67,0,0,0
2002-04-12 00:00:00,23.25,-0.040873606,151.5,0,0,0
2002-04-15 00:00:00,23.39,0.006003449,187.64,0,0,0
2002-04-16 00:00:00,24.03,0.026994469,203.75,0,0,0
2002-04-17 00:00:00,25.26,0.049919067,96.57,0,0,0
2002-04-18 00:00:00,25.9,0.025020852,147.28,0,0,0
2002-04-19 00:00:00,25.86,-0.001545595,193.63,0,0,0
2002-04-22 00:00:00,25.96,0.003859518,118.97,0,0,0
2002-04-23 00:00:00,26.26,0.011489977,129.71,0,0,0
2002-04-24 00:00:00,26.2,-0.002287458,114.12,0,0,0
2002-04-25 00:00:00,26.47,0.010252605,106.27,0,0,0
2002-04-26 00:00:00,26.32,-0.00568291,126.95,0,0,0
2002-04-29 00:00:00,26.85,0.019936714,120.46,0,0,0
2002-04-30 00:00:00,26.98,0.00483003,156.22,0,0,0
2002-05-01 00:00:00,26.67,-0.011556513,123.69,0,0,0
2002-05-02 00:00:00,25.73,-0.035881712,120.86,0,0,0
2002-05-03 00:00:00,25.8,0.002716866,135.76,0,0,0
2002-05-07 00:00:00,25.53,-0.010520261,178.97,0,0,0
2002-05-08 00:00:00,26.09,0.021697868,163.12,0,0,0
2002-05-09 00:00:00,26.09,0,196.93,0,0,0
2002-05-10 00:00:00,26.89,0.030202371,117.88,0,0,0
2002-05-13 00:00:00,26.3,-0.022185531,162.79,0,0,0
2002-05-14 00:00:00,27.12,0.030702524,189.75,0,0,0
2002-05-15 00:00:00,27.17,0.00184196,167.72,0,0,0
2002-05-16 00:00:00,25.71,-0.055233402,186.93,0,0,0
2002-05-17 00:00:00,25.45,-0.010164278,139.67,0,0,0
2002-05-20 00:00:00,25.97,0.020226283,154.43,0,0,0
2002-05-21 00:00:00,24.99,-0.038466281,187.76,0,0,0
2002-05-22 00:00:00,24.32,-0.027176688,209.66,0,0,0
2002-05-23 00:00:00,24.01,-0.012828647,209.38,0,0,0
2002-05-24 00:00:00,23.76,-0.010466916,166.8,0,0,0
2002-05-27 00:00:00,23.52,-0.010152371,217.67,0,0,0
2002-05-28 00:00:00,24.71,0.049356897,193.43,0,0,0
2002-05-29 00:00:00,24.18,-0.021682175,178.71,0,0,0
2002-05-30 00:00:00,23.72,-0.019207271,188.43,0,0,0
2002-05-31 00:00:00,23.87,0.006303866,131.78,0,0,0
2002-06-05 00:00:00,23.19,-0.028901289,175.32,0,0,0
2002-06-06 00:00:00,22.79,-0.017399308,151.06,0,0,0
2002-06-07 00:00:00,22.99,0.008737496,209.43,0,0,0
2002-06-10 00:00:00,22.83,-0.006983878,148.88,0,0,0
2002-06-11 00:00:00,22.37,-0.020354685,188.63,0,0,0
2002-06-12 00:00:00,23.09,0.031678848,154.96,0,0,0
2002-06-13 00:00:00,23.72,0.026918951,165.09,0,0,0
2002-06-14 00:00:00,23.97,0.010484474,141.88,0,0,0
2002-06-17 00:00:00,24.69,0.029595255,177.12,0,0,0
2002-06-18 00:00:00,24.64,-0.002027165,130.8,0,0,0
2002-06-19 00:00:00,24.85,0.008486614,192.73,0,0,0
2002-06-20 00:00:00,24.42,-0.017455284,153.1,0,0,0
2002-06-21 00:00:00,24.14,-0.011532253,147.36,0,0,0
2002-06-24 00:00:00,24.99,0.034605529,161.4,0,0,0
2002-06-25 00:00:00,25.32,0.013118852,191.23,0,0,0
2002-06-26 00:00:00,24.75,-0.022769108,161.81,0,0,0
2002-06-27 00:00:00,25.39,0.025529907,131.97,0,0,0
2002-06-28 00:00:00,25.33,-0.002365932,99.78,0,0,0
2002-07-01 00:00:00,25.65,0.012554108,121.24,0,0,0
2002-07-02 00:00:00,25.64,-0.00038994,138.87,0,0,0
2002-07-03 00:00:00,25.59,-0.001951982,102.74,0,0,0
2002-07-04 00:00:00,25.51,-0.003131118,154,0,0,0
2002-07-05 00:00:00,25.75,0.009364095,148.07,0,0,0
2002-07-08 00:00:00,25.08,-0.026363911,105.22,0,0,0
2002-07-09 00:00:00,24.9,-0.007202912,107.98,0,0,0
2002-07-10 00:00:00,25.82,0.036281582,100.48,0,0,0
2002-07-11 00:00:00,25.83,0.000387222,111.35,0,0,0
2002-07-12 00:00:00,26.11,0.010781776,141.1,0,0,0
2002-07-15 00:00:00,26.16,0.001913144,113.15,0,0,0
2002-07-16 00:00:00,25.94,-0.008445348,103.72,0,0,0
2002-07-17 00:00:00,26.19,0.00959148,109.51,0,0,0
2002-07-18 00:00:00,26.72,0.02003469,121.23,0,0,0
2002-07-19 00:00:00,26.37,-0.013185348,118.19,0,0,0
2002-07-22 00:00:00,25.7,-0.025736008,94.75,0,0,0
2002-07-23 00:00:00,25.65,-0.00194742,87.65,0,0,0
2002-07-24 00:00:00,25.43,-0.008613992,129.4,0,0,0
2002-07-25 00:00:00,25.36,-0.00275645,126.85,0,0,0
2002-07-26 00:00:00,25.1,-0.010305283,100.1,0,0,0
2002-07-29 00:00:00,25.2,0.003976148,114.09,0,0,0
2002-07-30 00:00:00,25.95,0.029327615,164.48,0,0,0
2002-07-31 00:00:00,26.28,0.012636584,148.47,0,0,0
2002-08-01 00:00:00,25.79,-0.018821374,132.86,0,0,0
2002-08-02 00:00:00,25.17,-0.024334011,132.5,0,0,0
2002-08-05 00:00:00,25.2,0.001191185,127.72,0,0,0
2002-08-06 00:00:00,25.69,0.019257817,171.07,0,0,0
2002-08-07 00:00:00,25.7,0.000389181,172,0,0,0
2002-08-08 00:00:00,25.51,-0.00742046,173.86,0,0,0
2002-08-09 00:00:00,25.49,-0.000784314,106.64,0,0,0
2002-08-12 00:00:00,25.63,0.005477322,156.44,0,0,0
2002-08-13 00:00:00,26.11,0.018554842,118.44,0,0,0
2002-08-14 00:00:00,26.47,0.013693634,101.44,0,0,0
2002-08-15 00:00:00,26.66,0.007152299,86.19,0,0,0
2002-08-16 00:00:00,27.33,0.024820685,119.85,0,0,0
2002-08-19 00:00:00,27.44,0.004016803,66.02,0,0,0
2002-08-20 00:00:00,27.63,0.006900336,151.78,0,0,0
2002-08-21 00:00:00,27.53,-0.00362582,155.44,0,0,0
2002-08-22 00:00:00,27.81,0.010119349,142.13,0,0,0
2002-08-23 00:00:00,27.51,-0.010846093,130.64,0,0,0
2002-08-26 00:00:00,27.56,0.001815871,137.16,0,0,0
2002-08-27 00:00:00,27.89,0.011902755,128.64,0,0,0
2002-08-28 00:00:00,27.54,-0.012628708,122.08,0,0,0
2002-08-29 00:00:00,27.11,-0.01573683,105.93,0,0,0
2002-08-30 00:00:00,27.56,0.016462783,113.78,0,0,0
2002-09-02 00:00:00,27.45,-0.003999278,146.46,0,0,0
2002-09-03 00:00:00,26.58,-0.032207115,114.62,0,0,0
2002-09-04 00:00:00,27.31,0.027093882,188.65,0,0,0
2002-09-05 00:00:00,27.54,0.008386558,185.39,0,0,0
2002-09-06 00:00:00,28.36,0.029340208,152.23,0,0,0
2002-09-09 00:00:00,28.67,0.010871578,157.57,0,0,0
2002-09-10 00:00:00,28.92,0.008682117,225.34,0,0,0
2002-09-11 00:00:00,28.68,-0.008333382,198.02,0,0,0
2002-09-12 00:00:00,27.76,-0.03260388,189.82,0,0,0
2002-09-13 00:00:00,28.53,0.02736003,301.14,0,0,0
2002-09-16 00:00:00,28.38,-0.005271493,151.69,0,0,0
2002-09-17 00:00:00,27.76,-0.022088536,205.88,0,0,0
2002-09-18 00:00:00,28.41,0.02314506,236.17,0,0,0
2002-09-19 00:00:00,28.45,0.001406965,186.92,0,0,0
2002-09-20 00:00:00,28.61,0.005608146,191.86,0,0,0
2002-09-23 00:00:00,29.36,0.025876897,128.32,0,0,0
2002-09-24 00:00:00,29.47,0.003739593,216.18,0,0,0
2002-09-25 00:00:00,29.11,-0.012291039,237.25,0,0,0
2002-09-26 00:00:00,28.93,-0.006202639,140.04,0,0,0
2002-09-27 00:00:00,29,0.002416711,255.03,0,0,0
2002-09-30 00:00:00,29.11,0.003785928,159.6,0,0,0
2002-10-01 00:00:00,29.42,0.010592957,155.42,0,0,0
2002-10-02 00:00:00,29.14,-0.009562914,134.17,0,0,0
2002-10-03 00:00:00,28.46,-0.023612208,138.47,0,0,0
2002-10-04 00:00:00,28.32,-0.004931324,168.68,0,0,0
2002-10-07 00:00:00,28.38,0.002116403,203.37,0,0,0
2002-10-08 00:00:00,28.28,-0.003529831,187.33,0,0,0
2002-10-09 00:00:00,28.29,0.000353544,209.03,0,0,0
2002-10-10 00:00:00,27.7,-0.021075972,178.04,0,0,0
2002-10-11 00:00:00,28.18,0.017180093,178.91,0,0,0
2002-10-14 00:00:00,28.56,0.013394631,183.22,0,0,0
2002-10-15 00:00:00,28.66,0.003495285,195.05,0,0,0
2002-10-16 00:00:00,28.61,-0.001746115,158.86,0,0,0
2002-10-17 00:00:00,28.22,-0.013725361,187.31,0,0,0
2002-10-18 00:00:00,28.2,-0.000708968,271,0,0,0
2002-10-21 00:00:00,27.01,-0.04311481,166.69,0,0,0
2002-10-22 00:00:00,26.69,-0.011918204,135.34,0,0,0
2002-10-23 00:00:00,26.68,-0.000374742,161.52,0,0,0
2002-10-24 00:00:00,26.78,0.003741119,144.02,0,0,0
2002-10-25 00:00:00,25.96,-0.031098448,201.68,0,0,0
2002-10-28 00:00:00,25.44,-0.020234153,174.35,0,0,0
2002-10-29 00:00:00,25.71,0.010557283,176.87,0,0,0
2002-10-30 00:00:00,25.29,-0.016470961,154.14,0,0,0
2002-10-31 00:00:00,25.51,0.008661471,140.38,0,0,0
2002-11-01 00:00:00,25.78,0.010528465,169.15,0,0,0
2002-11-04 00:00:00,25.21,-0.022358256,94.85,0,0,0
2002-11-05 00:00:00,24.66,-0.022058243,143.18,0,0,0
2002-11-06 00:00:00,23.73,-0.038442427,182.94,0,0,0
2002-11-07 00:00:00,24.36,0.026202372,155.12,0,0,0
2002-11-08 00:00:00,23.54,-0.034241341,160.75,0,0,0
2002-11-11 00:00:00,23.86,0.013502315,164.71,0,0,0
2002-11-12 00:00:00,24.01,0.006266994,156.81,0,0,0
2002-11-13 00:00:00,22.96,-0.044716839,192.52,0,0,0
2002-11-14 00:00:00,22.82,-0.006116227,216.92,0,0,0
2002-11-15 00:00:00,23.33,0.022102742,194.86,0,0,0
2002-11-18 00:00:00,23.41,0.003423195,181.79,0,0,0
2002-11-19 00:00:00,24.05,0.026971715,216.77,0,0,0
2002-11-20 00:00:00,24.05,0,123.65,0,0,0
2002-11-21 00:00:00,24.52,0.019354115,142.72,0,0,0
2002-11-22 00:00:00,24.79,0.010951235,147.59,0,0,0
2002-11-25 00:00:00,24.85,0.002417406,130.19,0,0,0
2002-11-26 00:00:00,24.56,-0.011738649,168.44,0,0,0
2002-11-27 00:00:00,25.11,0.02214707,142.68,0,0,0
2002-11-28 00:00:00,25.7,0.023224819,147.88,0,0,0
2002-11-29 00:00:00,25.74,0.00155521,198.88,0,0,0
2002-12-02 00:00:00,25.73,-0.000388576,176.12,0,0,0
2002-12-03 00:00:00,26.09,0.013894473,174.35,0,0,0
2002-12-04 00:00:00,25.99,-0.00384025,172.23,0,0,0
2002-12-05 00:00:00,26.07,0.003073379,200.52,0,0,0
2002-12-06 00:00:00,25.67,-0.015462233,216.98,0,0,0
2002-12-09 00:00:00,26.06,0.015078577,135.85,0,0,0
2002-12-10 00:00:00,26.35,0.011066703,175.52,0,0,0
2002-12-11 00:00:00,26.85,0.018797546,177.72,0,0,0
2002-12-12 00:00:00,27.29,0.016254514,171.69,0,0,0
2002-12-13 00:00:00,27.64,0.012743664,165.34,0,0,0
2002-12-16 00:00:00,28.73,0.038677874,152.83,0,0,0
2002-12-17 00:00:00,29.25,0.017937701,176.88,0,0,0
2002-12-18 00:00:00,29.95,0.023649751,201.61,0,0,0
2002-12-19 00:00:00,30.26,0.010297384,175.63,0,0,0
2002-12-20 00:00:00,29.59,-0.022390242,276.05,0,0,0
2002-12-23 00:00:00,30.61,0.033890287,189.76,0,0,0
2002-12-24 00:00:00,30.93,0.010399834,273.16,0,0,0
2002-12-27 00:00:00,31.49,0.017943448,203.79,0,0,0
2002-12-30 00:00:00,32.02,0.016690672,162.63,0,0,0
2002-12-31 00:00:00,30.12,-0.061171305,228.61,0,0,0
2003-01-02 00:00:00,30.32,0.006618158,183.23,0,0,0
2003-01-03 00:00:00,31.43,0.03595529,171.76,0,0,0
2003-01-06 00:00:00,31.43,0,117.88,0,0,0
2003-01-07 00:00:00,30.78,-0.020897722,209.53,0,0,0
2003-01-08 00:00:00,29.3,-0.049277612,202.43,0,0,0
2003-01-09 00:00:00,30.26,0.032239192,175.07,0,0,0
2003-01-10 00:00:00,30.07,-0.006298711,245.27,0,0,0
2003-01-13 00:00:00,30.46,0.01288635,202.41,0,0,0
2003-01-14 00:00:00,31.36,0.029118848,193,0,0,0
2003-01-15 00:00:00,31.73,0.01172941,242.03,0,0,0
2003-01-16 00:00:00,32.29,0.017494979,177.98,0,0,0
2003-01-17 00:00:00,31.57,-0.022550282,241.23,0,0,0
2003-01-20 00:00:00,32.23,0.020690393,210.03,0,0,0
2003-01-21 00:00:00,31.72,-0.015950299,229.15,0,0,0
2003-01-22 00:00:00,32.07,0.010973617,226.73,0,0,0
2003-01-23 00:00:00,31.4,-0.021113121,184.46,0,0,0
2003-01-24 00:00:00,31.62,0.006981939,247.88,0,0,0
2003-01-27 00:00:00,31.02,-0.019157674,258.56,0,0,0
2003-01-28 00:00:00,30.73,-0.009392782,285.57,0,0,0
2003-01-29 00:00:00,31.26,0.017099949,257.61,0,0,0
2003-01-30 00:00:00,31.42,0.005105308,264.37,0,0,0
2003-01-31 00:00:00,31.57,0.00476267,230.36,0,0,0
2003-02-03 00:00:00,30.95,-0.019834303,167.59,0,0,0
2003-02-04 00:00:00,31.13,0.005798985,206.44,0,0,0
2003-02-05 00:00:00,31.77,0.020350464,196.58,0,0,0
2003-02-06 00:00:00,31.81,0.001258257,211.49,0,0,0
2003-02-07 00:00:00,32.23,0.01311699,257.03,0,0,0
2003-02-10 00:00:00,32.47,0.00741889,180.55,0,0,0
2003-02-11 00:00:00,32.51,0.001231148,213.41,0,0,0
2003-02-12 00:00:00,32.46,-0.001539172,296.34,0,0,0
2003-02-13 00:00:00,33.23,0.02344452,334.66,0,0,0
2003-02-14 00:00:00,33.26,0.000902391,344.46,0,0,0
2003-02-17 00:00:00,33.06,-0.006031381,290.78,0,0,0
2003-02-18 00:00:00,33.26,0.006031381,342.68,0,0,0
2003-02-19 00:00:00,33.16,-0.003011143,242.38,0,0,0
2003-02-20 00:00:00,32.76,-0.012136071,239.5,0,0,0
2003-02-21 00:00:00,32.76,0,227.28,0,0,0
2003-02-24 00:00:00,33.41,0.019646997,186.14,0,0,0
2003-02-25 00:00:00,33.64,0.006860579,338.82,0,0,0
2003-02-26 00:00:00,33.46,-0.00536514,284.53,0,0,0
2003-02-27 00:00:00,34.09,0.018653391,228.99,0,0,0
2003-02-28 00:00:00,34,-0.002643562,240.86,0,0,0
2003-03-03 00:00:00,33.4,-0.017804625,247.1,0,0,0
2003-03-04 00:00:00,34.37,0.028628191,326.09,0,0,0
2003-03-05 00:00:00,33.92,-0.01317928,338.19,0,0,0
2003-03-06 00:00:00,34.39,0.013761014,285.29,0,0,0
2003-03-07 00:00:00,34.47,0.002323556,313.06,0,0,0
2003-03-10 00:00:00,34.94,0.013542924,327.62,0,0,0
2003-03-11 00:00:00,34.06,-0.025508629,309.09,0,0,0
2003-03-12 00:00:00,34.16,0.002931694,347.37,0,0,0
2003-03-13 00:00:00,33.98,-0.005283253,262.22,0,0,0
2003-03-14 00:00:00,31.48,-0.076419693,336.59,0,0,0
2003-03-17 00:00:00,30.35,-0.036555906,344.84,0,0,0
2003-03-18 00:00:00,28.55,-0.061139581,554.58,0,0,0
2003-03-19 00:00:00,28.4,-0.005267791,540.06,0,0,0
2003-03-20 00:00:00,28,-0.014184635,478.95,0,0,0
2003-03-21 00:00:00,25.59,-0.09000286,595.03,0,0,0
2003-03-24 00:00:00,26.54,0.036451379,441.45,0,0,0
2003-03-25 00:00:00,27.28,0.027500804,516.67,0,0,0
2003-03-26 00:00:00,25.98,-0.048826822,417.85,0,0,0
2003-03-27 00:00:00,27.29,0.049193323,482.87,0,0,0
2003-03-28 00:00:00,27.66,0.013466992,373.54,0,0,0
2003-03-31 00:00:00,28.05,0.014001306,439.02,0,0,0
2003-04-01 00:00:00,27.94,-0.003929278,512.38,0,0,0
2003-04-02 00:00:00,26.29,-0.060870715,428.78,0,0,0
2003-04-03 00:00:00,26.75,0.017345835,356.86,0,0,0
2003-04-04 00:00:00,25.62,-0.043161177,394.21,0,0,0
2003-04-07 00:00:00,25.27,-0.013755375,277.46,0,0,0
2003-04-08 00:00:00,24.88,-0.015553654,339.98,0,0,0
2003-04-09 00:00:00,25.11,0.009201905,354.19,0,0,0
2003-04-10 00:00:00,25.16,0.001989259,287.74,0,0,0
2003-04-11 00:00:00,24.39,-0.03108222,319.09,0,0,0
2003-04-14 00:00:00,24.72,0.01343942,263.3,0,0,0
2003-04-15 00:00:00,24.74,0.000808734,280.67,0,0,0
2003-04-16 00:00:00,24.86,0.004838719,280.17,0,0,0
2003-04-17 00:00:00,25.36,0.019913043,229.66,0,0,0
2003-04-18 00:00:00,25.76,0.015649772,234.46,0,0,0
2003-04-21 00:00:00,25.76,0,199.16,0,0,0
2003-04-22 00:00:00,25.72,-0.001554002,174.88,0,0,0
2003-04-23 00:00:00,24.56,-0.046149796,184.36,0,0,0
2003-04-24 00:00:00,24.06,-0.020568393,172.42,0,0,0
2003-04-25 00:00:00,24.29,0.009514032,214.84,0,0,0
2003-04-28 00:00:00,23.42,-0.036474385,141.5,0,0,0
2003-04-29 00:00:00,23.23,-0.008145811,159.49,0,0,0
2003-04-30 00:00:00,23.6,0.015802165,225.66,0,0,0
2003-05-01 00:00:00,23.79,0.008018612,201.63,0,0,0
2003-05-02 00:00:00,23.73,-0.002525254,154.07,0,0,0
2003-05-05 00:00:00,23.59,-0.005917177,175.33,0,0,0
2003-05-06 00:00:00,23.91,0.013473888,160.29,0,0,0
2003-05-07 00:00:00,24.01,0.004173629,155.23,0,0,0
2003-05-08 00:00:00,24.48,0.019386047,145.43,0,0,0
2003-05-09 00:00:00,25.55,0.042780859,192.16,0,0,0
2003-05-12 00:00:00,25.69,0.005464494,182.05,0,0,0
2003-05-13 00:00:00,25.45,-0.009386068,167.4,0,0,0
2003-05-14 00:00:00,25.98,0.020611268,222.93,0,0,0
2003-05-15 00:00:00,26.77,0.029954846,224.32,0,0,0
2003-05-16 00:00:00,27.18,0.015199551,210.05,0,0,0
2003-05-19 00:00:00,27.23,0.001837898,144.02,0,0,0
2003-05-20 00:00:00,26.69,-0.020030343,195.05,0,0,0
2003-05-21 00:00:00,27.58,0.032801909,186.1,0,0,0
2003-05-22 00:00:00,27.32,-0.009471838,207.52,0,0,0
2003-05-23 00:00:00,27.14,-0.00661038,189.29,0,0,0
2003-05-26 00:00:00,26.78,-0.013353314,152.4,0,0,0
2003-05-27 00:00:00,26.55,-0.008625593,126.3,0,0,0
2003-05-28 00:00:00,26.48,-0.002640017,148.32,0,0,0
2003-05-29 00:00:00,26.39,-0.003404581,126.14,0,0,0
2003-05-30 00:00:00,26.58,0.007173903,143.5,0,0,0
2003-06-02 00:00:00,27.56,0.036206393,150.92,0,0,0
2003-06-03 00:00:00,27.99,0.015481857,205.26,0,0,0
2003-06-04 00:00:00,27.49,-0.018025001,186.19,0,0,0
2003-06-05 00:00:00,28.16,0.024080229,166.03,0,0,0
2003-06-06 00:00:00,28.38,0.00778214,172.53,0,0,0
2003-06-09 00:00:00,28.62,0.008421102,150.4,0,0,0
2003-06-10 00:00:00,28.44,-0.006309169,172.5,0,0,0
2003-06-11 00:00:00,28.97,0.018464207,158.88,0,0,0
2003-06-12 00:00:00,28.48,-0.017058725,172.36,0,0,0
2003-06-13 00:00:00,27.39,-0.039024103,139.18,0,0,0
2003-06-16 00:00:00,27.5,0.004008021,173.57,0,0,0
2003-06-17 00:00:00,27.14,-0.01317735,146.94,0,0,0
2003-06-18 00:00:00,26.43,-0.026508926,176.98,0,0,0
2003-06-19 00:00:00,26.21,-0.008358711,164.94,0,0,0
2003-06-20 00:00:00,27.13,0.034499109,156.14,0,0,0
2003-06-23 00:00:00,27.13,0,141.29,0,0,0
2003-06-24 00:00:00,26.96,-0.006285841,155.85,0,0,0
2003-06-25 00:00:00,27.34,0.013996545,226.12,0,0,0
2003-06-26 00:00:00,27.06,-0.010294209,167,0,0,0
2003-06-27 00:00:00,27.45,0.014309545,150.3,0,0,0
2003-06-30 00:00:00,28.88,0.050783146,150.57,0,0,0
2003-07-01 00:00:00,28.33,-0.019228,154.61,0,0,0
2003-07-02 00:00:00,28.2,-0.004599336,176.5,0,0,0
2003-07-03 00:00:00,28.63,0.015133141,119.14,0,0,0
2003-07-04 00:00:00,27.97,-0.023322612,150.41,0,0,0
2003-07-07 00:00:00,27.23,-0.026813201,88.9,0,0,0
2003-07-08 00:00:00,27.95,0.026097893,190.15,0,0,0
2003-07-09 00:00:00,28.21,0.009259325,145.82,0,0,0
2003-07-10 00:00:00,29.37,0.04029722,147.48,0,0,0
2003-07-11 00:00:00,29.36,-0.000340541,95.22,0,0,0
2003-07-14 00:00:00,28.52,-0.029027608,143.31,0,0,0
2003-07-15 00:00:00,28.87,0.012197398,147.01,0,0,0
2003-07-16 00:00:00,28.51,-0.012548091,141.79,0,0,0
2003-07-17 00:00:00,28.59,0.002802103,138.02,0,0,0
2003-07-18 00:00:00,29.2,0.021111703,132.39,0,0,0
2003-07-21 00:00:00,28.01,-0.04160712,165.02,0,0,0
2003-07-22 00:00:00,28.4,0.013827556,134.77,0,0,0
2003-07-23 00:00:00,27.67,-0.026040351,170.66,0,0,0
2003-07-24 00:00:00,27.73,0.002166066,125.43,0,0,0
2003-07-25 00:00:00,28.3,0.020346945,159.49,0,0,0
2003-07-28 00:00:00,27.71,-0.021068446,134.13,0,0,0
2003-07-29 00:00:00,28.27,0.020007813,178.57,0,0,0
2003-07-30 00:00:00,28.31,0.001413927,191.42,0,0,0
2003-07-31 00:00:00,28.68,0.012984917,134.59,0,0,0
2003-08-01 00:00:00,29.63,0.032587346,153.79,0,0,0
2003-08-04 00:00:00,29.91,0.009405511,161.49,0,0,0
2003-08-05 00:00:00,30.37,0.015262406,107.45,0,0,0
2003-08-06 00:00:00,30.01,-0.01192462,152.3,0,0,0
2003-08-07 00:00:00,30.06,0.001664725,136.01,0,0,0
2003-08-08 00:00:00,30.59,0.017477774,150.86,0,0,0
2003-08-11 00:00:00,30.05,-0.017810497,134.56,0,0,0
2003-08-12 00:00:00,30.13,0.002658692,144.33,0,0,0
2003-08-13 00:00:00,29.66,-0.015722016,179.58,0,0,0
2003-08-14 00:00:00,28.96,-0.023883769,150.97,0,0,0
2003-08-15 00:00:00,29.18,0.007567976,218.31,0,0,0
2003-08-18 00:00:00,29.88,0.023705817,139.31,0,0,0
2003-08-19 00:00:00,29.18,-0.023705817,162.8,0,0,0
2003-08-20 00:00:00,29.28,0.003421146,208.79,0,0,0
2003-08-21 00:00:00,29.95,0.022624635,117.31,0,0,0
2003-08-22 00:00:00,30.22,0.008974632,134.41,0,0,0
2003-08-25 00:00:00,29.98,-0.007973464,129.43,0,0,0
2003-08-26 00:00:00,30.08,0.003330006,195.97,0,0,0
2003-08-27 00:00:00,30.05,-0.000997838,164.56,0,0,0
2003-08-28 00:00:00,30.1,0.001662511,139.65,0,0,0
2003-08-29 00:00:00,30.38,0.009259325,114.12,0,0,0
2003-09-01 00:00:00,29.64,-0.024659697,154.59,0,0,0
2003-09-02 00:00:00,28.08,-0.054067221,151.92,0,0,0
2003-09-03 00:00:00,27.89,-0.006789378,132.26,0,0,0
2003-09-04 00:00:00,27.49,-0.014445899,99.16,0,0,0
2003-09-05 00:00:00,27.72,0.008331872,133.41,0,0,0
2003-09-08 00:00:00,28.47,0.026696727,165.08,0,0,0
2003-09-09 00:00:00,27.64,-0.029586902,157.89,0,0,0
2003-09-10 00:00:00,27.76,0.004332137,159.71,0,0,0
2003-09-11 00:00:00,27.48,-0.010137668,97.43,0,0,0
2003-09-12 00:00:00,26.52,-0.035559302,126.28,0,0,0
2003-09-15 00:00:00,26.38,-0.005293018,111.35,0,0,0
2003-09-16 00:00:00,26.28,-0.003797954,133.72,0,0,0
2003-09-17 00:00:00,25.76,-0.019985292,122.79,0,0,0
2003-09-18 00:00:00,25.56,-0.007794272,128.59,0,0,0
2003-09-19 00:00:00,25.51,-0.001958097,115.17,0,0,0
2003-09-22 00:00:00,25.82,0.012078853,116.23,0,0,0
2003-09-23 00:00:00,25.74,-0.003103183,105.35,0,0,0
2003-09-24 00:00:00,26.81,0.04072875,150.31,0,0,0
2003-09-25 00:00:00,27.04,0.008542299,110.16,0,0,0
2003-09-26 00:00:00,27.02,-0.000739919,119.2,0,0,0
2003-09-29 00:00:00,27.77,0.027378969,131.3,0,0,0
2003-09-30 00:00:00,28.09,0.01145734,120.98,0,0,0
2003-10-01 00:00:00,27.98,-0.003923672,83.62,0,0,0
2003-10-02 00:00:00,28.9,0.032351626,114.32,0,0,0
2003-10-03 00:00:00,29.14,0.008270206,133.13,0,0,0
2003-10-06 00:00:00,29.75,0.020717331,135.82,0,0,0
2003-10-07 00:00:00,29.35,-0.013536586,126.36,0,0,0
2003-10-08 00:00:00,28.96,-0.013376979,88.89,0,0,0
2003-10-09 00:00:00,30.21,0.042257428,77.25,0,0,0
2003-10-10 00:00:00,31.13,0.029998989,137.34,0,0,0
2003-10-13 00:00:00,31,-0.00418478,129.84,0,0,0
2003-10-14 00:00:00,31.45,0.014411779,123.98,0,0,0
2003-10-15 00:00:00,31.23,-0.007019812,113.09,0,0,0
2003-10-16 00:00:00,31.05,-0.005780363,130.32,0,0,0
2003-10-17 00:00:00,30.27,-0.025441685,110.51,0,0,0
2003-10-20 00:00:00,29.78,-0.016320096,115.71,0,0,0
2003-10-21 00:00:00,29.61,-0.005724885,154.49,0,0,0
2003-10-22 00:00:00,29.25,-0.012232568,163.69,0,0,0
2003-10-23 00:00:00,29.63,0.012907788,120.77,0,0,0
2003-10-24 00:00:00,30.01,0.012743298,133.06,0,0,0
2003-10-27 00:00:00,29.38,-0.021216489,101.59,0,0,0
2003-10-28 00:00:00,28.99,-0.013363228,112.82,0,0,0
2003-10-29 00:00:00,28.56,-0.014943805,128.7,0,0,0
2003-10-30 00:00:00,27.47,-0.038912637,74.47,0,0,0
2003-10-31 00:00:00,27.88,0.014815086,107.63,0,0,0
2003-11-03 00:00:00,27.78,-0.003593249,151.24,0,0,0
2003-11-04 00:00:00,27.32,-0.016697303,122.46,0,0,0
2003-11-05 00:00:00,27.9,0.021007654,109.34,0,0,0
2003-11-06 00:00:00,28.52,0.021978907,95.63,0,0,0
2003-11-07 00:00:00,28.73,0.007336277,86.49,0,0,0
2003-11-10 00:00:00,28.82,0.003127718,128.72,0,0,0
2003-11-11 00:00:00,28.88,0.002079723,151.93,0,0,0
2003-11-12 00:00:00,28.58,-0.010442142,95.5,0,0,0
2003-11-13 00:00:00,29.01,0.014933426,120.31,0,0,0
2003-11-14 00:00:00,29.78,0.026196429,101.61,0,0,0
2003-11-17 00:00:00,28.98,-0.02723109,129.64,0,0,0
2003-11-18 00:00:00,29.26,0.009615459,152.06,0,0,0
2003-11-19 00:00:00,30.13,0.029299958,134.97,0,0,0
2003-11-20 00:00:00,29.88,-0.008331993,131.66,0,0,0
2003-11-21 00:00:00,29.79,-0.003016594,203.21,0,0,0
2003-11-24 00:00:00,27.99,-0.062325463,131.9,0,0,0
2003-11-25 00:00:00,27.62,-0.013307156,101.44,0,0,0
2003-11-26 00:00:00,28.23,0.021845094,105.75,0,0,0
2003-11-27 00:00:00,28.9,0.023456353,119.7,0,0,0
2003-11-28 00:00:00,28.95,0.001728609,143.21,0,0,0
2003-12-01 00:00:00,28.17,-0.027312622,143.39,0,0,0
2003-12-02 00:00:00,29.1,0.032480592,120.28,0,0,0
2003-12-03 00:00:00,29.26,0.005483221,166.86,0,0,0
2003-12-04 00:00:00,29.25,-0.000341822,134.11,0,0,0
2003-12-05 00:00:00,28.87,-0.01307658,112.19,0,0,0
2003-12-08 00:00:00,30.52,0.055579213,82.53,0,0,0
2003-12-09 00:00:00,30.27,-0.008225083,80.17,0,0,0
2003-12-10 00:00:00,30.02,-0.008293297,143.15,0,0,0
2003-12-11 00:00:00,29.79,-0.007691059,109.38,0,0,0
2003-12-12 00:00:00,30.24,0.014992785,133.43,0,0,0
2003-12-15 00:00:00,30.89,0.021266956,130.19,0,0,0
2003-12-16 00:00:00,30.64,-0.008126162,138.41,0,0,0
2003-12-17 00:00:00,31.01,0.012003388,133.35,0,0,0
2003-12-18 00:00:00,30.79,-0.007119771,81.55,0,0,0
2003-12-19 00:00:00,31.03,0.007764517,156.91,0,0,0
2003-12-22 00:00:00,28.78,-0.075273777,177.01,0,0,0
2003-12-23 00:00:00,28.3,-0.016818897,171.54,0,0,0
2003-12-24 00:00:00,29.45,0.039832105,186.51,0,0,0
2003-12-29 00:00:00,29.17,-0.009553126,184.28,0,0,0
2003-12-30 00:00:00,30.1,0.031384388,191.78,0,0,0
2003-12-31 00:00:00,30.3,0.006622541,156.76,0,0,0
2004-01-02 00:00:00,29.55,-0.025063969,165.04,0,0,0
2004-01-05 00:00:00,32.3,0.088983486,102.53,0,0,0
2004-01-06 00:00:00,31.2,-0.034649135,128.37,0,0,0
2004-01-07 00:00:00,30.99,-0.006753523,148.56,0,0,0
2004-01-08 00:00:00,31.11,0.003864739,128.04,0,0,0
2004-01-09 00:00:00,31.91,0.025390129,144.02,0,0,0
2004-01-12 00:00:00,31.41,-0.015793127,73.86,0,0,0
2004-01-13 00:00:00,32.55,0.035651055,147.09,0,0,0
2004-01-14 00:00:00,31.84,-0.022054008,97.6,0,0,0
2004-01-15 00:00:00,31.43,-0.01296051,119.83,0,0,0
2004-01-16 00:00:00,31.26,-0.005423526,95.97,0,0,0
2004-01-19 00:00:00,31.67,0.013030536,89.24,0,0,0
2004-01-20 00:00:00,32.26,0.018458212,101.2,0,0,0
2004-01-21 00:00:00,31.95,-0.009655892,85.47,0,0,0
2004-01-22 00:00:00,31.42,-0.016727548,117.88,0,0,0
2004-01-23 00:00:00,32.08,0.02078815,105.16,0,0,0
2004-01-26 00:00:00,31.15,-0.029418538,97.64,0,0,0
2004-01-27 00:00:00,31.05,-0.003215437,129.59,0,0,0
2004-01-28 00:00:00,30.77,-0.009058619,129.14,0,0,0
2004-01-29 00:00:00,29.47,-0.043167393,142.78,0,0,0
2004-01-30 00:00:00,29.53,0.002033899,91.78,0,0,0
2004-02-02 00:00:00,30.3,0.025741017,184.91,0,0,0
2004-02-03 00:00:00,30.07,-0.007619716,150.85,0,0,0
2004-02-04 00:00:00,29.63,-0.014740635,161.24,0,0,0
2004-02-05 00:00:00,29.02,-0.020802114,116.09,0,0,0
2004-02-06 00:00:00,29.26,0.008236148,140.21,0,0,0
2004-02-09 00:00:00,29.1,-0.005483221,133.39,0,0,0
2004-02-10 00:00:00,30.06,0.03245721,125.68,0,0,0
2004-02-11 00:00:00,30.33,0.008941937,126.61,0,0,0
2004-02-12 00:00:00,30.17,-0.005289269,93.02,0,0,0
2004-02-13 00:00:00,30.96,0.025847996,121.85,0,0,0
2004-02-16 00:00:00,31.08,0.003868477,93.03,0,0,0
2004-02-17 00:00:00,31.43,0.011198325,91.92,0,0,0
2004-02-18 00:00:00,31.57,0.004444452,93.44,0,0,0
2004-02-19 00:00:00,31.63,0.001898735,132.07,0,0,0
2004-02-20 00:00:00,31.22,-0.013047122,77.57,0,0,0
2004-02-23 00:00:00,31.89,0.021233566,120.87,0,0,0
2004-02-24 00:00:00,31.6,-0.00913536,138.15,0,0,0
2004-02-25 00:00:00,32.46,0.026851441,161.73,0,0,0
2004-02-26 00:00:00,32.45,-0.000308119,111.18,0,0,0
2004-02-27 00:00:00,32.94,0.014987282,126.19,0,0,0
2004-03-01 00:00:00,33.34,0.012070153,118.18,0,0,0
2004-03-02 00:00:00,34.15,0.024004709,86.58,0,0,0
2004-03-03 00:00:00,33.32,-0.024604769,108.42,0,0,0
2004-03-04 00:00:00,33.45,0.003893969,112.29,0,0,0
2004-03-05 00:00:00,34.4,0.028004778,106.58,0,0,0
2004-03-08 00:00:00,34.27,-0.003786228,84.56,0,0,0
2004-03-09 00:00:00,33.72,-0.016179203,82.81,0,0,0
2004-03-10 00:00:00,32.83,-0.026748402,111.99,0,0,0
2004-03-11 00:00:00,33.22,0.011809373,110.76,0,0,0
2004-03-12 00:00:00,32.76,-0.013943845,179.51,0,0,0
2004-03-15 00:00:00,34.39,0.048557565,192.09,0,0,0
2004-03-16 00:00:00,34.72,0.009550065,257.5,0,0,0
2004-03-17 00:00:00,34.95,0.006602579,182.45,0,0,0
2004-03-18 00:00:00,34.43,-0.014990191,145.77,0,0,0
2004-03-19 00:00:00,34.33,-0.00290867,207.22,0,0,0
2004-03-22 00:00:00,33.57,-0.022386796,162.42,0,0,0
2004-03-23 00:00:00,34.4,0.024423753,208.84,0,0,0
2004-03-24 00:00:00,34.14,-0.007586847,174.35,0,0,0
2004-03-25 00:00:00,33.32,-0.0243119,145.94,0,0,0
2004-03-26 00:00:00,32.51,-0.024610083,164.91,0,0,0
2004-03-29 00:00:00,32.04,-0.014562612,149.41,0,0,0
2004-03-30 00:00:00,33.04,0.030733826,116.34,0,0,0
2004-03-31 00:00:00,32.29,-0.022961364,173.76,0,0,0
2004-04-01 00:00:00,32.59,0.009247908,139.82,0,0,0
2004-04-02 00:00:00,31.19,-0.043907962,167.09,0,0,0
2004-04-05 00:00:00,31.17,-0.000641437,184.24,0,0,0
2004-04-06 00:00:00,31.48,0.00989633,175.18,0,0,0
2004-04-07 00:00:00,33.07,0.049274103,131.77,0,0,0
2004-04-08 00:00:00,33.98,0.027145589,148.97,0,0,0
2004-04-09 00:00:00,34.03,0.001470372,252.65,0,0,0
2004-04-12 00:00:00,34.51,0.014006649,187.35,0,0,0
2004-04-13 00:00:00,34.15,-0.010486551,153.91,0,0,0
2004-04-14 00:00:00,33.54,-0.01802383,239.21,0,0,0
2004-04-15 00:00:00,33.72,0.005352377,177.98,0,0,0
2004-04-16 00:00:00,33.85,0.003847866,180.4,0,0,0
2004-04-19 00:00:00,34.71,0.025088831,176.76,0,0,0
2004-04-20 00:00:00,33.56,-0.033692948,144.69,0,0,0
2004-04-21 00:00:00,33.23,-0.009881799,134.61,0,0,0
2004-04-22 00:00:00,33.24,0.000300888,148.21,0,0,0
2004-04-23 00:00:00,33.78,0.016114941,128.64,0,0,0
2004-04-26 00:00:00,34.18,0.011771766,120.07,0,0,0
2004-04-27 00:00:00,34.11,-0.002050081,128.47,0,0,0
2004-04-28 00:00:00,35.02,0.02632873,189.78,0,0,0
2004-04-29 00:00:00,34.66,-0.010333043,141.27,0,0,0
2004-04-30 00:00:00,35.23,0.016311708,150.31,0,0,0
2004-05-03 00:00:00,34.97,-0.007407441,113.19,0,0,0
2004-05-04 00:00:00,36.07,0.030970944,122.93,0,0,0
2004-05-05 00:00:00,36.58,0.014040148,128.23,0,0,0
2004-05-06 00:00:00,37.05,0.012766709,103.92,0,0,0
2004-05-07 00:00:00,37.25,0.005383593,137.28,0,0,0
2004-05-10 00:00:00,35.83,-0.038866414,128.39,0,0,0
2004-05-11 00:00:00,36.97,0.031321242,133.52,0,0,0
2004-05-12 00:00:00,37.95,0.026162731,122.35,0,0,0
2004-05-13 00:00:00,38.3,0.009180392,125.53,0,0,0
2004-05-14 00:00:00,39.04,0.019136865,114.82,0,0,0
2004-05-17 00:00:00,38.88,-0.004106782,149.94,0,0,0
2004-05-18 00:00:00,38.43,-0.011641575,158.36,0,0,0
2004-05-19 00:00:00,38.35,-0.002083877,117.47,0,0,0
2004-05-20 00:00:00,38.89,0.01398262,160.24,0,0,0
2004-05-21 00:00:00,37.6,-0.033733098,124.6,0,0,0
2004-05-24 00:00:00,39.22,0.04218277,156.36,0,0,0
2004-05-25 00:00:00,38.46,-0.019568081,136.05,0,0,0
2004-05-26 00:00:00,38.05,-0.010717656,131.19,0,0,0
2004-05-27 00:00:00,37.03,-0.027172689,170.89,0,0,0
2004-05-28 00:00:00,37,-0.000810482,161.73,0,0,0
2004-05-31 00:00:00,37,0,151.87,0,0,0
2004-06-01 00:00:00,39.05,0.053924964,151.92,0,0,0
2004-06-02 00:00:00,37.99,-0.027519909,156.25,0,0,0
2004-06-03 00:00:00,36.26,-0.046607762,176.63,0,0,0
2004-06-04 00:00:00,35.97,-0.008029948,156.36,0,0,0
2004-06-07 00:00:00,35.57,-0.011182672,53.66,0,0,0
2004-06-08 00:00:00,35.47,-0.002815317,161.75,0,0,0
2004-06-09 00:00:00,34.69,-0.022235808,135.86,0,0,0
2004-06-10 00:00:00,35.75,0.030098808,146.41,0,0,0
2004-06-11 00:00:00,35.23,-0.014652277,163.15,0,0,0
2004-06-14 00:00:00,35.22,-0.000283889,100.95,0,0,0
2004-06-15 00:00:00,34.66,-0.016027819,123.03,0,0,0
2004-06-16 00:00:00,34.56,-0.00288934,103.07,0,0,0
2004-06-17 00:00:00,35.58,0.029086738,127.79,0,0,0
2004-06-18 00:00:00,35.43,-0.004224763,190.44,0,0,0
2004-06-21 00:00:00,34.82,-0.017366985,183.22,0,0,0
2004-06-22 00:00:00,34.95,0.003726534,157.74,0,0,0
2004-06-23 00:00:00,34.81,-0.004013767,160.72,0,0,0
2004-06-24 00:00:00,34.71,-0.002876872,135.15,0,0,0
2004-06-25 00:00:00,34.25,-0.013341265,164.05,0,0,0
2004-06-28 00:00:00,33.24,-0.029932595,151.26,0,0,0
2004-06-29 00:00:00,32.61,-0.01913498,200.76,0,0,0
2004-06-30 00:00:00,33.22,0.018533114,119.24,0,0,0
2004-07-01 00:00:00,35.58,0.068631578,128.33,0,0,0
2004-07-02 00:00:00,35.36,-0.006202444,92.82,0,0,0
2004-07-05 00:00:00,35.73,0.010409434,103.39,0,0,0
2004-07-06 00:00:00,36.47,0.020499333,86.04,0,0,0
2004-07-07 00:00:00,35.62,-0.023582727,109.38,0,0,0
2004-07-08 00:00:00,37.13,0.04151799,109.02,0,0,0
2004-07-09 00:00:00,37.58,0.012046726,162.53,0,0,0
2004-07-12 00:00:00,37.73,0.00398354,168.23,0,0,0
2004-07-13 00:00:00,36.68,-0.028223887,121.15,0,0,0
2004-07-14 00:00:00,37.51,0.022375917,133.55,0,0,0
2004-07-15 00:00:00,38.41,0.023710278,169.73,0,0,0
2004-07-16 00:00:00,38.49,0.002080625,134.66,0,0,0
2004-07-19 00:00:00,39.07,0.014956442,135.92,0,0,0
2004-07-20 00:00:00,38.96,-0.00281943,134.52,0,0,0
2004-07-21 00:00:00,38.48,-0.012396853,149.3,0,0,0
2004-07-22 00:00:00,39.16,0.017517192,150.18,0,0,0
2004-07-23 00:00:00,39.59,0.010920743,281.2,0,0,0
2004-07-26 00:00:00,39.75,0.00403328,162.31,0,0,0
2004-07-27 00:00:00,40.09,0.008517086,163.03,0,0,0
2004-07-28 00:00:00,41.08,0.024394458,110.73,0,0,0
2004-07-29 00:00:00,40.93,-0.003658095,133.07,0,0,0
2004-07-30 00:00:00,41.47,0.013106984,162.11,0,0,0
2004-08-02 00:00:00,41.35,-0.002897853,197.46,0,0,0
2004-08-03 00:00:00,41.82,0.011302273,344.62,0,0,0
2004-08-04 00:00:00,41.75,-0.001675243,225.56,0,0,0
2004-08-05 00:00:00,42.49,0.017569303,180.85,0,0,0
2004-08-06 00:00:00,42.63,0.003289477,210.99,0,0,0
2004-08-09 00:00:00,43.21,0.013513719,158.85,0,0,0
2004-08-10 00:00:00,42.5,-0.016567874,167.72,0,0,0
2004-08-11 00:00:00,42.45,-0.001177163,130.34,0,0,0
2004-08-12 00:00:00,43.5,0.024434025,125.79,0,0,0
2004-08-13 00:00:00,44.13,0.014378885,136.47,0,0,0
2004-08-16 00:00:00,44.35,0.004972885,130.27,0,0,0
2004-08-17 00:00:00,44.05,-0.006787356,115.75,0,0,0
2004-08-18 00:00:00,44.12,0.001587842,133.39,0,0,0
2004-08-19 00:00:00,44.84,0.016187404,119.67,0,0,0
2004-08-20 00:00:00,45.46,0.01373222,105.12,0,0,0
2004-08-23 00:00:00,44.39,-0.0238186,101.87,0,0,0
2004-08-24 00:00:00,42.99,-0.032046688,110.54,0,0,0
2004-08-25 00:00:00,42.39,-0.014055045,171.29,0,0,0
2004-08-26 00:00:00,40.65,-0.041913649,114.23,0,0,0
2004-08-27 00:00:00,40.72,0.001720536,143.5,0,0,0
2004-08-30 00:00:00,40.78,0.001472393,166.18,0,0,0
2004-08-31 00:00:00,39.8,-0.024324853,158.43,0,0,0
2004-09-01 00:00:00,40.96,0.028729068,142.14,0,0,0
2004-09-02 00:00:00,42.39,0.034316505,184.48,0,0,0
2004-09-03 00:00:00,41.07,-0.031634557,192.66,0,0,0
2004-09-06 00:00:00,40.4,-0.016448143,130.07,0,0,0
2004-09-07 00:00:00,40.19,-0.005211577,183.45,0,0,0
2004-09-08 00:00:00,39.91,-0.006991289,163.58,0,0,0
2004-09-09 00:00:00,41.45,0.037860963,191.81,0,0,0
2004-09-10 00:00:00,41.03,-0.010184375,187.84,0,0,0
2004-09-13 00:00:00,40.63,-0.009796796,118.67,0,0,0
2004-09-14 00:00:00,41.34,0.017323844,163.55,0,0,0
2004-09-15 00:00:00,42.03,0.016553095,152.41,0,0,0
2004-09-16 00:00:00,40.68,-0.032647078,140.68,0,0,0
2004-09-17 00:00:00,43.08,0.057322281,144.28,0,0,0
2004-09-20 00:00:00,43.6,0.011998298,168.68,0,0,0
2004-09-21 00:00:00,44.56,0.021779445,175.94,0,0,0
2004-09-22 00:00:00,45.66,0.024386045,165.49,0,0,0
2004-09-23 00:00:00,46.53,0.018874625,170.14,0,0,0
2004-09-24 00:00:00,46.13,-0.008633768,161.94,0,0,0
2004-09-27 00:00:00,46.87,0.015914314,184.23,0,0,0
2004-09-28 00:00:00,47.52,0.013772863,187.38,0,0,0
2004-09-29 00:00:00,46.54,-0.020838517,142.18,0,0,0
2004-09-30 00:00:00,47.76,0.025876311,174.51,0,0,0
2004-10-01 00:00:00,46.86,-0.019024036,165.22,0,0,0
2004-10-04 00:00:00,46.99,0.00277038,164.2,0,0,0
2004-10-05 00:00:00,47.1,0.002338188,105.87,0,0,0
2004-10-06 00:00:00,47.95,0.0178858,156.64,0,0,0
2004-10-07 00:00:00,48.98,0.02125325,135.6,0,0,0
2004-10-08 00:00:00,49.41,0.008740781,166.02,0,0,0
2004-10-11 00:00:00,50.75,0.026758785,140.51,0,0,0
2004-10-12 00:00:00,51.28,0.010389195,127.9,0,0,0
2004-10-13 00:00:00,50.42,-0.016912891,95.64,0,0,0
2004-10-14 00:00:00,51.31,0.017497743,101.01,0,0,0
2004-10-15 00:00:00,51.02,-0.005667952,122.69,0,0,0
2004-10-18 00:00:00,49.16,-0.037137428,102.45,0,0,0
2004-10-19 00:00:00,49.21,0.00101657,116.99,0,0,0
2004-10-20 00:00:00,50.78,0.031405721,104.85,0,0,0
2004-10-21 00:00:00,51.06,0.005498836,130.05,0,0,0
2004-10-22 00:00:00,52.28,0.023612477,97.34,0,0,0
2004-10-25 00:00:00,51.68,-0.011543029,121.33,0,0,0
2004-10-26 00:00:00,52.04,0.006941794,124.78,0,0,0
2004-10-27 00:00:00,49.99,-0.040189668,121.94,0,0,0
2004-10-28 00:00:00,48.88,-0.022454671,122.4,0,0,0
2004-10-29 00:00:00,48.16,-0.014839514,113.72,0,0,0
2004-11-01 00:00:00,46.84,-0.027791262,124.04,0,0,0
2004-11-02 00:00:00,46.25,-0.012676075,104.91,0,0,0
2004-11-03 00:00:00,46.14,-0.002381211,87.99,0,0,0
2004-11-04 00:00:00,45.32,-0.017931817,87.24,0,0,0
2004-11-05 00:00:00,44.37,-0.021184871,137.9,0,0,0
2004-11-08 00:00:00,44.78,0.009198046,176.36,0,0,0
2004-11-09 00:00:00,43.27,-0.034302057,201.72,0,0,0
2004-11-10 00:00:00,42.57,-0.016309774,166.5,0,0,0
2004-11-11 00:00:00,42.22,-0.008255737,115.59,0,0,0
2004-11-12 00:00:00,41.33,-0.021305414,123.01,0,0,0
2004-11-15 00:00:00,39.32,-0.049855333,181.66,0,0,0
2004-11-16 00:00:00,40.48,0.02907473,167.92,0,0,0
2004-11-17 00:00:00,40.27,-0.00520125,157.07,0,0,0
2004-11-18 00:00:00,40.8,0.013075307,114.32,0,0,0
2004-11-19 00:00:00,42.29,0.03586857,82.81,0,0,0
2004-11-22 00:00:00,42.26,-0.000709639,131.05,0,0,0
2004-11-23 00:00:00,43.03,0.018056535,182.61,0,0,0
2004-11-24 00:00:00,42.62,-0.00957392,176,0,0,0
2004-11-25 00:00:00,43.12,0.0116633,140.57,0,0,0
2004-11-26 00:00:00,42.87,-0.005814646,86.25,0,0,0
2004-11-29 00:00:00,44.05,0.027153072,117.65,0,0,0
2004-11-30 00:00:00,44.23,0.004077939,114.01,0,0,0
2004-12-01 00:00:00,41.19,-0.071207783,146.83,0,0,0
2004-12-02 00:00:00,38.49,-0.067797041,137.91,0,0,0
2004-12-03 00:00:00,38.57,0.002076305,89.97,0,0,0
2004-12-06 00:00:00,38.43,-0.003636368,137.55,0,0,0
2004-12-07 00:00:00,37.11,-0.03495193,126.59,0,0,0
2004-12-08 00:00:00,36.9,-0.005674924,125.06,0,0,0
2004-12-09 00:00:00,38.33,0.038021328,113.25,0,0,0
2004-12-10 00:00:00,37.24,-0.028849427,100.29,0,0,0
2004-12-13 00:00:00,36.77,-0.012701157,122.14,0,0,0
2004-12-14 00:00:00,37.03,0.0070461,89.36,0,0,0
2004-12-15 00:00:00,41.53,0.114687663,114.85,0,0,0
2004-12-16 00:00:00,41.49,-0.000963623,72.19,0,0,0
2004-12-17 00:00:00,43.06,0.037142058,96.98,0,0,0
2004-12-20 00:00:00,42.67,-0.009098395,128.91,0,0,0
2004-12-21 00:00:00,42.76,0.002106989,117.54,0,0,0
2004-12-22 00:00:00,40.44,-0.055783692,122.3,0,0,0
2004-12-23 00:00:00,40.29,-0.003716095,112.02,0,0,0
2004-12-24 00:00:00,39.6,-0.017274181,112.93,0,0,0
2004-12-27 00:00:00,39.6,0,110.42,0,0,0
2004-12-28 00:00:00,40.24,0.016032408,89.05,0,0,0
2004-12-29 00:00:00,38.93,-0.033096364,110.01,0,0,0
2004-12-30 00:00:00,39.8,0.022101751,132.65,0,0,0
2004-12-31 00:00:00,40.38,0.014467701,121.06,0,0,0
2005-01-04 00:00:00,40.75,0.009121227,145.57,0,0,0
2005-01-05 00:00:00,41,0.006116227,109.9,0,0,0
2005-01-06 00:00:00,43.25,0.053425167,89.06,0,0,0
2005-01-07 00:00:00,43.28,0.000693401,108.05,0,0,0
2005-01-10 00:00:00,44.71,0.032506556,112.8,0,0,0
2005-01-11 00:00:00,43.45,-0.028586339,79.02,0,0,0
2005-01-12 00:00:00,43.75,0.006880761,107.35,0,0,0
2005-01-13 00:00:00,45.76,0.044918734,94.35,0,0,0
2005-01-14 00:00:00,45.26,-0.010986707,89.14,0,0,0
2005-01-17 00:00:00,45.1,-0.003541394,88.14,0,0,0
2005-01-18 00:00:00,45.18,0.001772265,112.46,0,0,0
2005-01-19 00:00:00,45.16,-0.000442772,108.37,0,0,0
2005-01-20 00:00:00,44.06,-0.024659398,88.77,0,0,0
2005-01-21 00:00:00,45.88,0.040476951,115.35,0,0,0
2005-01-24 00:00:00,45.74,-0.003056104,159.03,0,0,0
2005-01-25 00:00:00,46.14,0.008707064,100.28,0,0,0
2005-01-26 00:00:00,45.94,-0.004344055,128.87,0,0,0
2005-01-27 00:00:00,46.51,0.012331146,116.51,0,0,0
2005-01-28 00:00:00,44.75,-0.038575899,103.7,0,0,0
2005-01-31 00:00:00,44.51,-0.005377562,155.16,0,0,0
2005-02-01 00:00:00,45.12,0.013611724,142.2,0,0,0
2005-02-02 00:00:00,44.17,-0.021279782,145.08,0,0,0
2005-02-03 00:00:00,43.13,-0.023827015,113.01,0,0,0
2005-02-04 00:00:00,43.26,0.00300961,106.86,0,0,0
2005-02-07 00:00:00,42.7,-0.0130295,140.13,0,0,0
2005-02-08 00:00:00,42.79,0.00210551,86.85,0,0,0
2005-02-09 00:00:00,42.49,-0.007035676,138.54,0,0,0
2005-02-10 00:00:00,44.04,0.035829558,119.67,0,0,0
2005-02-11 00:00:00,44.41,0.008366357,124.79,0,0,0
2005-02-14 00:00:00,44.51,0.002249214,128.28,0,0,0
2005-02-15 00:00:00,44.91,0.008946604,150.57,0,0,0
2005-02-16 00:00:00,45.42,0.01129205,129.59,0,0,0
2005-02-17 00:00:00,45.42,0,135.85,0,0,0
2005-02-18 00:00:00,45.86,0.009640741,107.51,0,0,0
2005-02-21 00:00:00,46.09,0.005002729,106.33,0,0,0
2005-02-22 00:00:00,47.6,0.032236755,123.3,0,0,0
2005-02-23 00:00:00,48.16,0.01169604,85.23,0,0,0
2005-02-24 00:00:00,49.24,0.0221775,104.25,0,0,0
2005-02-25 00:00:00,50.05,0.016316204,113.62,0,0,0
2005-02-28 00:00:00,50.13,0.001597126,118.31,0,0,0
2005-03-01 00:00:00,50.47,0.006759469,146.94,0,0,0
2005-03-02 00:00:00,51.05,0.011426444,109.88,0,0,0
2005-03-03 00:00:00,52.89,0.03540874,88.82,0,0,0
2005-03-04 00:00:00,52.1,-0.015049336,74.18,0,0,0
2005-03-07 00:00:00,51.87,-0.00442436,107.57,0,0,0
2005-03-08 00:00:00,53.29,0.027008108,124.82,0,0,0
2005-03-09 00:00:00,54.11,0.015270315,95.81,0,0,0
2005-03-10 00:00:00,53.04,-0.019972666,82.25,0,0,0
2005-03-11 00:00:00,53.15,0.002071759,98.31,0,0,0
2005-03-14 00:00:00,53.68,0.009922388,80.2,0,0,0
2005-03-15 00:00:00,53.97,0.005387844,101.69,0,0,0
2005-03-16 00:00:00,54.61,0.01178868,110.61,0,0,0
2005-03-17 00:00:00,56.03,0.025670245,83.65,0,0,0
2005-03-18 00:00:00,55.97,-0.001071429,75.22,0,0,0
2005-03-21 00:00:00,55.79,-0.003221191,138.65,0,0,0
2005-03-22 00:00:00,55.39,-0.00719557,78.42,0,0,0
2005-03-23 00:00:00,51.52,-0.07242899,97,0,0,0
2005-03-24 00:00:00,52.35,0.015981856,124.65,0,0,0
2005-03-28 00:00:00,51.75,-0.011527505,88.23,0,0,0
2005-03-29 00:00:00,51.42,-0.00639723,86,0,0,0
2005-03-30 00:00:00,50.63,-0.015482916,88.41,0,0,0
2005-03-31 00:00:00,53.22,0.04988998,82.88,0,0,0
2005-04-01 00:00:00,54.14,0.017139019,115.72,0,0,0
2005-04-04 00:00:00,55.92,0.032348814,99.52,0,0,0
2005-04-05 00:00:00,54.53,-0.025171089,109.9,0,0,0
2005-04-06 00:00:00,54.08,-0.008286577,121.23,0,0,0
2005-04-07 00:00:00,52.57,-0.028318817,114.95,0,0,0
2005-04-08 00:00:00,51.83,-0.014176483,67.43,0,0,0
2005-04-11 00:00:00,51.21,-0.012034307,84.25,0,0,0
2005-04-12 00:00:00,51.53,0.006229337,78.35,0,0,0
2005-04-13 00:00:00,49.67,-0.036763033,75.72,0,0,0
2005-04-14 00:00:00,50.21,0.010813081,70.7,0,0,0
2005-04-15 00:00:00,49.52,-0.013837582,100.55,0,0,0
2005-04-18 00:00:00,48.58,-0.019164705,129.31,0,0,0
2005-04-19 00:00:00,50.79,0.044487561,112.51,0,0,0
2005-04-20 00:00:00,51.53,0.014464678,80.17,0,0,0
2005-04-21 00:00:00,51.73,0.003873722,62.23,0,0,0
2005-04-22 00:00:00,53.51,0.033830668,89.53,0,0,0
2005-04-25 00:00:00,53.1,-0.007691624,75.2,0,0,0
2005-04-26 00:00:00,52.47,-0.011935351,100.77,0,0,0
2005-04-27 00:00:00,51.29,-0.022745776,92.93,0,0,0
2005-04-28 00:00:00,50.74,-0.010781247,106.53,0,0,0
2005-04-29 00:00:00,50.61,-0.002565369,82.67,0,0,0
2005-05-02 00:00:00,50.89,0.005517255,150.57,0,0,0
2005-05-03 00:00:00,49.48,-0.028097893,122.08,0,0,0
2005-05-04 00:00:00,50.36,0.017628662,128.56,0,0,0
2005-05-05 00:00:00,49.81,-0.010981442,76.85,0,0,0
2005-05-06 00:00:00,49.7,-0.002210834,99.69,0,0,0
2005-05-09 00:00:00,49.71,0.000201187,134.97,0,0,0
2005-05-10 00:00:00,50.61,0.017943065,98.49,0,0,0
2005-05-11 00:00:00,48.91,-0.034167311,92.79,0,0,0
2005-05-12 00:00:00,47.4,-0.031359646,139.61,0,0,0
2005-05-13 00:00:00,46.85,-0.01167122,97.43,0,0,0
2005-05-16 00:00:00,46.42,-0.009220608,103.4,0,0,0
2005-05-17 00:00:00,47.31,0.018991289,70.74,0,0,0
2005-05-18 00:00:00,47.35,0.00084513,99.69,0,0,0
2005-05-19 00:00:00,46.92,-0.009122796,88.96,0,0,0
2005-05-20 00:00:00,46.91,-0.000213151,115.29,0,0,0
2005-05-23 00:00:00,47.28,0.007856501,61.63,0,0,0
2005-05-24 00:00:00,47.29,0.000211484,74.26,0,0,0
2005-05-25 00:00:00,49.24,0.040407445,97.17,0,0,0
2005-05-26 00:00:00,49.71,0.009499819,133.25,0,0,0
2005-05-27 00:00:00,49.42,-0.00585092,146.49,0,0,0
2005-05-30 00:00:00,49.33,-0.001822785,125.57,0,0,0
2005-05-31 00:00:00,49.3,-0.000608334,137.53,0,0,0
2005-06-01 00:00:00,50.46,0.023256862,81.01,0,0,0
2005-06-02 00:00:00,51.3,0.016509809,82.88,0,0,0
2005-06-03 00:00:00,51.9,0.011628038,46.53,0,0,0
2005-06-06 00:00:00,52.61,0.013587426,121.01,0,0,0
2005-06-07 00:00:00,51.62,-0.018997021,91.2,0,0,0
2005-06-08 00:00:00,51.92,0.005794878,90.16,0,0,0
2005-06-09 00:00:00,51.36,-0.010844413,111.63,0,0,0
2005-06-10 00:00:00,51.98,0.01199937,78.94,0,0,0
2005-06-13 00:00:00,52,0.000384689,113.59,0,0,0
2005-06-14 00:00:00,53.52,0.028811697,64.51,0,0,0
2005-06-15 00:00:00,54.12,0.011148387,64.35,0,0,0
2005-06-16 00:00:00,54.3,0.003320424,65.01,0,0,0
2005-06-17 00:00:00,56.92,0.047122546,101.17,0,0,0
2005-06-20 00:00:00,57.1,0.003157343,59.35,0,0,0
2005-06-21 00:00:00,57.36,0.00454308,81.06,0,0,0
2005-06-22 00:00:00,56.06,-0.022924651,106.27,0,0,0
2005-06-23 00:00:00,57.03,0.017154899,91.94,0,0,0
2005-06-24 00:00:00,57.21,0.003151263,71.3,0,0,0
2005-06-27 00:00:00,58.5,0.022298046,156.5,0,0,0
2005-06-28 00:00:00,57.75,-0.012903405,99.28,0,0,0
2005-06-29 00:00:00,55.42,-0.04118281,77.94,0,0,0
2005-06-30 00:00:00,55.36,-0.001083228,110.42,0,0,0
2005-07-01 00:00:00,56.41,0.018789136,128.17,0,0,0
2005-07-04 00:00:00,57.13,0.012682925,124.92,0,0,0
2005-07-05 00:00:00,57.86,0.012696927,126.38,0,0,0
2005-07-06 00:00:00,58.38,0.008947066,83.54,0,0,0
2005-07-07 00:00:00,57.55,-0.01431923,46.66,0,0,0
2005-07-08 00:00:00,59,0.024883309,469.2,0,0,0
2005-07-11 00:00:00,56.1,-0.050401631,223.27,0,0,0
2005-07-12 00:00:00,58.95,0.049553814,201.46,0,0,0
2005-07-13 00:00:00,58.33,-0.010573086,224.74,0,0,0
2005-07-14 00:00:00,56.79,-0.026756287,171.48,0,0,0
2005-07-15 00:00:00,56.98,0.003340075,154.66,0,0,0
2005-07-18 00:00:00,56.25,-0.012894288,167.34,0,0,0
2005-07-19 00:00:00,56.75,0.008849615,175.07,0,0,0
2005-07-20 00:00:00,56.39,-0.006363819,190.3,0,0,0
2005-07-21 00:00:00,55.59,-0.014288509,134.26,0,0,0
2005-07-22 00:00:00,56.98,0.024697,190.59,0,0,0
2005-07-25 00:00:00,57.51,0.009258517,214.23,0,0,0
2005-07-26 00:00:00,58.58,0.018434496,211.98,0,0,0
2005-07-27 00:00:00,58.34,-0.004105377,188.04,0,0,0
2005-07-28 00:00:00,58.28,-0.001028983,171.76,0,0,0
2005-07-29 00:00:00,59.77,0.025244882,169.95,0,0,0
2005-08-01 00:00:00,60.56,0.013130746,184.26,0,0,0
2005-08-02 00:00:00,60.13,-0.007125724,160.59,0,0,0
2005-08-03 00:00:00,60.04,-0.001497878,164.02,0,0,0
2005-08-04 00:00:00,60.62,0.009613865,170.34,0,0,0
2005-08-05 00:00:00,60.73,0.001812938,122.57,0,0,0
2005-08-08 00:00:00,62.56,0.029688286,173.5,0,0,0
2005-08-09 00:00:00,62.79,0.003669729,143.53,0,0,0
2005-08-10 00:00:00,63.77,0.015487035,136.88,0,0,0
2005-08-11 00:00:00,65.9,0.032855581,113.52,0,0,0
2005-08-12 00:00:00,67.26,0.020427265,149.44,0,0,0
2005-08-15 00:00:00,66.68,-0.008660648,120.23,0,0,0
2005-08-16 00:00:00,65.1,-0.023980509,90.11,0,0,0
2005-08-17 00:00:00,63.41,-0.026302972,94.32,0,0,0
2005-08-18 00:00:00,61.75,-0.026527602,80.37,0,0,0
2005-08-19 00:00:00,64.21,0.039064986,130.34,0,0,0
2005-08-22 00:00:00,65.87,0.025524141,94.4,0,0,0
2005-08-23 00:00:00,65.16,-0.010837319,109.91,0,0,0
2005-08-24 00:00:00,65.25,0.001380262,98.83,0,0,0
2005-08-25 00:00:00,65.88,0.009608859,114.23,0,0,0
2005-08-26 00:00:00,66.23,0.005298627,109.43,0,0,0
2005-08-29 00:00:00,64.77,-0.022290999,113.67,0,0,0
2005-08-30 00:00:00,66.15,0.021082357,97.89,0,0,0
2005-08-31 00:00:00,66.8,0.00977819,91.29,0,0,0
2005-09-01 00:00:00,66.79,-0.000149712,86.96,0,0,0
2005-09-02 00:00:00,65.95,-0.01265649,139.81,0,0,0
2005-09-05 00:00:00,64.16,-0.027516916,60.46,0,0,0
2005-09-06 00:00:00,64.16,0,108.97,0,0,0
2005-09-07 00:00:00,63.6,-0.008766493,123,0,0,0
2005-09-08 00:00:00,61.66,-0.030978048,75.34,0,0,0
2005-09-09 00:00:00,62.62,0.015449293,101.75,0,0,0
2005-09-12 00:00:00,60.69,-0.031305776,113.72,0,0,0
2005-09-13 00:00:00,61.31,0.010164022,100.84,0,0,0
2005-09-14 00:00:00,61.7,0.006340969,130.53,0,0,0
2005-09-15 00:00:00,61.9,0.003236249,109.03,0,0,0
2005-09-16 00:00:00,60.48,-0.023207448,93.93,0,0,0
2005-09-19 00:00:00,64.04,0.057195156,161.86,0,0,0
2005-09-20 00:00:00,62.98,-0.016690672,148.46,0,0,0
2005-09-21 00:00:00,64.31,0.020897924,142.57,0,0,0
2005-09-22 00:00:00,64.64,0.005118274,105.24,0,0,0
2005-09-23 00:00:00,62.17,-0.038960846,117.31,0,0,0
2005-09-26 00:00:00,61.73,-0.007102532,115.09,0,0,0
2005-09-27 00:00:00,62.56,0.01335606,109.07,0,0,0
2005-09-28 00:00:00,62.81,0.0039882,101.79,0,0,0
2005-09-29 00:00:00,62.02,-0.012657383,83.77,0,0,0
2005-09-30 00:00:00,61.7,-0.005172983,100.21,0,0,0
2005-10-03 00:00:00,61.64,-0.00097292,123.83,0,0,0
2005-10-04 00:00:00,59.17,-0.040896354,103.71,0,0,0
2005-10-05 00:00:00,59.33,0.002700424,125.68,0,0,0
2005-10-06 00:00:00,57.2,-0.036561182,78.23,0,0,0
2005-10-07 00:00:00,57.29,0.00157219,140.39,0,0,0
2005-10-10 00:00:00,57.01,-0.004899397,92.55,0,0,0
2005-10-11 00:00:00,58.1,0.018938973,86.91,0,0,0
2005-10-12 00:00:00,59.91,0.030677772,63.48,0,0,0
2005-10-13 00:00:00,59.48,-0.007203315,99.43,0,0,0
2005-10-14 00:00:00,58.45,-0.017468434,61.07,0,0,0
2005-10-17 00:00:00,59.81,0.023001183,107.21,0,0,0
2005-10-18 00:00:00,58.85,-0.016181037,122.11,0,0,0
2005-10-19 00:00:00,58.13,-0.012309952,62.61,0,0,0
2005-10-20 00:00:00,57.04,-0.018929106,75.11,0,0,0
2005-10-21 00:00:00,56.94,-0.001754694,91.94,0,0,0
2005-10-24 00:00:00,57.64,0.012218689,80.53,0,0,0
2005-10-25 00:00:00,58.72,0.018563613,72.3,0,0,0
2005-10-26 00:00:00,58.56,-0.002728515,92.25,0,0,0
2005-10-27 00:00:00,58.1,-0.007886206,86.83,0,0,0
2005-10-28 00:00:00,59.47,0.02330632,78.54,0,0,0
2005-10-31 00:00:00,58.47,-0.016958182,177.8,0,0,0
2005-11-01 00:00:00,56.69,-0.030915974,112.35,0,0,0
2005-11-02 00:00:00,58.53,0.031941615,76.12,0,0,0
2005-11-03 00:00:00,59.55,0.017276852,79.82,0,0,0
2005-11-04 00:00:00,60.48,0.015496436,99.14,0,0,0
2005-11-07 00:00:00,58.19,-0.038599213,101.29,0,0,0
2005-11-08 00:00:00,57.89,-0.005168861,97.8,0,0,0
2005-11-09 00:00:00,57.71,-0.003114189,80.14,0,0,0
2005-11-10 00:00:00,55.85,-0.032760943,118.9,0,0,0
2005-11-11 00:00:00,54.3,-0.028145299,146.63,0,0,0
2005-11-14 00:00:00,54.1,-0.003690041,91.46,0,0,0
2005-11-15 00:00:00,54.45,0.006448664,121.74,0,0,0
2005-11-16 00:00:00,53.68,-0.014242357,77.52,0,0,0
2005-11-17 00:00:00,53.8,0.002232975,83.27,0,0,0
2005-11-18 00:00:00,52.84,-0.018004988,74.44,0,0,0
2005-11-21 00:00:00,53.36,0.009792922,86.68,0,0,0
2005-11-22 00:00:00,54.21,0.015803992,84.27,0,0,0
2005-11-23 00:00:00,53.73,-0.008893889,84.62,0,0,0
2005-11-24 00:00:00,53.41,-0.00597351,70.55,0,0,0
2005-11-25 00:00:00,53.15,-0.00487989,86.17,0,0,0
2005-11-28 00:00:00,52.91,-0.004525748,54.18,0,0,0
2005-11-29 00:00:00,53.24,0.006217637,60.58,0,0,0
2005-11-30 00:00:00,53.25,0.000187811,76.75,0,0,0
2005-12-01 00:00:00,53.65,0.007483664,115.46,0,0,0
2005-12-02 00:00:00,54.91,0.023214012,67.13,0,0,0
2005-12-05 00:00:00,56.05,0.020548668,91.51,0,0,0
2005-12-06 00:00:00,55.68,-0.006623133,135.58,0,0,0
2005-12-07 00:00:00,55.17,-0.009201689,79.22,0,0,0
2005-12-08 00:00:00,56.26,0.019564476,94.03,0,0,0
2005-12-09 00:00:00,57.18,0.016220384,110.24,0,0,0
2005-12-12 00:00:00,57.23,0.00087405,86.78,0,0,0
2005-12-13 00:00:00,59.16,0.033167401,144.88,0,0,0
2005-12-14 00:00:00,59.59,0.007242137,126.94,0,0,0
2005-12-15 00:00:00,59.67,0.001341607,119.57,0,0,0
2005-12-16 00:00:00,58.11,-0.026491615,81.59,0,0,0
2005-12-19 00:00:00,56.09,-0.035380223,140.79,0,0,0
2005-12-20 00:00:00,56.08,-0.000178301,101.2,0,0,0
2005-12-21 00:00:00,56.05,-0.000535093,105.32,0,0,0
2005-12-22 00:00:00,57.3,0.022056474,102.74,0,0,0
2005-12-23 00:00:00,56.28,-0.017961391,84.36,0,0,0
2005-12-26 00:00:00,56.54,0.00460912,130.76,0,0,0
2005-12-28 00:00:00,56.91,0.00652272,103.91,0,0,0
2005-12-29 00:00:00,57.72,0.014132661,116.05,0,0,0
2005-12-30 00:00:00,58.34,0.010684231,80.44,0,0,0
2006-01-03 00:00:00,61.51,0.052911799,64.71,0,0,0
2006-01-04 00:00:00,61.25,-0.004235914,107.42,0,0,0
2006-01-05 00:00:00,61.68,0.00699588,58.21,0,0,0
2006-01-06 00:00:00,62.43,0.0120862,91.84,0,0,0
2006-01-09 00:00:00,62.51,0.001280615,85.78,0,0,0
2006-01-10 00:00:00,62.32,-0.003044142,96.76,0,0,0
2006-01-11 00:00:00,61.54,-0.012595032,117.62,0,0,0
2006-01-12 00:00:00,62.95,0.022653391,91.49,0,0,0
2006-01-13 00:00:00,61.58,-0.022003618,121.59,0,0,0
2006-01-16 00:00:00,62.34,0.012266132,93.36,0,0,0
2006-01-17 00:00:00,63.22,0.014017432,106.5,0,0,0
2006-01-18 00:00:00,63.6,0.005992764,147.08,0,0,0
2006-01-19 00:00:00,63.64,0.000628733,94.49,0,0,0
2006-01-20 00:00:00,64.92,0.019913539,153.49,0,0,0
2006-01-23 00:00:00,64.56,-0.005560719,111.7,0,0,0
2006-01-24 00:00:00,63.82,-0.011528403,70.62,0,0,0
2006-01-25 00:00:00,62.61,-0.019141611,105.57,0,0,0
2006-01-26 00:00:00,62.93,0.005097988,115.13,0,0,0
2006-01-27 00:00:00,64.95,0.031594746,127.52,0,0,0
2006-01-30 00:00:00,65.14,0.002921057,111.96,0,0,0
2006-01-31 00:00:00,63.19,-0.030392739,106.64,0,0,0
2006-02-01 00:00:00,65.64,0.038039205,167.52,0,0,0
2006-02-02 00:00:00,63.49,-0.033302853,89.6,0,0,0
2006-02-03 00:00:00,62.54,-0.015076061,131.32,0,0,0
2006-02-06 00:00:00,63.32,0.012394883,140.07,0,0,0
2006-02-07 00:00:00,61.64,-0.026890225,144.17,0,0,0
2006-02-08 00:00:00,60.82,-0.013392328,85.92,0,0,0
2006-02-09 00:00:00,60.7,-0.001974984,67.94,0,0,0
2006-02-10 00:00:00,59.66,-0.017281919,88.15,0,0,0
2006-02-13 00:00:00,59.16,-0.008416141,89.34,0,0,0
2006-02-14 00:00:00,58.27,-0.015158257,89.01,0,0,0
2006-02-15 00:00:00,57.67,-0.010350274,64.59,0,0,0
2006-02-16 00:00:00,56.78,-0.015552957,112.87,0,0,0
2006-02-17 00:00:00,58.34,0.027103813,106.58,0,0,0
2006-02-20 00:00:00,60.05,0.028889584,69.17,0,0,0
2006-02-21 00:00:00,59.35,-0.011725427,113.87,0,0,0
2006-02-22 00:00:00,58.71,-0.010842051,88.15,0,0,0
2006-02-23 00:00:00,58.71,0,136.38,0,0,0
2006-02-24 00:00:00,60.13,0.023898815,102.42,0,0,0
2006-02-27 00:00:00,59.44,-0.011541485,106.4,0,0,0
2006-02-28 00:00:00,59.78,0.005703756,128.42,0,0,0
2006-03-01 00:00:00,61.12,0.022167988,120.51,0,0,0
2006-03-02 00:00:00,62.27,0.018640624,71.77,0,0,0
2006-03-03 00:00:00,62.69,0.006722176,126.45,0,0,0
2006-03-06 00:00:00,61.41,-0.020629257,119.78,0,0,0
2006-03-07 00:00:00,59.79,-0.026734265,132.38,0,0,0
2006-03-08 00:00:00,58.42,-0.023180126,137.76,0,0,0
2006-03-09 00:00:00,58.82,0.006823636,126.25,0,0,0
2006-03-10 00:00:00,59.04,0.003733247,130.72,0,0,0
2006-03-13 00:00:00,60.99,0.032494736,95.05,0,0,0
2006-03-14 00:00:00,62.39,0.02269509,143.75,0,0,0
2006-03-15 00:00:00,63.12,0.01163267,81.18,0,0,0
2006-03-16 00:00:00,62.07,-0.016774896,105.03,0,0,0
2006-03-17 00:00:00,63.54,0.023406848,125.48,0,0,0
2006-03-20 00:00:00,62.3,-0.019708203,94.13,0,0,0
2006-03-21 00:00:00,59.96,-0.038283753,112.02,0,0,0
2006-03-22 00:00:00,61.23,0.020959592,108.81,0,0,0
2006-03-23 00:00:00,61.76,0.00861864,74.7,0,0,0
2006-03-24 00:00:00,62.78,0.016380646,92.18,0,0,0
2006-03-27 00:00:00,62.59,-0.00303103,81.88,0,0,0
2006-03-28 00:00:00,64.31,0.027109619,75.89,0,0,0
2006-03-29 00:00:00,64.88,0.00882427,68.18,0,0,0
2006-03-30 00:00:00,65.95,0.016357469,76.18,0,0,0
2006-03-31 00:00:00,66.06,0.001666541,84,0,0,0
2006-04-03 00:00:00,67.28,0.018299596,121.23,0,0,0
2006-04-04 00:00:00,65.93,-0.020269443,82.26,0,0,0
2006-04-05 00:00:00,66.74,0.0122109,62.57,0,0,0
2006-04-06 00:00:00,67.58,0.012507608,62.45,0,0,0
2006-04-07 00:00:00,67.11,-0.006979017,96.72,0,0,0
2006-04-10 00:00:00,68.2,0.016111501,100.38,0,0,0
2006-04-11 00:00:00,68.52,0.004681109,115.31,0,0,0
2006-04-12 00:00:00,69.54,0.014776453,100.11,0,0,0
2006-04-13 00:00:00,69.39,-0.002159362,99.69,0,0,0
2006-04-18 00:00:00,70.97,0.022514488,132.8,0,0,0
2006-04-19 00:00:00,72.69,0.023946571,99.25,0,0,0
2006-04-20 00:00:00,72.57,-0.00165221,90.29,0,0,0
2006-04-21 00:00:00,73.94,0.01870234,71.95,0,0,0
2006-04-24 00:00:00,73.96,0.000270453,104.02,0,0,0
2006-04-25 00:00:00,72.86,-0.014984615,128.02,0,0,0
2006-04-26 00:00:00,73.46,0.008201249,129.79,0,0,0
2006-04-27 00:00:00,71.79,-0.02299585,129.06,0,0,0
2006-04-28 00:00:00,72.15,0.005002095,89.53,0,0,0
2006-05-01 00:00:00,73.37,0.016767848,99,0,0,0
2006-05-02 00:00:00,74.45,0.014612626,106.17,0,0,0
2006-05-03 00:00:00,73.73,-0.009717987,96.45,0,0,0
2006-05-04 00:00:00,71.84,-0.025968348,83.42,0,0,0
2006-05-05 00:00:00,71.22,-0.008667746,91.86,0,0,0
2006-05-08 00:00:00,68.26,-0.042449734,128.15,0,0,0
2006-05-09 00:00:00,70.6,0.033706201,105.06,0,0,0
2006-05-10 00:00:00,69.83,-0.010966428,118.42,0,0,0
2006-05-11 00:00:00,72.2,0.033376329,115.94,0,0,0
2006-05-12 00:00:00,71.3,-0.012543718,92.18,0,0,0
2006-05-15 00:00:00,68.69,-0.037292699,70.65,0,0,0
2006-05-16 00:00:00,68.66,-0.00043684,109.31,0,0,0
2006-05-17 00:00:00,67.52,-0.016742938,87.97,0,0,0
2006-05-18 00:00:00,67.39,-0.001927211,78.34,0,0,0
2006-05-19 00:00:00,66.93,-0.006849342,79.36,0,0,0
2006-05-22 00:00:00,66.52,-0.006144643,91.61,0,0,0
2006-05-23 00:00:00,68.97,0.036168973,86.56,0,0,0
2006-05-24 00:00:00,68.45,-0.007568076,91.52,0,0,0
2006-05-25 00:00:00,68.51,0.000876168,62.55,0,0,0
2006-05-26 00:00:00,69.88,0.019799765,95.89,0,0,0
2006-05-29 00:00:00,69.16,-0.010356824,86.57,0,0,0
2006-05-30 00:00:00,69.82,0.009497841,74.69,0,0,0
2006-05-31 00:00:00,67.57,-0.032756404,52.93,0,0,0
2006-06-01 00:00:00,68.77,0.017603506,118.31,0,0,0
2006-06-02 00:00:00,68.42,-0.005102424,98.02,0,0,0
2006-06-05 00:00:00,69.13,0.01032361,85.32,0,0,0
2006-06-06 00:00:00,68.25,-0.012811356,123.41,0,0,0
2006-06-07 00:00:00,67.17,-0.015950715,115.41,0,0,0
2006-06-08 00:00:00,65.76,-0.021214969,86.82,0,0,0
2006-06-09 00:00:00,69.13,0.049977039,113.72,0,0,0
2006-06-12 00:00:00,68.62,-0.007404753,84.54,0,0,0
2006-06-13 00:00:00,65.67,-0.043941837,90.46,0,0,0
2006-06-14 00:00:00,65.52,-0.002286761,125.99,0,0,0
2006-06-15 00:00:00,66.04,0.00790518,114.03,0,0,0
2006-06-16 00:00:00,65.01,-0.015719515,96.51,0,0,0
2006-06-19 00:00:00,66.4,0.021155952,114.1,0,0,0
2006-06-20 00:00:00,67.57,0.017467041,139.97,0,0,0
2006-06-21 00:00:00,68.17,0.008840488,107.32,0,0,0
2006-06-22 00:00:00,69.6,0.020759982,112.62,0,0,0
2006-06-23 00:00:00,69.91,0.004444133,131.73,0,0,0
2006-06-26 00:00:00,69.85,-0.000858615,108.67,0,0,0
2006-06-27 00:00:00,71.26,0.019985074,132.11,0,0,0
2006-06-28 00:00:00,71.76,0.006992058,94.64,0,0,0
2006-06-29 00:00:00,73.02,0.017406158,98.39,0,0,0
2006-06-30 00:00:00,73.2,0.002462045,133.72,0,0,0
2006-07-03 00:00:00,73.94,0.010058533,82.81,0,0,0
2006-07-04 00:00:00,73.17,-0.010468453,147.32,0,0,0
2006-07-05 00:00:00,72.88,-0.003971248,114.97,0,0,0
2006-07-06 00:00:00,73.12,0.003287674,172.96,0,0,0
2006-07-07 00:00:00,74.14,0.013853271,151.52,0,0,0
2006-07-10 00:00:00,72.39,-0.023887029,161.29,0,0,0
2006-07-11 00:00:00,73.14,0.010307244,149.44,0,0,0
2006-07-12 00:00:00,73.04,-0.001368176,154.59,0,0,0
2006-07-13 00:00:00,75.23,0.029542851,180.89,0,0,0
2006-07-14 00:00:00,76.13,0.011892318,171.88,0,0,0
2006-07-17 00:00:00,75.12,-0.01335557,224.1,0,0,0
2006-07-18 00:00:00,75.32,0.002658869,206.6,0,0,0
2006-07-19 00:00:00,71.62,-0.050371339,179.24,0,0,0
2006-07-20 00:00:00,72.56,0.013039441,130.3,0,0,0
2006-07-21 00:00:00,72.96,0.00549754,142.37,0,0,0
2006-07-24 00:00:00,72.09,-0.011996007,150.57,0,0,0
2006-07-25 00:00:00,72.49,0.005533283,141.11,0,0,0
2006-07-26 00:00:00,73.76,0.017367958,165.11,0,0,0
2006-07-27 00:00:00,75.36,0.021460051,115.32,0,0,0
2006-07-28 00:00:00,73.95,-0.018887441,180.03,0,0,0
2006-07-31 00:00:00,74.75,0.010760023,150.19,0,0,0
2006-08-01 00:00:00,76.39,0.021702585,151.56,0,0,0
2006-08-02 00:00:00,77.63,0.016102153,150.25,0,0,0
2006-08-03 00:00:00,76.28,-0.01754317,137.9,0,0,0
2006-08-04 00:00:00,76.53,0.00327204,132.37,0,0,0
2006-08-07 00:00:00,77.82,0.016715647,171.41,0,0,0
2006-08-08 00:00:00,77.93,0.00141252,150.05,0,0,0
2006-08-09 00:00:00,78.26,0.004225629,156.93,0,0,0
2006-08-10 00:00:00,75.69,-0.033390565,143.48,0,0,0
2006-08-11 00:00:00,75.19,-0.006627808,252.68,0,0,0
2006-08-14 00:00:00,73.78,-0.018930551,207.28,0,0,0
2006-08-15 00:00:00,73.57,-0.002850358,239.73,0,0,0
2006-08-16 00:00:00,72.67,-0.012308689,134.43,0,0,0
2006-08-17 00:00:00,70.42,-0.031451331,137.4,0,0,0
2006-08-18 00:00:00,71.3,0.012419014,154.88,0,0,0
2006-08-21 00:00:00,72.42,0.015586177,156.4,0,0,0
2006-08-22 00:00:00,72.06,-0.004983399,180.15,0,0,0
2006-08-23 00:00:00,71.12,-0.013130514,160.06,0,0,0
2006-08-24 00:00:00,71.4,0.003929278,120.57,0,0,0
2006-08-25 00:00:00,72.58,0.016391532,150.98,0,0,0
2006-08-28 00:00:00,69.44,-0.044226331,129.06,0,0,0
2006-08-29 00:00:00,67.01,-0.035621208,161.78,0,0,0
2006-08-30 00:00:00,67.15,0.002087061,110.31,0,0,0
2006-08-31 00:00:00,67.66,0.00756624,100.82,0,0,0
2006-09-01 00:00:00,70.49,0.040975692,159.05,0,0,0
2006-09-04 00:00:00,68.62,-0.026886818,155.35,0,0,0
2006-09-05 00:00:00,65.94,-0.0398388,173.75,0,0,0
2006-09-06 00:00:00,65.41,-0.008070086,134.21,0,0,0
2006-09-07 00:00:00,64.52,-0.013699899,81.12,0,0,0
2006-09-08 00:00:00,64.3,-0.003415622,149.08,0,0,0
2006-09-11 00:00:00,62.41,-0.029834112,140.72,0,0,0
2006-09-12 00:00:00,62.23,-0.00288832,120.99,0,0,0
2006-09-13 00:00:00,61.28,-0.015383673,108.21,0,0,0
2006-09-14 00:00:00,60.75,-0.008686443,119.7,0,0,0
2006-09-15 00:00:00,60.23,-0.008596515,97.17,0,0,0
2006-09-18 00:00:00,61.47,0.020378684,111.98,0,0,0
2006-09-19 00:00:00,62.52,0.016937255,155.81,0,0,0
2006-09-20 00:00:00,59.09,-0.0564248,124.62,0,0,0
2006-09-21 00:00:00,59.27,0.00304157,112.56,0,0,0
2006-09-22 00:00:00,58.81,-0.007791367,105.72,0,0,0
2006-09-25 00:00:00,57.89,-0.01576725,76.28,0,0,0
2006-09-26 00:00:00,58.53,0.010994785,115.89,0,0,0
2006-09-27 00:00:00,57.6,-0.016016876,81.9,0,0,0
2006-09-28 00:00:00,60.68,0.052091587,117.82,0,0,0
2006-09-29 00:00:00,59.09,-0.026552449,114.73,0,0,0
2006-10-02 00:00:00,58.8,-0.00491985,108.42,0,0,0
2006-10-03 00:00:00,56.28,-0.043802623,113,0,0,0
2006-10-04 00:00:00,55.82,-0.008207004,130.08,0,0,0
2006-10-05 00:00:00,57.93,0.037103157,122.69,0,0,0
2006-10-06 00:00:00,56.9,-0.017940044,110.72,0,0,0
2006-10-09 00:00:00,59.25,0.040470439,99.06,0,0,0
2006-10-10 00:00:00,57.8,-0.024777004,251.71,0,0,0
2006-10-11 00:00:00,57.75,-0.000865426,243.3,0,0,0
2006-10-12 00:00:00,57.87,0.002075766,109,0,0,0
2006-10-13 00:00:00,58.97,0.018829724,122.36,0,0,0
2006-10-16 00:00:00,58.22,-0.012799902,160.47,0,0,0
2006-10-17 00:00:00,60.13,0.032279947,151.89,0,0,0
2006-10-18 00:00:00,58.51,-0.027311205,109.31,0,0,0
2006-10-19 00:00:00,57.74,-0.013247506,118.4,0,0,0
2006-10-20 00:00:00,57.94,0.003457818,97.68,0,0,0
2006-10-23 00:00:00,56.56,-0.024105971,110.42,0,0,0
2006-10-24 00:00:00,56.56,0,125.92,0,0,0
2006-10-25 00:00:00,58.79,0.038669751,130.08,0,0,0
2006-10-26 00:00:00,58.76,-0.000510421,100.3,0,0,0
2006-10-27 00:00:00,57.99,-0.013190769,91.04,0,0,0
2006-10-30 00:00:00,57.08,-0.015816789,79.78,0,0,0
2006-10-31 00:00:00,56.13,-0.016783364,146.34,0,0,0
2006-11-01 00:00:00,56.37,0.004266673,143.61,0,0,0
2006-11-02 00:00:00,56.26,-0.001953299,113.77,0,0,0
2006-11-03 00:00:00,56.55,0.0051414,113.83,0,0,0
2006-11-06 00:00:00,57.02,0.008276881,47.64,0,0,0
2006-11-07 00:00:00,56.99,-0.00052627,52.32,0,0,0
2006-11-08 00:00:00,57.18,0.003328373,77.04,0,0,0
2006-11-09 00:00:00,59.72,0.043462786,89.81,0,0,0
2006-11-10 00:00:00,59.18,-0.009083326,114.9,0,0,0
2006-11-13 00:00:00,56.88,-0.039639861,122.42,0,0,0
2006-11-14 00:00:00,57.9,0.017773599,137.76,0,0,0
2006-11-15 00:00:00,57.97,0.001208251,107.25,0,0,0
2006-11-16 00:00:00,59.5,0.026050677,114.13,0,0,0
2006-11-17 00:00:00,57.01,-0.042749622,56.63,0,0,0
2006-11-20 00:00:00,57.38,0.00646912,118.44,0,0,0
2006-11-21 00:00:00,59.53,0.036784577,70.41,0,0,0
2006-11-22 00:00:00,58.66,-0.014722324,72.22,0,0,0
2006-11-23 00:00:00,59.7,0.017573957,116.91,0,0,0
2006-11-24 00:00:00,60.72,0.016941113,78.2,0,0,0
2006-11-27 00:00:00,60.52,-0.003299244,103.98,0,0,0
2006-11-28 00:00:00,61.22,0.011500045,77.74,0,0,0
2006-11-29 00:00:00,62.13,0.014755031,97.79,0,0,0
2006-11-30 00:00:00,64.36,0.035263358,78.8,0,0,0
2006-12-01 00:00:00,64.74,0.005886926,96.57,0,0,0
2006-12-04 00:00:00,63.97,-0.011965025,86.98,0,0,0
2006-12-05 00:00:00,63.65,-0.005014898,150.87,0,0,0
2006-12-06 00:00:00,63.7,0.000785238,85.8,0,0,0
2006-12-07 00:00:00,63.17,-0.008355058,72.95,0,0,0
2006-12-08 00:00:00,63.67,0.007883989,104.24,0,0,0
2006-12-11 00:00:00,62.59,-0.017107973,81.17,0,0,0
2006-12-12 00:00:00,62.58,-0.000159783,93.54,0,0,0
2006-12-13 00:00:00,61.89,-0.011087122,126.17,0,0,0
2006-12-14 00:00:00,62.85,0.015392319,74.16,0,0,0
2006-12-15 00:00:00,62.91,0.000954199,80.49,0,0,0
2006-12-18 00:00:00,62.81,-0.001590837,83.86,0,0,0
2006-12-19 00:00:00,62.19,-0.009920081,136.38,0,0,0
2006-12-20 00:00:00,63.13,0.015001877,91.75,0,0,0
2006-12-21 00:00:00,62.13,-0.015967128,93.31,0,0,0
2006-12-22 00:00:00,61.92,-0.003385735,81.21,0,0,0
2006-12-27 00:00:00,60.7,-0.019899531,73.61,0,0,0
2006-12-28 00:00:00,59.41,-0.021481136,102.45,0,0,0
2006-12-29 00:00:00,58.96,-0.007603314,92.77,0,0,0
2007-01-02 00:00:00,58.49,-0.008003448,114.67,0,0,0
2007-01-03 00:00:00,56.63,-0.032316919,76.7,0,0,0
2007-01-04 00:00:00,54.58,-0.036871365,85.41,0,0,0
2007-01-05 00:00:00,52.82,-0.032777608,88.2,0,0,0
2007-01-08 00:00:00,52.82,0,106.46,0,0,0
2007-01-09 00:00:00,52.38,-0.008365068,106.03,0,0,0
2007-01-10 00:00:00,52.11,-0.00516797,153.24,0,0,0
2007-01-11 00:00:00,51.68,-0.008286009,101.63,0,0,0
2007-01-12 00:00:00,49.95,-0.034048354,160.66,0,0,0
2007-01-16 00:00:00,51.28,0.026278308,81.84,0,0,0
2007-01-17 00:00:00,51.19,-0.001756612,128.29,0,0,0
2007-01-18 00:00:00,50.83,-0.007057469,127.82,0,0,0
2007-01-19 00:00:00,52.29,0.028318417,66.13,0,0,0
2007-01-22 00:00:00,54.34,0.038455456,116.96,0,0,0
2007-01-23 00:00:00,53.93,-0.007573695,113.76,0,0,0
2007-01-24 00:00:00,55.11,0.021644279,110.32,0,0,0
2007-01-25 00:00:00,55.67,0.010110214,110.7,0,0,0
2007-01-26 00:00:00,55.29,-0.006849342,79.57,0,0,0
2007-01-29 00:00:00,54.71,-0.010545552,60.23,0,0,0
2007-01-30 00:00:00,54.69,-0.000365631,109.75,0,0,0
2007-01-31 00:00:00,56.52,0.03291368,96.6,0,0,0
2007-02-01 00:00:00,56.74,0.003884872,77.85,0,0,0
2007-02-02 00:00:00,56.93,0.003343014,139.13,0,0,0
2007-02-05 00:00:00,58.67,0.03010608,77.99,0,0,0
2007-02-06 00:00:00,58.04,-0.010796095,88.7,0,0,0
2007-02-07 00:00:00,58.35,0.005326931,126.07,0,0,0
2007-02-08 00:00:00,57.24,-0.019206404,76.15,0,0,0
2007-02-09 00:00:00,57.21,-0.000524246,95.58,0,0,0
2007-02-12 00:00:00,55.52,-0.029985392,101.93,0,0,0
2007-02-13 00:00:00,56.12,0.010748939,95.68,0,0,0
2007-02-14 00:00:00,55.05,-0.019250392,122.08,0,0,0
2007-02-15 00:00:00,54.25,-0.014638871,111.82,0,0,0
2007-02-16 00:00:00,56.78,0.045581159,96.89,0,0,0
2007-02-20 00:00:00,55.91,-0.015440896,128.34,0,0,0
2007-02-21 00:00:00,57.74,0.032206919,101.5,0,0,0
2007-02-22 00:00:00,58.62,0.015125761,84.52,0,0,0
2007-02-23 00:00:00,60.38,0.029581989,126.84,0,0,0
2007-02-26 00:00:00,60.34,-0.000662691,103.16,0,0,0
2007-02-27 00:00:00,60.28,-0.00099486,89.62,0,0,0
2007-02-28 00:00:00,59.39,-0.014874512,125.11,0,0,0
2007-03-01 00:00:00,61.18,0.029694477,99.48,0,0,0
2007-03-02 00:00:00,61.92,0.012022891,127.29,0,0,0
2007-03-05 00:00:00,59.78,-0.035172072,124.79,0,0,0
2007-03-06 00:00:00,59.68,-0.001674201,100.38,0,0,0
2007-03-07 00:00:00,61.13,0.024005788,135.92,0,0,0
2007-03-08 00:00:00,60.9,-0.003769569,63.33,0,0,0
2007-03-09 00:00:00,60.25,-0.010730602,91.28,0,0,0
2007-03-12 00:00:00,60.59,0.005627291,58.97,0,0,0
2007-03-13 00:00:00,61.52,0.015232462,79.58,0,0,0
2007-03-14 00:00:00,60.89,-0.010293368,104.48,0,0,0
2007-03-15 00:00:00,60.4,-0.008079853,104.12,0,0,0
2007-03-16 00:00:00,60.93,0.008736559,122.03,0,0,0
2007-03-19 00:00:00,60.49,-0.007247602,66.38,0,0,0
2007-03-20 00:00:00,60.11,-0.006301845,95.02,0,0,0
2007-03-21 00:00:00,60.18,0.001163854,65.08,0,0,0
2007-03-22 00:00:00,61.57,0.022834668,92.09,0,0,0
2007-03-23 00:00:00,63.1,0.024546031,76.49,0,0,0
2007-03-26 00:00:00,64.43,0.020858594,105.22,0,0,0
2007-03-27 00:00:00,64.25,-0.002797639,129.02,0,0,0
2007-03-28 00:00:00,66.15,0.029143167,103.88,0,0,0
2007-03-29 00:00:00,67.19,0.015599536,102.86,0,0,0
2007-03-30 00:00:00,68.47,0.018871266,93.81,0,0,0
2007-04-02 00:00:00,68.94,0.006840868,82.9,0,0,0
2007-04-03 00:00:00,68,-0.013728856,104.33,0,0,0
2007-04-04 00:00:00,68.09,0.001322654,62.94,0,0,0
2007-04-05 00:00:00,69.15,0.015447699,96.19,0,0,0
2007-04-10 00:00:00,67.64,-0.022078534,81.49,0,0,0
2007-04-11 00:00:00,68.6,0.014093011,96.6,0,0,0
2007-04-12 00:00:00,67.79,-0.011877843,86.15,0,0,0
2007-04-13 00:00:00,68.78,0.014498314,80.65,0,0,0
2007-04-16 00:00:00,67.1,-0.024728961,114.48,0,0,0
2007-04-17 00:00:00,66.34,-0.01139101,88.64,0,0,0
2007-04-18 00:00:00,65.09,-0.019022106,63.76,0,0,0
2007-04-19 00:00:00,66.17,0.01645626,62.2,0,0,0
2007-04-20 00:00:00,66.34,0.002565845,99.76,0,0,0
2007-04-23 00:00:00,66.8,0.006910047,48.24,0,0,0
2007-04-24 00:00:00,67.94,0.016921882,70.28,0,0,0
2007-04-25 00:00:00,67.44,-0.007386649,119.01,0,0,0
2007-04-26 00:00:00,67.51,0.001037421,64.66,0,0,0
2007-04-27 00:00:00,67.28,-0.003412719,87.09,0,0,0
2007-04-30 00:00:00,67.23,-0.000743439,112.43,0,0,0
2007-05-01 00:00:00,67.4,0.002525441,140.07,0,0,0
2007-05-02 00:00:00,65.57,-0.027526744,72.09,0,0,0
2007-05-03 00:00:00,64.85,-0.011041364,57.91,0,0,0
2007-05-04 00:00:00,65.14,0.004461889,88,0,0,0
2007-05-07 00:00:00,62.7,-0.038177352,75,0,0,0
2007-05-08 00:00:00,63.55,0.01346555,75.98,0,0,0
2007-05-09 00:00:00,63.5,-0.000787092,108.61,0,0,0
2007-05-10 00:00:00,64.63,0.017638793,109.9,0,0,0
2007-05-11 00:00:00,65.18,0.008473974,100.76,0,0,0
2007-05-14 00:00:00,65.86,0.010378604,99.3,0,0,0
2007-05-15 00:00:00,66.74,0.013273196,92.66,0,0,0
2007-05-16 00:00:00,66.83,0.001347608,105.69,0,0,0
2007-05-17 00:00:00,69.08,0.033113172,93.87,0,0,0
2007-05-18 00:00:00,69.26,0.002602286,124.65,0,0,0
2007-05-21 00:00:00,69.51,0.003603088,82.52,0,0,0
2007-05-22 00:00:00,70.05,0.007738646,91.92,0,0,0
2007-05-23 00:00:00,71.01,0.013611439,115.04,0,0,0
2007-05-24 00:00:00,71.96,0.013289697,104.38,0,0,0
2007-05-25 00:00:00,70.72,-0.017381991,125.07,0,0,0
2007-05-29 00:00:00,69.31,-0.020139222,87.06,0,0,0
2007-05-30 00:00:00,67.64,-0.024389672,159.36,0,0,0
2007-05-31 00:00:00,68.18,0.007951743,111.73,0,0,0
2007-06-01 00:00:00,68.65,0.006869866,111.09,0,0,0
2007-06-04 00:00:00,70.9,0.032249301,176.07,0,0,0
2007-06-05 00:00:00,71.36,0.006467055,123.09,0,0,0
2007-06-06 00:00:00,71.5,0.001959961,127.91,0,0,0
2007-06-07 00:00:00,72.36,0.011956211,123.13,0,0,0
2007-06-08 00:00:00,70.04,-0.032587153,119.37,0,0,0
2007-06-11 00:00:00,68.85,-0.017136282,84.12,0,0,0
2007-06-12 00:00:00,68.56,-0.004220951,109.48,0,0,0
2007-06-13 00:00:00,69.24,0.009869456,116.84,0,0,0
2007-06-14 00:00:00,71.18,0.02763315,106.19,0,0,0
2007-06-15 00:00:00,71.63,0.006302101,93.22,0,0,0
2007-06-18 00:00:00,72.33,0.009725,143.53,0,0,0
2007-06-19 00:00:00,72.17,-0.002214534,123.07,0,0,0
2007-06-20 00:00:00,70.55,-0.022702769,121.96,0,0,0
2007-06-21 00:00:00,71.81,0.017702064,75.82,0,0,0
2007-06-22 00:00:00,72.04,0.003197778,69.58,0,0,0
2007-06-25 00:00:00,71.36,-0.009484032,76.66,0,0,0
2007-06-26 00:00:00,71.41,0.000700427,75.52,0,0,0
2007-06-27 00:00:00,71.84,0.006003508,91.4,0,0,0
2007-06-28 00:00:00,71.96,0.001668985,59.1,0,0,0
2007-06-29 00:00:00,72.22,0.003606607,114.13,0,0,0
2007-07-02 00:00:00,72.9,0.009371623,153.72,0,0,0
2007-07-03 00:00:00,74.26,0.01848381,153.22,0,0,0
2007-07-05 00:00:00,75.4,0.015234826,144.6,0,0,0
2007-07-06 00:00:00,76.58,0.015528671,121.86,0,0,0
2007-07-09 00:00:00,77.1,0.006767335,152.3,0,0,0
2007-07-10 00:00:00,77.88,0.0100659,133.91,0,0,0
2007-07-11 00:00:00,77.44,-0.005665738,116.34,0,0,0
2007-07-12 00:00:00,78.24,0.010277583,98.02,0,0,0
2007-07-13 00:00:00,78.12,-0.00153492,150.71,0,0,0
2007-07-16 00:00:00,78.17,0.000639836,176.56,0,0,0
2007-07-17 00:00:00,77.59,-0.007447389,113.13,0,0,0
2007-07-18 00:00:00,78,0.005270274,154.23,0,0,0
2007-07-19 00:00:00,78.37,0.004732374,82.13,0,0,0
2007-07-20 00:00:00,79.09,0.009145243,89.44,0,0,0
2007-07-23 00:00:00,78.36,-0.009272851,128.36,0,0,0
2007-07-24 00:00:00,75.88,-0.032160448,82.63,0,0,0
2007-07-25 00:00:00,75.21,-0.008868944,91.58,0,0,0
2007-07-26 00:00:00,77.28,0.027150989,124.33,0,0,0
2007-07-27 00:00:00,76.58,-0.009099244,108.05,0,0,0
2007-07-30 00:00:00,76.07,-0.006681977,97.77,0,0,0
2007-07-31 00:00:00,77.01,0.012281315,129.9,0,0,0
2007-08-01 00:00:00,77.11,0.00129769,124.14,0,0,0
2007-08-02 00:00:00,76.14,-0.012659223,95.07,0,0,0
2007-08-03 00:00:00,75.36,-0.010297121,122.34,0,0,0
2007-08-06 00:00:00,72.69,-0.036072807,104.24,0,0,0
2007-08-07 00:00:00,70.42,-0.03172651,127.12,0,0,0
2007-08-08 00:00:00,70.73,0.004392497,92.29,0,0,0
2007-08-09 00:00:00,70.08,-0.009232364,75.63,0,0,0
2007-08-10 00:00:00,69.57,-0.007304007,102.69,0,0,0
2007-08-13 00:00:00,71.3,0.024562887,84.72,0,0,0
2007-08-14 00:00:00,69.29,-0.028595732,66.85,0,0,0
2007-08-15 00:00:00,71.3,0.028595732,109.51,0,0,0
2007-08-16 00:00:00,68.77,-0.036128724,106,0,0,0
2007-08-17 00:00:00,69.8,0.014866406,82.18,0,0,0
2007-08-20 00:00:00,68.37,-0.020699878,111.35,0,0,0
2007-08-21 00:00:00,67.88,-0.007192692,60.49,0,0,0
2007-08-22 00:00:00,67.73,-0.002212227,76.27,0,0,0
2007-08-23 00:00:00,68.73,0.014656572,58.58,0,0,0
2007-08-24 00:00:00,69.49,0.010997072,77.18,0,0,0
2007-08-27 00:00:00,68.85,-0.009252632,75.39,0,0,0
2007-08-28 00:00:00,69.66,0.01169604,83.41,0,0,0
2007-08-29 00:00:00,70.48,0.011702717,74.04,0,0,0
2007-08-30 00:00:00,71.46,0.013808871,81.22,0,0,0
2007-08-31 00:00:00,72.29,0.011547954,77.52,0,0,0
2007-09-04 00:00:00,74.22,0.026347849,115.38,0,0,0
2007-09-05 00:00:00,74.72,0.006714138,91.66,0,0,0
2007-09-06 00:00:00,76.21,0.019744894,100.21,0,0,0
2007-09-07 00:00:00,75.08,-0.014938476,109.41,0,0,0
2007-09-10 00:00:00,74.97,-0.001466178,122.55,0,0,0
2007-09-11 00:00:00,76.23,0.016667052,105.62,0,0,0
2007-09-12 00:00:00,77.15,0.011996493,99.83,0,0,0
2007-09-13 00:00:00,77.84,0.008903859,124.08,0,0,0
2007-09-14 00:00:00,78.27,0.00550895,85.01,0,0,0
2007-09-17 00:00:00,77.99,-0.003583774,44.76,0,0,0
2007-09-18 00:00:00,77,-0.012775191,98.49,0,0,0
2007-09-19 00:00:00,78.47,0.018910964,72.01,0,0,0
2007-09-20 00:00:00,78.48,0.000127429,121.83,0,0,0
2007-09-21 00:00:00,78.91,0.005464147,87.09,0,0,0
2007-09-24 00:00:00,77.87,-0.013267193,90.24,0,0,0
2007-09-25 00:00:00,76.82,-0.013575747,106.34,0,0,0
2007-09-26 00:00:00,76.21,-0.007972335,97.6,0,0,0
2007-09-27 00:00:00,78.88,0.034435023,177.98,0,0,0
2007-09-28 00:00:00,80.97,0.026151005,118.72,0,0,0
2007-10-01 00:00:00,78.33,-0.033148044,121.76,0,0,0
2007-10-02 00:00:00,76.87,-0.018814988,103.52,0,0,0
2007-10-03 00:00:00,77.8,0.012025748,81.43,0,0,0
2007-10-04 00:00:00,77.84,0.000514007,86.28,0,0,0
2007-10-05 00:00:00,79.05,0.015425126,125,0,0,0
2007-10-08 00:00:00,76.94,-0.027054666,126.3,0,0,0
2007-10-09 00:00:00,77.82,0.01137257,72.08,0,0,0
2007-10-10 00:00:00,77.85,0.000385431,82.37,0,0,0
2007-10-11 00:00:00,80.83,0.037564285,68.59,0,0,0
2007-10-12 00:00:00,80.82,-0.000123724,77.94,0,0,0
2007-10-15 00:00:00,82.5,0.020573834,82.16,0,0,0
2007-10-16 00:00:00,84.43,0.023124495,151.87,0,0,0
2007-10-17 00:00:00,85.24,0.009548019,175.77,0,0,0
2007-10-18 00:00:00,85.03,-0.002466672,94.25,0,0,0
2007-10-19 00:00:00,84.25,-0.009215566,111,0,0,0
2007-10-22 00:00:00,82.72,-0.018327158,91.91,0,0,0
2007-10-23 00:00:00,82.31,-0.004968804,131.4,0,0,0
2007-10-24 00:00:00,83.47,0.013994679,157.74,0,0,0
2007-10-25 00:00:00,85.4,0.022858815,126.8,0,0,0
2007-10-26 00:00:00,84.71,-0.008112442,173,0,0,0
2007-10-29 00:00:00,89.87,0.059130523,98.36,0,0,0
2007-10-30 00:00:00,89.87,0,102.52,0,0,0
2007-10-31 00:00:00,89.87,0,74.07,0,0,0
2007-11-01 00:00:00,90.36,0.00543751,81.31,0,0,0
2007-11-02 00:00:00,92.11,0.019181823,106.58,0,0,0
2007-11-05 00:00:00,92.16,0.000542682,149,0,0,0
2007-11-06 00:00:00,93.99,0.019662197,172.83,0,0,0
2007-11-07 00:00:00,94.85,0.009108303,93.31,0,0,0
2007-11-08 00:00:00,94.4,-0.004755623,140,0,0,0
2007-11-09 00:00:00,92.32,-0.02228027,121.16,0,0,0
2007-11-12 00:00:00,91.56,-0.008266308,101.76,0,0,0
2007-11-13 00:00:00,89.09,-0.0273474,87.67,0,0,0
2007-11-14 00:00:00,90.73,0.018240968,128.47,0,0,0
2007-11-15 00:00:00,90.32,-0.004529143,94.64,0,0,0
2007-11-16 00:00:00,91.99,0.018320956,127.41,0,0,0
2007-11-19 00:00:00,91.59,-0.00435778,63.13,0,0,0
2007-11-20 00:00:00,94.13,0.02735471,57.78,0,0,0
2007-11-21 00:00:00,94.97,0.008884247,32.92,0,0,0
2007-11-23 00:00:00,95.33,0.003783504,118.9,0,0,0
2007-11-26 00:00:00,94.88,-0.004731621,51.36,0,0,0
2007-11-27 00:00:00,93.23,-0.017543377,108.19,0,0,0
2007-11-28 00:00:00,91.64,-0.017201701,68.89,0,0,0
2007-11-29 00:00:00,92.34,0.007609559,57.43,0,0,0
2007-11-30 00:00:00,88.71,-0.040104795,77.38,0,0,0
2007-12-03 00:00:00,87.85,-0.009741808,56.93,0,1,0
2007-12-04 00:00:00,89.97,0.023845467,133.6,0,1,0
2007-12-05 00:00:00,90.7,0.008081076,183.72,0,1,0
2007-12-06 00:00:00,88.46,-0.025006885,109.26,0,1,0
2007-12-07 00:00:00,88.46,0,104.27,0,1,0
2007-12-10 00:00:00,87.33,-0.012856426,78.79,0,1,0
2007-12-11 00:00:00,87.77,0.00502571,119.51,0,1,0
2007-12-12 00:00:00,91.69,0.043693565,119.94,0,1,0
2007-12-13 00:00:00,92.57,0.009551793,89.02,0,1,0
2007-12-14 00:00:00,91.86,-0.007699436,70.9,0,1,0
2007-12-17 00:00:00,90.32,-0.016906759,86.97,0,1,0
2007-12-18 00:00:00,90.71,0.004308685,98.59,0,1,0
2007-12-19 00:00:00,90.98,0.002972098,105.27,0,1,0
2007-12-20 00:00:00,91.06,0.000878928,95.5,0,1,0
2007-12-21 00:00:00,91.03,-0.000329507,64.53,0,1,0
2007-12-24 00:00:00,91.59,0.006132973,102.4,0,1,0
2007-12-27 00:00:00,95.66,0.043478143,105.97,0,1,0
2007-12-28 00:00:00,95.92,0.002714272,186.46,0,1,0
2007-12-31 00:00:00,93.68,-0.023629791,87.29,0,1,0
2008-01-02 00:00:00,97.01,0.034929347,95,0,1,0
2008-01-03 00:00:00,98.45,0.014734739,82.81,0,1,0
2008-01-04 00:00:00,96.87,-0.016178932,87.35,0,1,0
2008-01-07 00:00:00,94.19,-0.028055855,78.18,0,1,0
2008-01-08 00:00:00,96.37,0.022880931,84.46,0,1,0
2008-01-09 00:00:00,96.76,0.004038736,123.04,0,1,0
2008-01-10 00:00:00,92.8,-0.041787046,104.03,0,1,0
2008-01-11 00:00:00,91.86,-0.010180961,56.55,0,1,0
2008-01-14 00:00:00,92.58,0.007807457,90.81,0,1,0
2008-01-15 00:00:00,90.87,-0.018643222,95.92,0,1,0
2008-01-16 00:00:00,88.1,-0.030957381,94.73,0,1,0
2008-01-17 00:00:00,88.96,0.009714298,72.99,0,1,0
2008-01-18 00:00:00,89.66,0.007837908,47.15,0,1,0
2008-01-22 00:00:00,88.11,-0.017438705,83.23,0,1,0
2008-01-23 00:00:00,87.06,-0.011988498,137.01,0,1,0
2008-01-24 00:00:00,87.69,0.007210332,88.51,0,1,0
2008-01-25 00:00:00,90.96,0.036611982,92.98,0,1,0
2008-01-28 00:00:00,90.91,-0.000549843,89.24,0,1,0
2008-01-29 00:00:00,92.49,0.017230524,66.89,0,1,0
2008-01-30 00:00:00,92.46,-0.000324412,36.6,0,1,0
2008-01-31 00:00:00,91.58,-0.009563211,93.08,0,1,0
2008-02-01 00:00:00,91.41,-0.001858026,99.69,0,1,0
2008-02-04 00:00:00,91.09,-0.003506853,117.29,0,1,0
2008-02-05 00:00:00,89.6,-0.016492709,99.18,0,1,0
2008-02-06 00:00:00,88.73,-0.009757269,85.02,0,1,0
2008-02-07 00:00:00,88.55,-0.002030687,52.54,0,1,0
2008-02-08 00:00:00,91.45,0.032225011,77.52,0,1,0
2008-02-11 00:00:00,93.93,0.026757449,89.34,0,1,0
2008-02-12 00:00:00,94.28,0.003719254,90.07,0,1,0
2008-02-13 00:00:00,93.82,-0.004891025,102.62,0,1,0
2008-02-14 00:00:00,95.92,0.022136458,89.6,0,1,0
2008-02-15 00:00:00,96.96,0.010784012,114.53,0,1,0
2008-02-19 00:00:00,97.03,0.000721687,114.23,0,1,0
2008-02-20 00:00:00,97.88,0.00872203,73.75,0,1,0
2008-02-21 00:00:00,97.52,-0.003684753,83.1,0,1,0
2008-02-22 00:00:00,96.07,-0.014980393,81.02,0,1,0
2008-02-25 00:00:00,97.43,0.014057079,83.67,0,1,0
2008-02-26 00:00:00,99.05,0.016490602,103.22,0,1,0
2008-02-27 00:00:00,98.28,-0.007804225,67.13,0,1,0
2008-02-28 00:00:00,99.83,0.015648192,90.68,0,1,0
2008-02-29 00:00:00,100.9,0.010661188,81.01,0,1,0
2008-03-03 00:00:00,101.83,0.009174829,122.55,0,1,0
2008-03-04 00:00:00,98.6,-0.032233495,160.11,0,1,0
2008-03-05 00:00:00,100.95,0.023554083,95.76,0,1,0
2008-03-06 00:00:00,103.47,0.024656371,113.23,0,1,0
2008-03-07 00:00:00,104.66,0.011435285,91.69,0,1,0
2008-03-10 00:00:00,105.33,0.006381278,64.74,0,1,0
2008-03-11 00:00:00,106.78,0.013672364,39.71,0,1,0
2008-03-12 00:00:00,107.99,0.011267987,99.56,0,1,0
2008-03-13 00:00:00,109.18,0.010959266,51.29,0,1,0
2008-03-14 00:00:00,109.16,-0.000183201,89.45,0,1,0
2008-03-17 00:00:00,104.41,-0.04448924,59.62,0,1,0
2008-03-18 00:00:00,105.35,0.008962684,80.57,0,1,0
2008-03-19 00:00:00,102.65,-0.025962997,77.11,0,1,0
2008-03-20 00:00:00,99.78,-0.028357381,38.26,0,1,0
2008-03-24 00:00:00,100.93,0.011459445,98.03,0,1,0
2008-03-25 00:00:00,99.91,-0.010157427,86.48,0,1,0
2008-03-26 00:00:00,102.83,0.028807358,74.51,0,1,0
2008-03-27 00:00:00,103.89,0.010255508,64.9,0,1,0
2008-03-28 00:00:00,102.68,-0.011715291,84.06,0,1,0
2008-03-31 00:00:00,102.33,-0.003414471,108.1,0,1,0
2008-04-01 00:00:00,98.69,-0.036219261,60.84,0,1,0
2008-04-02 00:00:00,98.85,0.001619925,80.72,0,1,0
2008-04-03 00:00:00,102.31,0.03440387,68.01,0,1,0
2008-04-04 00:00:00,102.21,-0.0009779,65.65,0,1,0
2008-04-07 00:00:00,105.98,0.036220877,81.08,0,1,0
2008-04-08 00:00:00,105.05,-0.00881397,56.31,0,1,0
2008-04-09 00:00:00,107.46,0.022682258,86.85,0,1,0
2008-04-10 00:00:00,107.37,-0.000837872,63.86,0,1,0
2008-04-11 00:00:00,107.15,-0.002051092,83.41,0,1,0
2008-04-14 00:00:00,108.32,0.010860087,53.2,0,1,0
2008-04-15 00:00:00,110.84,0.022997911,47.03,0,1,0
2008-04-16 00:00:00,110.95,0.000991929,68.4,0,1,0
2008-04-17 00:00:00,111.34,0.003508933,77.84,0,1,0
2008-04-18 00:00:00,110.67,-0.006035782,78.15,0,1,0
2008-04-21 00:00:00,111.35,0.006125593,80.53,0,1,0
2008-04-22 00:00:00,113.54,0.019476804,86.39,0,1,0
2008-04-23 00:00:00,115.34,0.01572909,107.75,0,1,0
2008-04-24 00:00:00,114.85,-0.004257359,97.6,0,1,0
2008-04-25 00:00:00,116.62,0.015293857,66.31,0,1,0
2008-04-28 00:00:00,115.7,-0.007920152,95.27,0,1,0
2008-04-29 00:00:00,113.86,-0.016031011,70.55,0,1,0
2008-04-30 00:00:00,111.12,-0.024358925,89.01,0,1,0
2008-05-01 00:00:00,107.3,-0.034982049,90.46,0,1,0
2008-05-02 00:00:00,111.92,0.042155681,57.53,0,1,0
2008-05-05 00:00:00,115.68,0.033043428,42.08,0,1,0
2008-05-06 00:00:00,119.88,0.035663484,76.23,0,1,0
2008-05-07 00:00:00,120.27,0.003247973,89.17,0,1,0
2008-05-08 00:00:00,119.85,-0.003498254,55.67,0,1,0
2008-05-09 00:00:00,123.54,0.030324029,87.25,0,1,0
2008-05-12 00:00:00,122.89,-0.005275344,113.97,0,1,0
2008-05-13 00:00:00,123.11,0.001788618,90.2,0,1,0
2008-05-14 00:00:00,121.18,-0.015801221,85.51,0,1,0
2008-05-15 00:00:00,122.76,0.012954186,60.12,0,1,0
2008-05-16 00:00:00,122.98,0.001790511,77.32,0,1,0
2008-05-19 00:00:00,122.19,-0.00644453,47.78,0,1,0
2008-05-20 00:00:00,124.12,0.015671629,38.37,0,1,0
2008-05-21 00:00:00,127.28,0.025140544,78.65,0,1,0
2008-05-22 00:00:00,129.04,0.01373305,82.96,0,1,0
2008-05-23 00:00:00,129.72,0.005255848,88.38,0,1,0
2008-05-27 00:00:00,128.92,-0.006186224,83.48,0,1,0
2008-05-28 00:00:00,128.93,7.75645E-05,68.6,0,1,0
2008-05-29 00:00:00,129.33,0.003097656,74.76,0,1,0
2008-05-30 00:00:00,127.85,-0.011509576,79.82,0,1,0
2008-06-02 00:00:00,128.5,0.005071203,73.61,0,1,0
2008-06-03 00:00:00,126.28,-0.017427241,110.96,0,1,0
2008-06-04 00:00:00,121.72,-0.036778339,76.47,0,1,0
2008-06-05 00:00:00,122.36,0.005244194,69.2,0,1,0
2008-06-06 00:00:00,132.81,0.081952016,114.23,0,1,0
2008-06-09 00:00:00,134.43,0.012124082,69.98,0,1,0
2008-06-10 00:00:00,135.24,0.00600736,77.04,0,1,0
2008-06-11 00:00:00,134.52,-0.005338091,111.21,0,1,0
2008-06-12 00:00:00,132.11,-0.018077978,69.71,0,1,0
2008-06-13 00:00:00,134.29,0.016366732,74.93,0,1,0
2008-06-16 00:00:00,133.9,-0.002908388,96.88,0,1,0
2008-06-17 00:00:00,131.27,-0.019836982,92.84,0,1,0
2008-06-18 00:00:00,129.12,-0.016514066,82.58,0,1,0
2008-06-19 00:00:00,131.84,0.020846862,114.13,0,1,0
2008-06-20 00:00:00,134.28,0.018338106,130.37,0,1,0
2008-06-23 00:00:00,134.54,0.00193438,72.19,0,1,0
2008-06-24 00:00:00,135.37,0.006150218,164.26,0,1,0
2008-06-25 00:00:00,131.59,-0.028320742,133.41,0,1,0
2008-06-26 00:00:00,136.82,0.038975165,114.33,0,1,0
2008-06-27 00:00:00,139.38,0.018537823,87.83,0,1,0
2008-06-30 00:00:00,138.4,-0.007055973,73.01,0,1,0
2008-07-01 00:00:00,140.67,0.016268679,123.6,0,0,0
2008-07-02 00:00:00,141.24,0.004043849,107.09,0,0,0
2008-07-03 00:00:00,143.95,0.019005446,83.71,0,0,0
2008-07-07 00:00:00,139.62,-0.030541571,94.31,0,0,0
2008-07-08 00:00:00,134.15,-0.03996587,102.08,0,0,0
2008-07-09 00:00:00,133.91,-0.001790644,116.91,0,0,0
2008-07-10 00:00:00,135.81,0.014088918,136.99,0,0,0
2008-07-11 00:00:00,143.68,0.056331754,99.8,0,0,0
2008-07-14 00:00:00,142.43,-0.008737954,137.71,0,0,0
2008-07-15 00:00:00,136.02,-0.046048717,119.99,0,0,0
2008-07-16 00:00:00,133.31,-0.020124691,120.84,0,0,0
2008-07-17 00:00:00,134.16,0.006355874,87.33,0,0,0
2008-07-18 00:00:00,129.34,-0.036588521,89.8,0,0,0
2008-07-21 00:00:00,129.34,0,123.14,0,0,0
2008-07-22 00:00:00,127.18,-0.01684119,84.67,0,0,0
2008-07-23 00:00:00,126.86,-0.00251929,103.83,0,0,0
2008-07-24 00:00:00,125.43,-0.011336282,70.75,0,0,0
2008-07-25 00:00:00,124.7,-0.005836981,68.13,0,0,0
2008-07-28 00:00:00,125.67,0.007748571,101.41,0,0,0
2008-07-29 00:00:00,125.77,0.000795418,102.33,0,0,0
2008-07-30 00:00:00,122.46,-0.026670396,87.75,0,0,0
2008-07-31 00:00:00,124.1,0.013303246,80.95,0,0,0
2008-08-01 00:00:00,124.16,0.000483364,94.64,0,0,0
2008-08-04 00:00:00,121.87,-0.018616154,75.92,0,0,0
2008-08-05 00:00:00,116.5,-0.04506363,86.97,0,0,0
2008-08-06 00:00:00,114.47,-0.017578493,41.06,0,0,0
2008-08-07 00:00:00,116.94,0.021348203,49.1,0,0,0
2008-08-08 00:00:00,113.03,-0.034007713,68.13,0,0,0
2008-08-11 00:00:00,110.54,-0.022275824,144.52,0,0,0
2008-08-12 00:00:00,108.98,-0.014213067,149.08,0,0,0
2008-08-13 00:00:00,110.68,0.015478776,122.18,0,0,0
2008-08-14 00:00:00,111.82,0.010247281,95.01,0,0,0
2008-08-15 00:00:00,108.8,-0.027379101,86.33,0,0,0
2008-08-18 00:00:00,109.33,0.004859497,131.32,0,0,0
2008-08-19 00:00:00,109.02,-0.00283948,86.19,0,0,0
2008-08-20 00:00:00,108.72,-0.002755582,153.75,0,0,0
2008-08-21 00:00:00,117.24,0.075447346,91.23,0,0,0
2008-08-22 00:00:00,113.99,-0.028112391,107.06,0,0,0
2008-08-25 00:00:00,109.74,-0.037996794,61.96,0,0,0
2008-08-26 00:00:00,112.2,0.022169061,88.93,0,0,0
2008-08-27 00:00:00,113.05,0.007547206,106.75,0,0,0
2008-08-28 00:00:00,113.54,0.004324999,110.73,0,0,0
2008-08-29 00:00:00,113.49,-0.00044047,97.43,0,0,0
2008-09-02 00:00:00,104.94,-0.078325969,81.57,0,0,0
2008-09-03 00:00:00,103.88,-0.010152371,88.88,0,0,0
2008-09-04 00:00:00,103.41,-0.004534718,154.28,0,0,0
2008-09-05 00:00:00,102.51,-0.008741314,88.76,0,0,0
2008-09-08 00:00:00,101.08,-0.014048072,85.22,0,0,0
2008-09-09 00:00:00,98.94,-0.021398677,96.64,0,0,0
2008-09-10 00:00:00,96,-0.030165414,63.04,0,0,0
2008-09-11 00:00:00,96.01,0.000104161,105.98,0,0,0
2008-09-12 00:00:00,94.37,-0.017229127,105.56,0,0,0
2008-09-15 00:00:00,90.45,-0.042426014,72.88,0,0,0
2008-09-16 00:00:00,85.85,-0.052195624,125.66,0,0,0
2008-09-17 00:00:00,86.09,0.002791673,127.53,0,0,0
2008-09-18 00:00:00,90.89,0.054256723,87.09,0,0,0
2008-09-19 00:00:00,93.46,0.027883553,74.38,0,0,0
2008-09-22 00:00:00,100.43,0.07192743,61.08,0,0,0
2008-09-23 00:00:00,100.72,0.002883422,107.91,0,0,0
2008-09-24 00:00:00,102.09,0.013510387,92.88,0,0,0
2008-09-25 00:00:00,100.45,-0.016194686,104.04,0,0,0
2008-09-26 00:00:00,100.88,0.0042716,72.14,0,0,0
2008-09-29 00:00:00,95.96,-0.050000254,101.52,0,0,0
2008-09-30 00:00:00,93.52,-0.025756121,82.57,0,0,0
2008-10-01 00:00:00,92.19,-0.014323652,60.11,0,0,0
2008-10-02 00:00:00,88.88,-0.036564519,57.61,0,0,0
2008-10-03 00:00:00,88.95,0.000787269,86.23,0,0,0
2008-10-06 00:00:00,84.71,-0.048840756,99.93,0,0,0
2008-10-07 00:00:00,83.17,-0.018346953,55.5,0,0,0
2008-10-08 00:00:00,80.77,-0.029281096,70.2,0,0,0
2008-10-09 00:00:00,81.65,0.01083621,52.34,0,0,0
2008-10-10 00:00:00,74.58,-0.090569445,95.1,0,0,0
2008-10-13 00:00:00,74.37,-0.00281974,108.86,0,0,0
2008-10-14 00:00:00,74.98,0.008168777,69.66,0,0,0
2008-10-15 00:00:00,66.86,-0.11462053,54.94,0,0,0
2008-10-16 00:00:00,64.14,-0.041532687,44.44,0,0,0
2008-10-17 00:00:00,66.05,0.029343837,61.46,0,0,0
2008-10-20 00:00:00,67.45,0.020974552,78.13,0,0,0
2008-10-21 00:00:00,65.99,-0.021883367,34.33,0,0,0
2008-10-22 00:00:00,62.95,-0.047162455,34.15,0,0,0
2008-10-23 00:00:00,65.06,0.032969161,54.16,0,0,0
2008-10-24 00:00:00,60.57,-0.0715102,68.11,0,0,0
2008-10-27 00:00:00,59.34,-0.020516106,56.34,0,0,0
2008-10-28 00:00:00,58.87,-0.007951992,95.35,0,0,0
2008-10-29 00:00:00,64,0.08355146,104.75,0,0,0
2008-10-30 00:00:00,60.86,-0.050306939,93.39,0,0,0
2008-10-31 00:00:00,60,-0.014231582,45.92,0,0,0
2008-11-03 00:00:00,60.32,0.005319161,68.71,0,0,0
2008-11-04 00:00:00,62.78,0.039972828,60.16,0,0,0
2008-11-05 00:00:00,61.09,-0.027288365,88.99,0,0,0
2008-11-06 00:00:00,56.14,-0.084499616,96.62,0,0,0
2008-11-07 00:00:00,56.84,0.012391732,99.35,0,0,0
2008-11-10 00:00:00,57.08,0.004213489,73.44,0,0,0
2008-11-11 00:00:00,54.76,-0.041493792,63.19,0,0,0
2008-11-12 00:00:00,52.47,-0.042718423,68.16,0,0,0
2008-11-13 00:00:00,51.32,-0.022161038,104.77,0,0,0
2008-11-14 00:00:00,50.7,-0.012154629,85.09,0,0,0
2008-11-17 00:00:00,50.82,0.002364067,69.58,0,0,0
2008-11-18 00:00:00,49.1,-0.034430943,80.88,0,0,0
2008-11-19 00:00:00,48.35,-0.015392813,46.84,0,0,0
2008-11-20 00:00:00,45.79,-0.054400495,58.93,0,0,0
2008-11-21 00:00:00,44.91,-0.01940524,93.93,0,0,0
2008-11-24 00:00:00,49.51,0.097514182,77.13,0,0,0
2008-11-25 00:00:00,47.51,-0.041234454,62.25,0,0,0
2008-11-26 00:00:00,49.39,0.038807759,73.24,0,0,0
2008-11-28 00:00:00,47.72,-0.034397377,171.04,0,0,0
2008-12-01 00:00:00,47.58,-0.002938092,205.49,0,0,0
2008-12-02 00:00:00,45.64,-0.04162798,166.5,0,0,0
2008-12-03 00:00:00,44.39,-0.027770306,97.53,0,0,0
2008-12-04 00:00:00,43.83,-0.012695704,97.15,0,0,0
2008-12-05 00:00:00,37.04,-0.168320105,65.75,0,0,0
2008-12-08 00:00:00,40.02,0.077380919,89.31,0,0,0
2008-12-09 00:00:00,39.77,-0.00626647,138.02,0,0,0
2008-12-10 00:00:00,39.34,-0.010871046,87.17,0,0,0
2008-12-11 00:00:00,43.54,0.101438243,69.14,0,0,0
2008-12-12 00:00:00,42.38,-0.027003503,119.62,0,0,0
2008-12-15 00:00:00,45.02,0.060430283,93.43,0,0,0
2008-12-16 00:00:00,42,-0.069437217,51.49,0,0,0
2008-12-17 00:00:00,41.84,-0.003816799,82.55,0,0,0
2008-12-18 00:00:00,40.19,-0.040234611,70.48,0,0,0
2008-12-19 00:00:00,39.52,-0.016811336,56.81,0,0,0
2008-12-22 00:00:00,38.08,-0.037117663,62.41,0,0,0
2008-12-23 00:00:00,35.27,-0.076656466,66.25,0,0,0
2008-12-24 00:00:00,34.45,-0.023523747,88.45,0,0,0
2008-12-26 00:00:00,33.73,-0.021121348,80.65,0,0,0
2008-12-29 00:00:00,34.16,0.01266772,156.54,0,0,0
2008-12-30 00:00:00,35.22,0.030558734,179.31,0,0,0
2008-12-31 00:00:00,35.82,0.016892294,128.32,0,0,0
2009-01-02 00:00:00,42.94,0.181297396,77.94,0,0,0
2009-01-05 00:00:00,45.84,0.06535328,112.98,0,0,0
2009-01-06 00:00:00,48.89,0.064415804,114.1,0,0,0
2009-01-07 00:00:00,46.23,-0.055943939,136.82,0,0,0
2009-01-08 00:00:00,42.94,-0.073825146,135.21,0,0,0
2009-01-09 00:00:00,42.34,-0.014071527,105.79,0,0,0
2009-01-12 00:00:00,40.86,-0.035580676,138.93,0,0,0
2009-01-13 00:00:00,43.05,0.052210641,105.16,0,0,0
2009-01-14 00:00:00,42.27,-0.018284616,131.81,0,0,0
2009-01-15 00:00:00,42.32,0.001182173,93.75,0,0,0
2009-01-16 00:00:00,43.42,0.025660377,137.05,0,0,0
2009-01-20 00:00:00,41.22,-0.051996589,54.25,0,0,0
2009-01-21 00:00:00,39.9,-0.032547252,51.28,0,0,0
2009-01-22 00:00:00,42.42,0.061243625,61.7,0,0,0
2009-01-23 00:00:00,43.13,0.016598862,65.75,0,0,0
2009-01-26 00:00:00,48,0.1069822,81.19,0,0,0
2009-01-27 00:00:00,42.86,-0.113262021,74.96,0,0,0
2009-01-28 00:00:00,42.86,0,55.56,0,0,0
2009-01-29 00:00:00,43.13,0.006279821,59.47,0,0,0
2009-01-30 00:00:00,44.17,0.023827015,78.5,0,0,0
2009-02-02 00:00:00,42.96,-0.027776375,56.76,0,0,0
2009-02-03 00:00:00,43.15,0.004412967,69.49,0,0,0
2009-02-04 00:00:00,43.68,0.012207914,71.27,0,0,0
2009-02-05 00:00:00,43.92,0.005479466,70.81,0,0,0
2009-02-06 00:00:00,44.49,0.012894648,75.73,0,0,0
2009-02-09 00:00:00,47.23,0.059764839,76.94,0,0,0
2009-02-10 00:00:00,45.88,-0.028999992,81.24,0,0,0
2009-02-11 00:00:00,44.24,-0.036399935,40.69,0,0,0
2009-02-12 00:00:00,47.23,0.065399927,82.81,0,0,0
2009-02-13 00:00:00,43.36,-0.085491927,57.33,0,0,0
2009-02-17 00:00:00,39.69,-0.08843809,106.03,0,0,0
2009-02-18 00:00:00,39.41,-0.007079676,82.28,0,0,0
2009-02-19 00:00:00,42.36,0.07218493,68.82,0,0,0
2009-02-20 00:00:00,42.19,-0.004021295,70.98,0,0,0
2009-02-23 00:00:00,41.27,-0.022047382,93.48,0,0,0
2009-02-24 00:00:00,40.18,-0.026766484,88.19,0,0,0
2009-02-25 00:00:00,42.37,0.053071205,69.7,0,0,0
2009-02-26 00:00:00,45.15,0.063549715,83.59,0,0,0
2009-02-27 00:00:00,44.41,-0.016525611,52.78,0,0,0
2009-03-02 00:00:00,42.6,-0.041610416,118.02,0,0,0
2009-03-03 00:00:00,42.72,0.002812941,117.76,0,0,0
2009-03-04 00:00:00,46.07,0.075494784,113.76,0,0,0
2009-03-05 00:00:00,44.45,-0.035797017,61.22,0,0,0
2009-03-06 00:00:00,43.48,-0.0220639,68.74,0,0,0
2009-03-09 00:00:00,44.55,0.024311092,104.96,0,0,0
2009-03-10 00:00:00,44.99,0.009828089,76.61,0,0,0
2009-03-11 00:00:00,43.2,-0.040599748,108.67,0,0,0
2009-03-12 00:00:00,42.19,-0.023657269,49.35,0,0,0
2009-03-13 00:00:00,44.97,0.063812375,56.54,0,0,0
2009-03-16 00:00:00,44.12,-0.019082406,57.33,0,0,0
2009-03-17 00:00:00,45.53,0.031458255,38.85,0,0,0
2009-03-18 00:00:00,45.22,-0.006831982,52.47,0,0,0
2009-03-19 00:00:00,48.03,0.060286349,62.5,0,0,0
2009-03-20 00:00:00,49.27,0.025489561,38.82,0,0,0
2009-03-23 00:00:00,51.84,0.050846675,87.83,0,0,0
2009-03-24 00:00:00,51.32,-0.010081512,92.02,0,0,0
2009-03-25 00:00:00,51.46,0.002724267,101.26,0,0,0
2009-03-26 00:00:00,51.89,0.008321287,85.75,0,0,0
2009-03-27 00:00:00,50.81,-0.021032908,88.03,0,0,0
2009-03-30 00:00:00,49.05,-0.035253,79.87,0,0,0
2009-03-31 00:00:00,46.13,-0.061376688,83.34,0,0,0
2009-04-01 00:00:00,45.92,-0.004562746,84.94,0,0,0
2009-04-02 00:00:00,50.89,0.102765689,105.37,0,0,0
2009-04-03 00:00:00,50.48,-0.008089222,86.39,0,0,0
2009-04-06 00:00:00,50.91,0.00848215,141.49,0,0,0
2009-04-07 00:00:00,50.62,-0.005712613,95.08,0,0,0
2009-04-08 00:00:00,52.06,0.028050144,81.43,0,0,0
2009-04-09 00:00:00,52.33,0.005172921,128.88,0,0,0
2009-04-13 00:00:00,50.73,-0.031052369,113.91,0,0,0
2009-04-14 00:00:00,52.06,0.025879448,175.25,0,0,0
2009-04-15 00:00:00,51.31,-0.014511235,91.17,0,0,0
2009-04-16 00:00:00,51.83,0.010083467,106.17,0,0,0
2009-04-17 00:00:00,52.02,0.003659128,75.29,0,0,0
2009-04-20 00:00:00,49.06,-0.058584221,84.29,0,0,0
2009-04-21 00:00:00,48.69,-0.007570369,66.33,0,0,0
2009-04-22 00:00:00,48.5,-0.003909872,66.89,0,0,0
2009-04-23 00:00:00,48.29,-0.004339298,64.32,0,0,0
2009-04-24 00:00:00,50.29,0.04058175,44.04,0,0,0
2009-04-27 00:00:00,48.67,-0.032743426,107.41,0,0,0
2009-04-28 00:00:00,48.64,-0.000616586,88.93,0,0,0
2009-04-29 00:00:00,50.22,0.031967116,71.7,0,0,0
2009-04-30 00:00:00,50.3,0.001591723,79.1,0,0,0
2009-05-01 00:00:00,51.75,0.028419355,54.94,0,0,0
2009-05-04 00:00:00,53.26,0.028761148,91.26,0,0,0
2009-05-05 00:00:00,53.16,-0.001879347,119.16,0,0,0
2009-05-06 00:00:00,55.07,0.035298869,111.66,0,0,0
2009-05-07 00:00:00,56.63,0.027933777,73.4,0,0,0
2009-05-08 00:00:00,56.02,-0.01083011,76.57,0,0,0
2009-05-11 00:00:00,55.99,-0.000535666,117.22,0,0,0
2009-05-12 00:00:00,56.52,0.009421454,92.84,0,0,0
2009-05-13 00:00:00,56.84,0.005645745,61.82,0,0,0
2009-05-14 00:00:00,56.25,-0.010434262,81.11,0,0,0
2009-05-15 00:00:00,56.33,0.001421212,49.39,0,0,0
2009-05-18 00:00:00,56.51,0.003190361,148.12,0,0,0
2009-05-19 00:00:00,57.12,0.010736704,136.4,0,0,0
2009-05-20 00:00:00,59.1,0.034076606,88.76,0,0,0
2009-05-21 00:00:00,58.02,-0.018443146,106.15,0,0,0
2009-05-22 00:00:00,58.7,0.011651948,78.14,0,0,0
2009-05-26 00:00:00,59.05,0.005944816,157.94,0,0,0
2009-05-27 00:00:00,61.28,0.037068983,149.7,0,0,0
2009-05-28 00:00:00,63.47,0.035113828,125.79,0,0,0
2009-05-29 00:00:00,64.98,0.023512177,109.24,0,0,0
2009-06-01 00:00:00,66.6,0.024625047,85.28,0,0,0
2009-06-02 00:00:00,67.67,0.015938373,109.9,0,0,0
2009-06-03 00:00:00,66.15,-0.02271806,82.01,0,0,0
2009-06-04 00:00:00,67.68,0.022865825,75.99,0,0,0
2009-06-05 00:00:00,67.77,0.001328904,108.34,0,0,0
2009-06-08 00:00:00,67.61,-0.002363718,93.43,0,0,0
2009-06-09 00:00:00,68.94,0.01948066,74.05,0,0,0
2009-06-10 00:00:00,70.52,0.022659796,58.66,0,0,0
2009-06-11 00:00:00,71.71,0.01673385,104.06,0,0,0
2009-06-12 00:00:00,70.62,-0.015316817,82.28,0,0,0
2009-06-15 00:00:00,68.49,-0.030625641,113.18,0,0,0
2009-06-16 00:00:00,70.52,0.029208608,117.29,0,0,0
2009-06-17 00:00:00,68.95,-0.022514753,67.82,0,0,0
2009-06-18 00:00:00,69.96,0.014542046,125.4,0,0,0
2009-06-19 00:00:00,70.48,0.007405331,87.34,0,0,0
2009-06-22 00:00:00,66.13,-0.06370648,72.85,0,0,0
2009-06-23 00:00:00,66.36,0.003471964,68.85,0,0,0
2009-06-24 00:00:00,68.47,0.031301228,64.43,0,0,0
2009-06-25 00:00:00,68.82,0.005098707,75.05,0,0,0
2009-06-26 00:00:00,68.1,-0.010517187,62.11,0,0,0
2009-06-29 00:00:00,69.75,0.023940208,63.61,0,0,0
2009-06-30 00:00:00,68.11,-0.023793375,115.36,0,0,0
2009-07-01 00:00:00,68.52,0.006001628,78.3,0,0,0
2009-07-02 00:00:00,65.74,-0.041418105,59.01,0,0,0
2009-07-06 00:00:00,63.12,-0.040669892,113.21,0,0,0
2009-07-07 00:00:00,61.54,-0.025350307,111.88,0,0,0
2009-07-08 00:00:00,59.71,-0.030187859,82.52,0,0,0
2009-07-09 00:00:00,59.17,-0.009084854,92.71,0,0,0
2009-07-10 00:00:00,58.43,-0.0125852,75.68,0,0,0
2009-07-13 00:00:00,58.25,-0.003085364,86.54,0,0,0
2009-07-14 00:00:00,60.48,0.037568639,79.37,0,0,0
2009-07-15 00:00:00,61.25,0.012651118,65.94,0,0,0
2009-07-16 00:00:00,62.02,0.012493064,48.22,0,0,0
2009-07-17 00:00:00,63.54,0.024212715,102.6,0,0,0
2009-07-20 00:00:00,64.64,0.017163785,66.44,0,0,0
2009-07-21 00:00:00,65.93,0.019760159,66.33,0,0,0
2009-07-22 00:00:00,65.36,-0.008683123,76.01,0,0,0
2009-07-23 00:00:00,68.06,0.040479219,92.53,0,0,0
2009-07-24 00:00:00,68.82,0.011104731,139.67,0,0,0
2009-07-27 00:00:00,69.78,0.013853035,84.1,0,0,0
2009-07-28 00:00:00,68.53,-0.01807583,112.64,0,0,0
2009-07-29 00:00:00,65.79,-0.040803754,106.98,0,0,0
2009-07-30 00:00:00,68.82,0.045026549,66.4,0,0,0
2009-07-31 00:00:00,70.08,0.018143046,62.29,0,0,0
2009-08-03 00:00:00,72.9,0.039451192,108.13,0,0,0
2009-08-04 00:00:00,73.82,0.012541059,90.17,0,0,0
2009-08-05 00:00:00,74.39,0.007691827,91.1,0,0,0
2009-08-06 00:00:00,74.61,0.002953022,71.85,0,0,0
2009-08-07 00:00:00,74.21,-0.005375635,116.16,0,0,0
2009-08-10 00:00:00,73.79,-0.005675691,62.05,0,0,0
2009-08-11 00:00:00,71.58,-0.030407516,70.11,0,0,0
2009-08-12 00:00:00,74.03,0.033654711,92.35,0,0,0
2009-08-13 00:00:00,73.76,-0.003653837,38.16,0,0,0
2009-08-14 00:00:00,71.33,-0.033499583,60.02,0,0,0
2009-08-17 00:00:00,68.65,-0.038295864,103.52,0,0,0
2009-08-18 00:00:00,68.66,0.000145656,60.94,0,0,0
2009-08-19 00:00:00,72.81,0.05868652,114.65,0,0,0
2009-08-20 00:00:00,73.75,0.012827687,89.53,0,0,0
2009-08-21 00:00:00,73.71,-0.00054252,55.03,0,0,0
2009-08-24 00:00:00,74.34,0.00851069,85.67,0,0,0
2009-08-25 00:00:00,73.1,-0.016820798,80.04,0,0,0
2009-08-26 00:00:00,70.74,-0.032817183,84.01,0,0,0
2009-08-27 00:00:00,70.68,-0.000848536,37.69,0,0,0
2009-08-28 00:00:00,72.8,0.029553308,75.45,0,0,0
2009-08-31 00:00:00,69.02,-0.053319638,65.05,0,0,0
2009-09-01 00:00:00,68.78,-0.003483313,54.72,0,0,0
2009-09-02 00:00:00,67.6,-0.017305022,72.63,0,0,0
2009-09-03 00:00:00,66.78,-0.012204349,51.19,0,0,0
2009-09-04 00:00:00,65.84,-0.014176078,89.63,0,0,0
2009-09-08 00:00:00,69.2,0.049773306,86.38,0,0,0
2009-09-09 00:00:00,69.76,0.008059917,58.96,0,0,0
2009-09-10 00:00:00,68.96,-0.011534153,92.47,0,0,0
2009-09-11 00:00:00,68.76,-0.002904446,79.12,0,0,0
2009-09-14 00:00:00,66.91,-0.027273748,71.05,0,0,0
2009-09-15 00:00:00,66.53,-0.005695459,91.68,0,0,0
2009-09-16 00:00:00,68.51,0.029326746,83.45,0,0,0
2009-09-17 00:00:00,71.56,0.043556539,63.38,0,0,0
2009-09-18 00:00:00,70.72,-0.01180784,173.58,0,0,0
2009-09-21 00:00:00,68.11,-0.037604373,86.94,0,0,0
2009-09-22 00:00:00,69.65,0.022358655,117.71,0,0,0
2009-09-23 00:00:00,67.43,-0.032392677,65.02,0,0,0
2009-09-24 00:00:00,64.99,-0.036856611,98.93,0,0,0
2009-09-25 00:00:00,64.6,-0.006019001,136.71,0,0,0
2009-09-28 00:00:00,65.43,0.012766458,129.9,0,0,0
2009-09-29 00:00:00,64.63,-0.01230217,129.52,0,0,0
2009-09-30 00:00:00,65.82,0.018245044,156.01,0,0,0
2009-10-01 00:00:00,67.12,0.019558319,132.37,0,0,0
2009-10-02 00:00:00,66.5,-0.009280114,106.43,0,0,0
2009-10-05 00:00:00,65.26,-0.018822656,116.67,0,0,0
2009-10-06 00:00:00,68.51,0.048600429,102.17,0,0,0
2009-10-07 00:00:00,67.65,-0.012632365,87.75,0,0,0
2009-10-08 00:00:00,68.47,0.012048339,89.53,0,0,0
2009-10-09 00:00:00,69.45,0.014211376,71.35,0,0,0
2009-10-12 00:00:00,70.75,0.018545467,88.93,0,0,0
2009-10-13 00:00:00,70.81,0.000847697,93.31,0,0,0
2009-10-14 00:00:00,72.16,0.018885642,102.1,0,0,0
2009-10-15 00:00:00,73.14,0.013489537,58.44,0,0,0
2009-10-16 00:00:00,74.58,0.019496962,105.38,0,0,0
2009-10-19 00:00:00,75.86,0.017017162,118.15,0,0,0
2009-10-20 00:00:00,76.51,0.008531915,81.17,0,0,0
2009-10-21 00:00:00,77.74,0.015948474,94.54,0,0,0
2009-10-22 00:00:00,78.36,0.007943668,96.92,0,0,0
2009-10-23 00:00:00,77.72,-0.008200969,94.93,0,0,0
2009-10-26 00:00:00,76.45,-0.016475692,82.2,0,0,0
2009-10-27 00:00:00,76.69,0.003134389,89.09,0,0,0
2009-10-28 00:00:00,75.11,-0.020817616,115.82,0,0,0
2009-10-29 00:00:00,77.18,0.02718665,69.81,0,0,0
2009-10-30 00:00:00,74.91,-0.029852963,79.12,0,0,0
2009-11-02 00:00:00,75.56,0.00863965,66.92,0,0,0
2009-11-03 00:00:00,75.68,0.001586882,122.69,0,0,0
2009-11-04 00:00:00,78.21,0.032883592,77.38,0,0,0
2009-11-05 00:00:00,78.02,-0.002432313,66.19,0,0,0
2009-11-06 00:00:00,75.51,-0.032700106,82.24,0,0,0
2009-11-09 00:00:00,77.18,0.021875258,95.39,0,0,0
2009-11-10 00:00:00,77.07,-0.001426256,93.14,0,0,0
2009-11-11 00:00:00,76.99,-0.001038556,112.04,0,0,0
2009-11-12 00:00:00,75.18,-0.023790305,68.02,0,0,0
2009-11-13 00:00:00,74.81,-0.004933672,90.14,0,0,0
2009-11-16 00:00:00,77.14,0.030670387,84.18,0,0,0
2009-11-17 00:00:00,77.36,0.002847898,111.31,0,0,0
2009-11-18 00:00:00,78.64,0.016410625,56.93,0,0,0
2009-11-19 00:00:00,76.45,-0.028243543,94.15,0,0,0
2009-11-20 00:00:00,75.61,-0.011048383,80.54,0,0,0
2009-11-23 00:00:00,78.14,0.03291354,101.72,0,0,0
2009-11-24 00:00:00,75.35,-0.036358165,96.84,0,0,0
2009-11-25 00:00:00,76.57,0.01606143,100.73,0,0,0
2009-11-27 00:00:00,76,-0.007472015,75.2,0,0,0
2009-11-30 00:00:00,77.77,0.023022412,119.09,0,0,0
2009-12-01 00:00:00,78.68,0.011633241,91.03,0,0,0
2009-12-02 00:00:00,76.96,-0.022103187,133.8,0,0,0
2009-12-03 00:00:00,77.76,0.010341354,117.08,0,0,0
2009-12-04 00:00:00,77.74,-0.000257235,91.11,0,0,0
2009-12-07 00:00:00,76.18,-0.020270964,101.24,0,0,0
2009-12-08 00:00:00,74.93,-0.016544617,98.88,0,0,0
2009-12-09 00:00:00,73.63,-0.017501793,68.26,0,0,0
2009-12-10 00:00:00,70.91,-0.037641084,58.98,0,0,0
2009-12-11 00:00:00,70.07,-0.011916725,75.66,0,0,0
2009-12-14 00:00:00,71.19,0.015857617,90.81,0,0,0
2009-12-15 00:00:00,71.33,0.001964637,87.88,0,0,0
2009-12-16 00:00:00,73.34,0.027789166,104.3,0,0,0
2009-12-17 00:00:00,71.28,-0.028490379,54.54,0,0,0
2009-12-18 00:00:00,71.87,0.008243148,70.64,0,0,0
2009-12-21 00:00:00,72.74,0.012032508,69.63,0,0,0
2009-12-22 00:00:00,71.64,-0.015237862,46.92,0,0,0
2009-12-23 00:00:00,73.87,0.030653214,64.23,0,0,0
2009-12-24 00:00:00,75.15,0.017179325,90.21,0,0,0
2009-12-28 00:00:00,76.59,0.018980404,176.14,0,0,0
2009-12-29 00:00:00,76.65,0.000783085,204.68,0,0,0
2009-12-30 00:00:00,77.62,0.012575521,169.01,0,0,0
2009-12-31 00:00:00,77.91,0.003729188,115.3,0,0,0
2010-01-04 00:00:00,79.05,0.014526249,177.12,0,0,0
2010-01-05 00:00:00,79.27,0.002779183,122.53,0,0,0
2010-01-06 00:00:00,80.14,0.010915358,161.59,0,0,0
2010-01-07 00:00:00,80.57,0.005351267,102.26,0,0,0
2010-01-08 00:00:00,80.06,-0.006350018,110.3,0,0,0
2010-01-11 00:00:00,80.14,0.000998752,71.19,0,0,0
2010-01-12 00:00:00,79.38,-0.009528658,117.87,0,0,0
2010-01-13 00:00:00,77.57,-0.023065693,121.89,0,0,0
2010-01-14 00:00:00,77.61,0.00051553,82.37,0,0,0
2010-01-15 00:00:00,76.85,-0.009840815,80.62,0,0,0
2010-01-19 00:00:00,75.18,-0.021970232,96.38,0,0,0
2010-01-20 00:00:00,75.09,-0.001197844,84.68,0,0,0
2010-01-21 00:00:00,74.13,-0.012867085,91.92,0,0,0
2010-01-22 00:00:00,72.73,-0.019066355,50.39,0,0,0
2010-01-25 00:00:00,72.18,-0.007590955,119.78,0,0,0
2010-01-26 00:00:00,72.63,0.00621506,90.71,0,0,0
2010-01-27 00:00:00,72.75,0.001650846,65.02,0,0,0
2010-01-28 00:00:00,70.65,-0.029290797,114.45,0,0,0
2010-01-29 00:00:00,71.2,0.007754709,63.52,0,0,0
2010-02-01 00:00:00,71.58,0.005322887,143.84,0,0,0
2010-02-02 00:00:00,73.94,0.032438248,96.02,0,0,0
2010-02-03 00:00:00,75.77,0.024448482,113.4,0,0,0
2010-02-04 00:00:00,71.3,-0.060806109,129.4,0,0,0
2010-02-05 00:00:00,70.11,-0.01683089,92.11,0,0,0
2010-02-08 00:00:00,69.62,-0.007013555,78.18,0,0,0
2010-02-09 00:00:00,70.4,0.011141381,67.68,0,0,0
2010-02-10 00:00:00,70.4,0,108.09,0,0,0
2010-02-11 00:00:00,72.35,0.02732219,96.86,0,0,0
2010-02-12 00:00:00,71.49,-0.011957873,77.26,0,0,0
2010-02-16 00:00:00,74.82,0.045527649,128.97,0,0,0
2010-02-17 00:00:00,76.26999664,0.019194403,75.89,0,0,0
2010-02-18 00:00:00,77.77999878,0.019604681,62.95,0,0,0
2010-02-19 00:00:00,78.19000244,0.00525748,119.77,0,0,0
2010-02-22 00:00:00,78.61000061,0.005357132,61.92,0,0,0
2010-02-23 00:00:00,77.25,-0.01745201,86.13,0,0,0
2010-02-24 00:00:00,78.08999634,0.010815045,88.99,0,0,0
2010-02-25 00:00:00,76.29000092,-0.023320081,60.93,0,0,0
2010-02-26 00:00:00,77.58999634,0.016896626,80.64,0,0,0
2010-03-01 00:00:00,76.88999939,-0.009062685,62.06,0,0,0
2010-03-02 00:00:00,78.18000031,0.016638043,78.96,0,0,0
2010-03-03 00:00:00,79.25,0.013593548,63.7,0,0,0
2010-03-04 00:00:00,78.54000092,-0.008999352,81.27,0,0,0
2010-03-05 00:00:00,79.88999939,0.01704262,86.04,0,0,0
2010-03-08 00:00:00,80.47000122,0.007233778,126.49,0,0,0
2010-03-09 00:00:00,79.91000366,-0.006983412,88.63,0,0,0
2010-03-10 00:00:00,80.48000336,0.007107701,85.76,0,0,0
2010-03-11 00:00:00,80.27999878,-0.002488239,93.18,0,0,0
2010-03-12 00:00:00,79.38999939,-0.011148101,85.51,0,0,0
2010-03-15 00:00:00,77.88999939,-0.019074841,105.72,0,0,0
2010-03-16 00:00:00,79.01999664,0.014403375,59.62,0,0,0
2010-03-17 00:00:00,81.95999908,0.03653037,76.36,0,0,0
2010-03-18 00:00:00,81.48000336,-0.00587368,85.36,0,0,0
2010-03-19 00:00:00,79.87999725,-0.019832158,81.1,0,0,0
2010-03-22 00:00:00,80.54000092,0.008228493,59.76,0,0,0
2010-03-23 00:00:00,80.69999695,0.001984571,81.17,0,0,0
2010-03-24 00:00:00,79.62000275,-0.013473185,62.23,0,0,0
2010-03-25 00:00:00,79.61000061,-0.000125631,53.73,0,0,0
2010-03-26 00:00:00,79.29000092,-0.004027692,59.15,0,0,0
2010-03-29 00:00:00,81.16999817,0.023433669,60.89,0,0,0
2010-03-30 00:00:00,81.27999878,0.001354271,137.88,0,0,0
2010-03-31 00:00:00,82.69999695,0.017319596,66.39,0,0,0
2010-04-01 00:00:00,84.01000214,0.0157163,91.47,0,0,0
2010-04-05 00:00:00,85.87999725,0.022015076,91.55,0,0,0
2010-04-06 00:00:00,86.15000153,0.00313904,112.22,0,0,0
2010-04-07 00:00:00,85.58999634,-0.00652157,138.17,0,0,0
2010-04-08 00:00:00,84.80999756,-0.00915498,139.44,0,0,0
2010-04-09 00:00:00,84.83000183,0.000235844,164.31,0,0,0
2010-04-12 00:00:00,84.76999664,-0.000707608,121.04,0,0,0
2010-04-13 00:00:00,84.72000122,-0.000589951,132.79,0,0,0
2010-04-14 00:00:00,86.15000153,0.016738265,97.33,0,0,0
2010-04-15 00:00:00,87.16999817,0.011770233,115.78,0,0,0
2010-04-16 00:00:00,85.98999786,-0.013629228,67.54,0,0,0
2010-04-19 00:00:00,84.23000336,-0.020679793,110.56,0,0,0
2010-04-20 00:00:00,84.80000305,0.006744387,123.8,0,0,0
2010-04-21 00:00:00,85.69999695,0.010557211,59.81,0,0,0
2010-04-22 00:00:00,85.66999817,-0.000350105,58.78,0,0,0
2010-04-23 00:00:00,87.25,0.018274876,84.6,0,0,0
2010-04-26 00:00:00,86.83000183,-0.004825356,72.1,0,0,0
2010-04-27 00:00:00,85.77999878,-0.01216634,69.49,0,0,0
2010-04-28 00:00:00,86.16000366,0.00442021,43.92,0,0,0
2010-04-29 00:00:00,86.90000153,0.008551974,62.75,0,0,0
2010-04-30 00:00:00,87.44000244,0.006194822,42.74,0,0,0
2010-05-03 00:00:00,88.94000244,0.017009141,147.41,0,0,0
2010-05-04 00:00:00,88.94000244,0,129.46,0,0,0
2010-05-05 00:00:00,82.61000061,-0.073831267,84.4,0,0,0
2010-05-06 00:00:00,79.83000183,-0.034231349,69.15,0,0,0
2010-05-07 00:00:00,78.26999664,-0.019735052,76.71,0,0,0
2010-05-10 00:00:00,80.12000275,0.0233612,76.66,0,0,0
2010-05-11 00:00:00,80.48999786,0.004607381,91.07,0,0,0
2010-05-12 00:00:00,81.19999695,0.008782283,46.61,0,0,0
2010-05-13 00:00:00,80.11000061,-0.013514512,53.54,0,0,0
2010-05-14 00:00:00,77.18000031,-0.037260338,100.95,0,0,0
2010-05-17 00:00:00,75.09999847,-0.027319822,125.48,0,0,0
2010-05-18 00:00:00,74.43000031,-0.008961448,135.35,0,0,0
2010-05-19 00:00:00,73.69000244,-0.009991953,157.28,0,0,0
2010-05-20 00:00:00,71.83999634,-0.025425765,114.79,0,0,0
2010-05-21 00:00:00,71.68000031,-0.0022296,132.24,0,0,0
2010-05-24 00:00:00,71.16999817,-0.007140417,95.59,0,0,0
2010-05-25 00:00:00,69.55000305,-0.023025393,99.93,0,0,0
2010-05-26 00:00:00,71.73999786,0.03100248,110.54,0,0,0
2010-05-27 00:00:00,74.66000366,0.03989608,81.88,0,0,0
2010-05-28 00:00:00,74.01999664,-0.008609241,90.23,0,0,0
2010-06-01 00:00:00,72.70999908,-0.017856368,165.63,0,0,0
2010-06-02 00:00:00,73.75,0.014202081,181.89,0,0,0
2010-06-03 00:00:00,75.41000366,0.022258946,131.32,0,0,0
2010-06-04 00:00:00,72.08999634,-0.045024653,97.81,0,0,0
2010-06-07 00:00:00,72.08999634,0,150.21,0,0,0
2010-06-08 00:00:00,72.08999634,0,117.36,0,0,0
2010-06-09 00:00:00,72.08999634,0,73.69,0,0,0
2010-06-10 00:00:00,75.29000092,0.043432048,147.08,0,0,0
2010-06-11 00:00:00,74.34999847,-0.012563684,100.94,0,0,0
2010-06-14 00:00:00,75.19999695,0.011367538,90.92,0,0,0
2010-06-15 00:00:00,76.19999695,0.013210232,103.3,0,0,0
2010-06-16 00:00:00,78.13999939,0.025140659,88.88,0,0,0
2010-06-17 00:00:00,78.68000031,0.006886916,89.18,0,0,0
2010-06-18 00:00:00,78.22000122,-0.005863612,119.01,0,0,0
2010-06-21 00:00:00,78.81999969,0.007641383,89.53,0,0,0
2010-06-22 00:00:00,78.04000092,-0.00994524,131.23,0,0,0
2010-06-23 00:00:00,76.26999664,-0.022941895,82.58,0,0,0
2010-06-24 00:00:00,76.47000122,0.002618891,89.27,0,0,0
2010-06-25 00:00:00,78.12000275,0.021347618,59.79,0,0,0
2010-06-28 00:00:00,77.58999634,-0.006807635,77.7,0,0,0
2010-06-29 00:00:00,75.44000244,-0.028100835,113.4,0,0,0
2010-06-30 00:00:00,75.01000214,-0.005716204,96.42,0,0,0
2010-07-01 00:00:00,72.33999634,-0.036244291,94.26,0,0,0
2010-07-02 00:00:00,71.65000153,-0.009584,64.03,0,0,0
2010-07-06 00:00:00,71.44999695,-0.002795314,111.21,0,0,0
2010-07-07 00:00:00,73.51000214,0.028423619,93.79,0,0,0
2010-07-08 00:00:00,74.70999908,0.016192459,140.07,0,0,0
2010-07-09 00:00:00,75.41999817,0.009458528,66.58,0,0,0
2010-07-12 00:00:00,74.37000275,-0.014019796,28.98,0,0,0
2010-07-13 00:00:00,76.65000153,0.030196954,140.02,0,0,0
2010-07-14 00:00:00,76.76999664,0.00156427,158.44,0,0,0
2010-07-15 00:00:00,76.76999664,0,124,0,0,0
2010-07-16 00:00:00,75.37000275,-0.018404541,45.87,0,0,0
2010-07-19 00:00:00,75.62000275,0.00331148,71.65,0,0,0
2010-07-20 00:00:00,76.22000122,0.007903077,88.59,0,0,0
2010-07-21 00:00:00,75.37000275,-0.011214557,99.63,0,0,0
2010-07-22 00:00:00,77.81999969,0.031989109,65.89,0,0,0
2010-07-23 00:00:00,77.44999695,-0.004765936,73.76,0,0,0
2010-07-26 00:00:00,77.5,0.000645409,132.67,0,0,0
2010-07-27 00:00:00,76.12999725,-0.017835567,99.45,0,0,0
2010-07-28 00:00:00,76.05999756,-0.000919899,103.4,0,0,0
2010-07-29 00:00:00,77.58999634,0.019916035,65.02,0,0,0
2010-07-30 00:00:00,78.18000031,0.007575359,74.98,0,0,0
2010-08-02 00:00:00,80.81999969,0.033210592,117.84,0,0,0
2010-08-03 00:00:00,82.68000031,0.022753283,112.56,0,0,0
2010-08-04 00:00:00,82.19999695,-0.005822474,99.57,0,0,0
2010-08-05 00:00:00,81.61000061,-0.007203454,85.46,0,0,0
2010-08-06 00:00:00,80.16000366,-0.017927128,64.69,0,0,0
2010-08-09 00:00:00,80.98999786,0.010300981,48.01,0,0,0
2010-08-10 00:00:00,79.59999847,-0.01731159,77.13,0,0,0
2010-08-11 00:00:00,77.63999939,-0.024931323,69.17,0,0,0
2010-08-12 00:00:00,75.51999664,-0.027685273,83.67,0,0,0
2010-08-13 00:00:00,75.11000061,-0.005443764,54.13,0,0,0
2010-08-16 00:00:00,74.84999847,-0.003467623,66.97,0,0,0
2010-08-17 00:00:00,76.93000031,0.027409831,83.65,0,0,0
2010-08-18 00:00:00,76.47000122,-0.005997398,108.86,0,0,0
2010-08-19 00:00:00,75.30000305,-0.015418348,96.27,0,0,0
2010-08-20 00:00:00,74.26000214,-0.013907698,57.42,0,0,0
2010-08-23 00:00:00,73.62000275,-0.008655712,76.51,0,0,0
2010-08-24 00:00:00,72.37999725,-0.016986785,105.29,0,0,0
2010-08-25 00:00:00,73.48000336,0.015083326,97.32,0,0,0
2010-08-26 00:00:00,75.01999664,0.020741394,83.96,0,0,0
2010-08-27 00:00:00,76.65000153,0.021494925,95.15,0,0,0
2010-08-30 00:00:00,76.59999847,-0.000652568,97.04,0,0,0
2010-08-31 00:00:00,74.63999939,-0.025920508,123.16,0,0,0
2010-09-01 00:00:00,76.34999847,0.022651463,94.75,0,0,0
2010-09-02 00:00:00,76.93000031,0.00756791,60.68,0,0,0
2010-09-03 00:00:00,76.66999817,-0.003385448,81.19,0,0,0
2010-09-07 00:00:00,77.73999786,0.013859424,113.96,0,0,0
2010-09-08 00:00:00,78.16999817,0.005516021,87.17,0,0,0
2010-09-09 00:00:00,77.47000122,-0.008995138,45.96,0,0,0
2010-09-10 00:00:00,78.16000366,0.008867274,86.67,0,0,0
2010-09-13 00:00:00,79.02999878,0.011069457,71.6,0,0,0
2010-09-14 00:00:00,79.16000366,0.001643655,80.2,0,0,0
2010-09-15 00:00:00,78.91000366,-0.003163158,63.13,0,0,0
2010-09-16 00:00:00,78.48000336,-0.005464151,61.4,0,0,0
2010-09-17 00:00:00,78.20999908,-0.003446353,89.34,0,0,0
2010-09-20 00:00:00,79.31999969,0.014092795,70.04,0,0,0
2010-09-21 00:00:00,78.41999817,-0.011411326,100.87,0,0,0
2010-09-22 00:00:00,77.94999695,-0.006011417,67.37,0,0,0
2010-09-23 00:00:00,78.11000061,0.002050541,80.06,0,0,0
2010-09-24 00:00:00,78.87000275,0.009682865,91.23,0,0,0
2010-09-27 00:00:00,78.56999969,-0.003811019,95.33,0,0,0
2010-09-28 00:00:00,78.70999908,0.001780257,89.33,0,0,0
2010-09-29 00:00:00,80.76999664,0.025835367,82.9,0,0,0
2010-09-30 00:00:00,82.30999756,0.018887009,69.41,0,0,0
2010-10-01 00:00:00,83.75,0.017343593,80.87,0,0,0
2010-10-04 00:00:00,83.27999878,-0.005627761,75.47,0,0,0
2010-10-05 00:00:00,84.83999634,0.018558677,111.26,0,0,0
2010-10-06 00:00:00,85.05999756,0.002589775,98.46,0,0,0
2010-10-07 00:00:00,83.43000031,-0.019348901,104.36,0,0,0
2010-10-08 00:00:00,84.02999878,0.007165903,67.21,0,0,0
2010-10-11 00:00:00,83.72000122,-0.003695951,70.22,0,0,0
2010-10-12 00:00:00,83.5,-0.00263128,64.53,0,0,0
2010-10-13 00:00:00,84.63999939,0.013560329,52.52,0,0,0
2010-10-14 00:00:00,84.52999878,-0.001300474,77.56,0,0,0
2010-10-15 00:00:00,82.44999695,-0.024914475,71.88,0,0,0
2010-10-18 00:00:00,84.37000275,0.023019909,30.71,0,0,0
2010-10-19 00:00:00,81.09999847,-0.039528978,83.69,0,0,0
2010-10-20 00:00:00,83.59999847,0.03036056,69.56,0,0,0
2010-10-21 00:00:00,81.83000183,-0.021399555,43.1,0,0,0
2010-10-22 00:00:00,82.95999908,0.013714606,65.01,0,0,0
2010-10-25 00:00:00,83.54000092,0.006967017,50.78,0,0,0
2010-10-26 00:00:00,83.66000366,0.00143544,44.56,0,0,0
2010-10-27 00:00:00,83.23000336,-0.00515311,85.61,0,0,0
2010-10-28 00:00:00,83.58999634,0.004315952,55.87,0,0,0
2010-10-29 00:00:00,83.15000153,-0.005277628,78.2,0,0,0
2010-11-01 00:00:00,84.62000275,0.017524454,130.51,0,0,0
2010-11-02 00:00:00,85.41000366,0.009292555,130.62,0,0,0
2010-11-03 00:00:00,86.37999725,0.011292903,81.79,0,0,0
2010-11-04 00:00:00,88,0.018580679,79.74,0,0,0
2010-11-05 00:00:00,88.11000061,0.001249226,54.94,0,0,0
2010-11-08 00:00:00,88.45999908,0.003964421,92.57,0,0,0
2010-11-09 00:00:00,88.33000183,-0.001470641,131.48,0,0,0
2010-11-10 00:00:00,88.95999908,0.007106999,79.36,0,0,0
2010-11-11 00:00:00,88.80999756,-0.001687591,87.63,0,0,0
2010-11-12 00:00:00,86.33999634,-0.028206281,75.51,0,0,0
2010-11-15 00:00:00,86.69999695,0.004160901,120.95,0,0,0
2010-11-16 00:00:00,84.73000336,-0.022984079,121.23,0,0,0
2010-11-17 00:00:00,83.27999878,-0.01726136,77.66,0,0,0
2010-11-18 00:00:00,85.05000305,0.021030945,73.97,0,0,0
2010-11-19 00:00:00,84.33999634,-0.00838315,103.71,0,0,0
2010-11-22 00:00:00,83.95999908,-0.004515721,113.15,0,0,0
2010-11-23 00:00:00,83.25,-0.008492355,77.38,0,0,0
2010-11-24 00:00:00,85.83999634,0.030636927,166.79,0,0,0
2010-11-26 00:00:00,85.58000183,-0.003033423,56.32,0,0,0
2010-11-29 00:00:00,87.33999634,0.020356874,159.03,0,0,0
2010-11-30 00:00:00,85.91999817,-0.016391897,183.41,0,0,0
2010-12-01 00:00:00,88.87000275,0.033758049,94.05,0,0,0
2010-12-02 00:00:00,90.69000244,0.020272466,100.18,0,0,0
2010-12-03 00:00:00,91.41999817,0.008017128,86.44,0,0,0
2010-12-06 00:00:00,91.44999695,0.000328089,110.68,0,0,0
2010-12-07 00:00:00,91.38999939,-0.000656285,127.92,0,0,0
2010-12-08 00:00:00,90.76999664,-0.006807259,67.68,0,0,0
2010-12-09 00:00:00,90.98999786,0.002420789,88.63,0,0,0
2010-12-10 00:00:00,90.48000336,-0.005620718,61.22,0,0,0
2010-12-13 00:00:00,91.19000244,0.0078164,72.63,0,0,0
2010-12-14 00:00:00,91.20999908,0.000219261,67.45,0,0,0
2010-12-15 00:00:00,92.19999695,0.010795567,72.64,0,0,0
2010-12-16 00:00:00,91.70999908,-0.005328683,136.46,0,0,0
2010-12-17 00:00:00,91.66999817,-0.000436263,107.16,0,0,0
2010-12-20 00:00:00,92.73999786,0.011604704,128.26,0,0,0
2010-12-21 00:00:00,93.19999695,0.004947833,156.81,0,0,0
2010-12-22 00:00:00,93.65000153,0.004816756,163.83,0,0,0
2010-12-23 00:00:00,94.25,0.006386381,124.69,0,0,0
2010-12-27 00:00:00,93.84999847,-0.00425308,87.48,0,0,0
2010-12-28 00:00:00,94.37999725,0.00563141,134.57,0,0,0
2010-12-29 00:00:00,94.13999939,-0.002546128,53.04,0,0,0
2010-12-30 00:00:00,93.08999634,-0.011216302,161.36,0,0,0
2010-12-31 00:00:00,94.75,0.017675116,45.38,0,0,0
2011-01-03 00:00:00,94.83999634,0.000949379,74.2,0,0,0
2011-01-04 00:00:00,93.52999878,-0.013908995,119.25,0,0,0
2011-01-05 00:00:00,95.5,0.02084402,44.56,0,0,0
2011-01-06 00:00:00,94.51999664,-0.010314831,74.08,0,0,0
2011-01-07 00:00:00,93.33000183,-0.012669798,74.59,0,0,0
2011-01-10 00:00:00,95.69999695,0.025076647,96.13,0,0,0
2011-01-11 00:00:00,97.61000061,0.019761687,89.33,0,0,0
2011-01-12 00:00:00,98.12000275,0.005211294,74.32,0,0,0
2011-01-13 00:00:00,98.05999756,-0.000611736,61.53,0,0,0
2011-01-14 00:00:00,98.05999756,0,66.92,0,0,0
2011-01-18 00:00:00,97.80000305,-0.002654903,56.98,0,0,0
2011-01-19 00:00:00,98.16000366,0.003674229,62.64,0,0,0
2011-01-20 00:00:00,96.58000183,-0.016227138,59.09,0,0,0
2011-01-21 00:00:00,97.59999847,0.010505778,88.97,0,0,0
2011-01-24 00:00:00,96.61000061,-0.010195216,107,0,0,0
2011-01-25 00:00:00,95.25,-0.014177248,204.2,0,0,0
2011-01-26 00:00:00,97.91000366,0.027543713,113.75,0,0,0
2011-01-27 00:00:00,97.38999939,-0.005325197,68.67,0,0,0
2011-01-28 00:00:00,99.41999817,0.020629753,69.63,0,0,0
2011-01-31 00:00:00,101.0100021,0.015866261,89.42,0,0,0
2011-02-01 00:00:00,101.7399979,0.007200975,118.03,0,0,0
2011-02-02 00:00:00,102.3399963,0.005880049,98.83,0,0,0
2011-02-03 00:00:00,101.7600021,-0.005683447,113.28,0,0,0
2011-02-04 00:00:00,99.83000183,-0.019148363,94.64,0,0,0
2011-02-07 00:00:00,99.25,-0.005826838,59.58,0,0,0
2011-02-08 00:00:00,99.91999817,0.006727928,56.59,0,0,0
2011-02-09 00:00:00,101.8199997,0.018836698,86.58,0,0,0
2011-02-10 00:00:00,100.8700027,-0.009373959,104.04,0,0,0
2011-02-11 00:00:00,101.4300003,0.005536322,97.63,0,0,0
2011-02-14 00:00:00,103.0800018,0.016136495,76.57,0,0,0
2011-02-15 00:00:00,101.6399994,-0.014068251,55.58,0,0,0
2011-02-16 00:00:00,103.7799988,0.02083611,62.23,0,0,0
2011-02-17 00:00:00,102.5899963,-0.011532836,88.43,0,0,0
2011-02-18 00:00:00,102.5199966,-0.000682558,66.45,0,0,0
2011-02-22 00:00:00,105.7799988,0.031303585,163.83,0,0,0
2011-02-23 00:00:00,111.25,0.050418467,73.45,0,0,0
2011-02-24 00:00:00,111.3600006,0.000988281,144.02,0,0,0
2011-02-25 00:00:00,112.1399994,0.006979883,137.74,0,0,0
2011-02-28 00:00:00,111.8000031,-0.003036497,107.26,0,0,0
2011-03-01 00:00:00,115.4199982,0.031866045,178.96,0,0,0
2011-03-02 00:00:00,116.3499985,0.008025243,127,0,0,0
2011-03-03 00:00:00,114.7900009,-0.013498497,154.95,0,0,0
2011-03-04 00:00:00,115.9700012,0.010227167,119.61,0,0,0
2011-03-07 00:00:00,115.0400009,-0.008051646,138.72,0,0,0
2011-03-08 00:00:00,113.0599976,-0.017361272,166.01,0,0,0
2011-03-09 00:00:00,115.9400024,0.025154207,199.47,0,0,0
2011-03-10 00:00:00,115.4300003,-0.004408549,136.31,0,0,0
2011-03-11 00:00:00,113.8399963,-0.013870367,136.77,0,0,0
2011-03-14 00:00:00,113.6699982,-0.001494424,87.98,0,0,0
2011-03-15 00:00:00,108.5199966,-0.046365041,141.81,0,0,0
2011-03-16 00:00:00,110.6200027,0.019166473,166.35,0,0,0
2011-03-17 00:00:00,114.9000015,0.037961269,116.23,0,0,0
2011-03-18 00:00:00,113.9300003,-0.008477971,147.8,0,0,0
2011-03-21 00:00:00,114.9599991,0.009000006,151.39,0,0,0
2011-03-22 00:00:00,115.6999969,0.006416374,192.93,0,0,0
2011-03-23 00:00:00,115.5500031,-0.001297245,231.28,0,0,0
2011-03-24 00:00:00,115.7200012,0.001470128,144.68,0,0,0
2011-03-25 00:00:00,115.5899963,-0.001124075,130.92,0,0,0
2011-03-28 00:00:00,114.8000031,-0.006857905,131.84,0,0,0
2011-03-29 00:00:00,114.8000031,0,196.35,0,0,0
2011-03-30 00:00:00,115.1299973,0.00287039,125.13,0,0,0
2011-03-31 00:00:00,117.3600006,0.019184238,126.23,0,0,0
2011-04-01 00:00:00,118.6999969,0.011353137,125.88,0,0,0
2011-04-04 00:00:00,121.0599976,0.019686994,71.93,0,0,0
2011-04-05 00:00:00,122.2200012,0.009536439,103.4,0,0,0
2011-04-06 00:00:00,122.3000031,0.000654358,130.39,0,0,0
2011-04-07 00:00:00,122.6699982,0.00302074,74.62,0,0,0
2011-04-08 00:00:00,126.6500015,0.03192958,84.77,0,0,0
2011-04-11 00:00:00,123.9800034,-0.021307099,98.69,0,0,0
2011-04-12 00:00:00,120.9199982,-0.024991135,88.34,0,0,0
2011-04-13 00:00:00,122.8799973,0.016079092,111.53,0,0,0
2011-04-14 00:00:00,122.3600006,-0.004240723,110.65,0,0,0
2011-04-15 00:00:00,123.4499969,0.008868667,86.82,0,0,0
2011-04-18 00:00:00,121.6100006,-0.015016983,86.95,0,0,0
2011-04-19 00:00:00,121.3300018,-0.002305087,96.63,0,0,0
2011-04-20 00:00:00,121.3300018,0,80.79,0,0,0
2011-04-21 00:00:00,123.9899979,0.021686779,117.59,0,0,0
2011-04-25 00:00:00,123.6600037,-0.002665006,78.18,0,0,0
2011-04-26 00:00:00,124.1399994,0.003874062,144.02,0,0,0
2011-04-27 00:00:00,125.1299973,0.007943219,124.73,0,0,0
2011-04-28 00:00:00,125.0199966,-0.000879477,110.53,0,0,0
2011-04-29 00:00:00,125.8899994,0.006934807,68.88,0,0,0
2011-05-02 00:00:00,125.1200027,-0.006135206,115.26,0,0,0
2011-05-03 00:00:00,122.4499969,-0.02157054,269.19,0,0,0
2011-05-04 00:00:00,121.1900024,-0.010343176,113.02,0,0,0
2011-05-05 00:00:00,110.8000031,-0.08963278,101.2,0,0,0
2011-05-06 00:00:00,109.1299973,-0.015186995,104.75,0,0,0
2011-05-09 00:00:00,115.9000015,0.060187957,126.04,0,0,0
2011-05-10 00:00:00,117.6299973,0.014816318,140.8,0,0,0
2011-05-11 00:00:00,112.5699997,-0.043968834,88.73,0,0,0
2011-05-12 00:00:00,112.9800034,0.003635594,80.96,0,0,0
2011-05-13 00:00:00,113.8300018,0.007495282,114.11,0,0,0
2011-05-16 00:00:00,112.7300034,-0.009710515,87.17,0,0,0
2011-05-17 00:00:00,109.9899979,-0.024606176,74.64,0,0,0
2011-05-18 00:00:00,112.3000031,0.020784456,85.32,0,0,0
2011-05-19 00:00:00,111.4199982,-0.007867061,150.25,0,0,0
2011-05-20 00:00:00,112.3899994,0.008668132,81.48,0,0,0
2011-05-23 00:00:00,110.0999985,-0.02058593,119.93,0,0,0
2011-05-24 00:00:00,112.5299988,0.021830812,134.66,0,0,0
2011-05-25 00:00:00,114.9300003,0.021103408,119.1,0,0,0
2011-05-26 00:00:00,115.0500031,0.001043593,103.63,0,0,0
2011-05-27 00:00:00,115.0299988,-0.00017389,94.45,0,0,0
2011-05-31 00:00:00,116.7300034,0.014670651,140.02,0,0,0
2011-06-01 00:00:00,114.5299988,-0.019026818,96.12,0,0,0
2011-06-02 00:00:00,115.5400009,0.008780012,86.35,0,0,0
2011-06-03 00:00:00,115.8399963,0.002593099,66.99,0,0,0
2011-06-06 00:00:00,114.4800034,-0.011809732,62.42,0,0,0
2011-06-07 00:00:00,116.7799988,0.019891648,106.62,0,0,0
2011-06-08 00:00:00,117.8499985,0.009120804,122.14,0,0,0
2011-06-09 00:00:00,119.5699997,0.014489355,101.33,0,0,0
2011-06-10 00:00:00,118.7799988,-0.006628939,90.62,0,0,0
2011-06-13 00:00:00,119.0999985,0.002690431,105.77,0,0,0
2011-06-14 00:00:00,120.1600037,0.008860755,43.33,0,0,0
2011-06-15 00:00:00,117.0999985,-0.025795961,81.84,0,0,0
2011-06-16 00:00:00,114.0199966,-0.026654415,115.52,0,0,0
2011-06-17 00:00:00,113.2099991,-0.007129349,77.91,0,0,0
2011-06-20 00:00:00,111.6900024,-0.013517295,74.16,0,0,0
2011-06-21 00:00:00,110.9499969,-0.006647577,79.23,0,0,0
2011-06-22 00:00:00,114.2099991,0.028959229,56.08,0,0,0
2011-06-23 00:00:00,107.2600021,-0.062783038,128.58,0,0,0
2011-06-24 00:00:00,105.1200027,-0.020153233,115.04,0,0,0
2011-06-27 00:00:00,105.9899979,0.008242149,108.47,0,0,0
2011-06-28 00:00:00,108.7799988,0.025982753,66.17,0,0,0
2011-06-29 00:00:00,112.4000015,0.032736468,81.52,0,0,0
2011-06-30 00:00:00,112.4800034,0.000711507,101.41,0,0,0
2011-07-01 00:00:00,111.7699966,-0.0063323,88.82,0,0,0
2011-07-05 00:00:00,111.7699966,0,83.86,0,0,0
2011-07-06 00:00:00,113.6200027,0.016416413,41.55,0,0,0
2011-07-07 00:00:00,118.5899963,0.042812564,93.26,0,0,0
2011-07-08 00:00:00,118.3300018,-0.002194788,65.36,0,0,0
2011-07-11 00:00:00,117.2399979,-0.009254249,84.94,0,0,0
2011-07-12 00:00:00,117.75,0.004340635,75.83,0,0,0
2011-07-13 00:00:00,117.75,0,92.95,0,0,0
2011-07-14 00:00:00,118.3199997,0.004829083,74.88,0,0,0
2011-07-15 00:00:00,117.2600021,-0.008999106,91.54,0,0,0
2011-07-18 00:00:00,116.0500031,-0.010372551,72.8,0,0,0
2011-07-19 00:00:00,116.0500031,0,126.49,0,0,0
2011-07-20 00:00:00,118.1500015,0.017933858,92.12,0,0,0
2011-07-21 00:00:00,117.5100021,-0.005431562,90.61,0,0,0
2011-07-22 00:00:00,118.6699982,0.009823062,62.44,0,0,0
2011-07-25 00:00:00,117.9400024,-0.006170475,83.92,0,0,0
2011-07-26 00:00:00,118.2799988,0.002878643,92.6,0,0,0
2011-07-27 00:00:00,117.4300003,-0.007212271,88.67,0,0,0
2011-07-28 00:00:00,117.3600006,-0.000596275,101.98,0,0,0
2011-07-29 00:00:00,116.7399979,-0.005296918,95.42,0,0,0
2011-08-01 00:00:00,116.8099976,0.000599441,88.1,0,0,0
2011-08-02 00:00:00,116.4599991,-0.003000804,90.46,0,0,0
2011-08-03 00:00:00,113.2300034,-0.028126681,86.63,0,0,0
2011-08-04 00:00:00,107.25,-0.05425862,77.04,0,0,0
2011-08-05 00:00:00,109.3700027,0.019574097,51.98,0,0,0
2011-08-08 00:00:00,103.7399979,-0.052848906,94.77,0,0,0
2011-08-09 00:00:00,102.5699997,-0.011342259,63.14,0,0,0
2011-08-10 00:00:00,106.6800003,0.039288213,44.11,0,0,0
2011-08-11 00:00:00,108.0199966,0.012482662,91.38,0,0,0
2011-08-12 00:00:00,108.0299988,9.25909E-05,69.3,0,0,0
2011-08-15 00:00:00,109.9100037,0.017252927,131.06,0,0,0
2011-08-16 00:00:00,109.9100037,0,54.51,0,0,0
2011-08-17 00:00:00,110.5999985,0.006258193,38.83,0,0,0
2011-08-18 00:00:00,106.9899979,-0.033184723,109.45,0,0,0
2011-08-19 00:00:00,108.6200027,0.015120226,119.65,0,0,0
2011-08-22 00:00:00,108.3600006,-0.002396555,143.46,0,0,0
2011-08-23 00:00:00,109.3099976,0.008728837,197.71,0,0,0
2011-08-24 00:00:00,110.1500015,0.007655227,159.73,0,0,0
2011-08-25 00:00:00,110.1500015,0,109.69,0,0,0
2011-08-26 00:00:00,111.3600006,0.010925115,93.75,0,0,0
2011-08-29 00:00:00,111.8799973,0.004658642,125.17,0,0,0
2011-08-30 00:00:00,114.0199966,0.018946998,61.34,0,0,0
2011-08-31 00:00:00,114.8499985,0.007253074,91.1,0,0,0
2011-09-01 00:00:00,114.2900009,-0.00488783,90.61,0,0,0
2011-09-02 00:00:00,112.3300018,-0.017298102,105.27,0,0,0
2011-09-06 00:00:00,112.8899994,0.004972904,138.56,0,0,0
2011-09-07 00:00:00,115.8000031,0.025450704,87.85,0,0,0
2011-09-08 00:00:00,114.5500031,-0.010853156,99.45,0,0,0
2011-09-09 00:00:00,112.7699966,-0.015661119,90.51,0,0,0
2011-09-12 00:00:00,112.25,-0.00462179,110.16,0,0,0
2011-09-13 00:00:00,111.8899994,-0.003212286,111.98,0,0,0
2011-09-14 00:00:00,112.4000015,0.004547711,78.36,0,0,0
2011-09-15 00:00:00,115.3399963,0.025820305,85.38,0,0,0
2011-09-16 00:00:00,112.2200012,-0.027423015,72.7,0,0,0
2011-09-19 00:00:00,109.1399994,-0.027829785,56.63,0,0,0
2011-09-20 00:00:00,110.5400009,0.012745999,70.65,0,0,0
2011-09-21 00:00:00,110.3600006,-0.0016297,102.09,0,0,0
2011-09-22 00:00:00,105.4899979,-0.045131613,84.16,0,0,0
2011-09-23 00:00:00,103.9700012,-0.014513734,93.09,0,0,0
2011-09-26 00:00:00,103.9700012,0,73.34,0,0,0
2011-09-27 00:00:00,107.1399994,0.030033977,86.86,0,0,0
2011-09-28 00:00:00,103.8099976,-0.031574103,55.85,0,0,0
2011-09-29 00:00:00,103.9499969,0.001347703,93.69,0,0,0
2011-09-30 00:00:00,102.7600021,-0.011513792,68.4,0,0,0
2011-10-03 00:00:00,101.7099991,-0.010270575,92.02,0,0,0
2011-10-04 00:00:00,99.79000092,-0.019057631,73.61,0,0,0
2011-10-05 00:00:00,99.79000092,0,66.1,0,0,0
2011-10-06 00:00:00,105.7300034,0.057820719,86.47,0,0,0
2011-10-07 00:00:00,105.8799973,0.001417645,74.48,0,0,0
2011-10-10 00:00:00,108.9499969,0.028582682,55.35,0,0,0
2011-10-11 00:00:00,110.7300034,0.016205803,85.25,0,0,0
2011-10-12 00:00:00,111.3600006,0.005673366,137.25,0,0,0
2011-10-13 00:00:00,111.1100006,-0.002247495,135.99,0,0,0
2011-10-14 00:00:00,114.6800003,0.031624937,73.91,0,0,0
2011-10-17 00:00:00,110.1600037,-0.040211756,96.44,0,0,0
2011-10-18 00:00:00,111.1500015,0.008946766,114.36,0,0,0
2011-10-19 00:00:00,108.3899994,-0.025144826,51.13,0,0,0
2011-10-20 00:00:00,109.7600021,0.012560355,72.09,0,0,0
2011-10-21 00:00:00,109.5599976,-0.001823861,110.53,0,0,0
2011-10-24 00:00:00,111.4499969,0.01710371,96.53,0,0,0
2011-10-25 00:00:00,110.9199982,-0.004766828,82.53,0,0,0
2011-10-26 00:00:00,108.9100037,-0.018287318,64.39,0,0,0
2011-10-27 00:00:00,112.0800018,0.028691032,53.97,0,0,0
2011-10-28 00:00:00,109.9100037,-0.019551036,51.46,0,0,0
2011-10-31 00:00:00,109.5599976,-0.00318956,82.71,0,0,0
2011-11-01 00:00:00,109.5400009,-0.000182534,80.11,0,0,0
2011-11-02 00:00:00,109.3399963,-0.001827528,37.6,0,0,0
2011-11-03 00:00:00,110.8300018,0.013535252,110.42,0,0,0
2011-11-04 00:00:00,111.9700012,0.010233477,111.48,0,0,0
2011-11-07 00:00:00,114.5599976,0.022867693,65.6,0,0,0
2011-11-08 00:00:00,115,0.003833446,82.42,0,0,0
2011-11-09 00:00:00,112.3099976,-0.023669245,112.77,0,0,0
2011-11-10 00:00:00,113.7099991,0.012388456,80.25,0,0,0
2011-11-11 00:00:00,114.1600037,0.003949666,66.76,0,0,0
2011-11-14 00:00:00,111.8899994,-0.020084765,95.59,0,0,0
2011-11-15 00:00:00,112.3899994,0.00445872,114.1,0,0,0
2011-11-16 00:00:00,111.8799973,-0.004548116,83.45,0,0,0
2011-11-17 00:00:00,108.2200012,-0.03326064,108.66,0,0,0
2011-11-18 00:00:00,107.5599976,-0.006117395,109.07,0,0,0
2011-11-21 00:00:00,107.5599976,0,111.56,0,0,0
2011-11-22 00:00:00,109.0299988,0.013574254,58.25,0,0,0
2011-11-23 00:00:00,107.0199966,-0.018607361,102.49,0,0,0
2011-11-25 00:00:00,106.4000015,-0.00581011,83.16,0,0,0
2011-11-28 00:00:00,109,0.024142291,105.42,0,0,0
2011-11-29 00:00:00,110.8199997,0.016559378,107.73,0,0,0
2011-11-30 00:00:00,110.8199997,0,84.25,0,0,0
2011-12-01 00:00:00,108.9899979,-0.016651145,104.03,0,0,0
2011-12-02 00:00:00,109.9400024,0.008678669,104.31,0,0,0
2011-12-05 00:00:00,109.8099976,-0.001183207,97.07,0,0,0
2011-12-06 00:00:00,110.8099976,0.009065424,73.94,0,0,0
2011-12-07 00:00:00,109.5299988,-0.011618528,49.84,0,0,0
2011-12-08 00:00:00,108.1100006,-0.01304924,87.08,0,0,0
2011-12-09 00:00:00,108.6200027,0.004706345,71.66,0,0,0
2011-12-12 00:00:00,107.2600021,-0.012599764,99.59,0,0,0
2011-12-13 00:00:00,109.5,0.020668736,89.63,0,0,0
2011-12-14 00:00:00,105.0199966,-0.041773773,113.06,0,0,0
2011-12-15 00:00:00,105.0899963,0.000666315,82.24,0,0,0
2011-12-16 00:00:00,103.3499985,-0.01669582,118.86,0,0,0
2011-12-19 00:00:00,103.6399994,0.002802078,86.15,0,0,0
2011-12-20 00:00:00,106.7300034,0.029378963,180.25,0,0,0
2011-12-21 00:00:00,107.7099991,0.009140109,80.14,0,0,0
2011-12-22 00:00:00,107.8899994,0.001669762,83.38,0,0,0
2011-12-23 00:00:00,107.9599991,0.000648596,75.76,0,0,0
2011-12-27 00:00:00,109.2699966,0.012061073,68.3,0,0,0
2011-12-28 00:00:00,107.5599976,-0.015773044,86.67,0,0,0
2011-12-29 00:00:00,108.0100021,0.004175027,115.55,0,0,0
2011-12-30 00:00:00,107.3799973,-0.005849916,125.9,0,0,0
2012-01-03 00:00:00,112.1299973,0.043284969,88.1,0,0,0
2012-01-04 00:00:00,113.6999969,0.013904486,76.94,0,0,0
2012-01-05 00:00:00,112.7399979,-0.00847911,82.44,0,0,0
2012-01-06 00:00:00,113.0599976,0.002834366,100.6,0,0,0
2012-01-09 00:00:00,112.4499969,-0.005409978,88.39,0,0,0
2012-01-10 00:00:00,113.2799988,0.007353968,66.64,0,0,0
2012-01-11 00:00:00,112.2399979,-0.009223202,103.97,0,0,0
2012-01-12 00:00:00,111.2600021,-0.008769593,103.84,0,0,0
2012-01-13 00:00:00,110.4400024,-0.007397415,98.1,0,0,0
2012-01-17 00:00:00,111.5299988,0.009821193,56.63,0,0,0
2012-01-18 00:00:00,110.6600037,-0.007831131,73.86,0,0,0
2012-01-19 00:00:00,111.5500031,0.008010478,103.2,0,0,0
2012-01-20 00:00:00,109.8600006,-0.015266115,70.93,0,0,0
2012-01-23 00:00:00,110.5800018,0.006532424,109.54,0,0,0
2012-01-24 00:00:00,110.0299988,-0.004986213,103.52,0,0,0
2012-01-25 00:00:00,109.8099976,-0.002001467,65.63,0,0,0
2012-01-26 00:00:00,110.7900009,0.008884948,85.76,0,0,0
2012-01-27 00:00:00,111.4599991,0.006029248,58.42,0,0,0
2012-01-30 00:00:00,110.75,-0.006390365,128.43,0,0,0
2012-01-31 00:00:00,110.9800034,0.002074626,69.98,0,0,0
2012-02-01 00:00:00,111.5599976,0.005212506,134.97,0,0,0
2012-02-02 00:00:00,112.0699997,0.004561132,57.82,0,0,0
2012-02-03 00:00:00,114.5800018,0.022149612,102.98,0,0,0
2012-02-06 00:00:00,115.9300003,0.011713278,124.92,0,0,0
2012-02-07 00:00:00,116.2300034,0.002584452,142.99,0,0,0
2012-02-08 00:00:00,117.1999969,0.008310836,82.25,0,0,0
2012-02-09 00:00:00,118.5899963,0.011790284,85.78,0,0,0
2012-02-10 00:00:00,117.3099976,-0.010852152,68.33,0,0,0
2012-02-13 00:00:00,117.9300003,0.005271248,61.83,0,0,0
2012-02-14 00:00:00,118.1600037,0.001948439,80.42,0,0,0
2012-02-15 00:00:00,118.9300003,0.006495418,128.72,0,0,0
2012-02-16 00:00:00,120.1100006,0.009872907,81.79,0,0,0
2012-02-17 00:00:00,119.5800018,-0.004422376,49.79,0,0,0
2012-02-21 00:00:00,121.6600037,0.01724468,141.49,0,0,0
2012-02-22 00:00:00,122.9000015,0.01014073,101.15,0,0,0
2012-02-23 00:00:00,123.6200027,0.005841337,68.3,0,0,0
2012-02-24 00:00:00,125.4700012,0.014854329,152.73,0,0,0
2012-02-27 00:00:00,124.1699982,-0.010415116,55,0,0,0
2012-02-28 00:00:00,121.5500031,-0.021325854,113.57,0,0,0
2012-02-29 00:00:00,122.6600037,0.009090604,146.9,0,0,0
2012-03-01 00:00:00,126.1999969,0.028451596,91.45,0,0,0
2012-03-02 00:00:00,123.6500015,-0.02041292,99.76,0,0,0
2012-03-05 00:00:00,123.8000031,0.001212379,116.52,0,0,0
2012-03-06 00:00:00,121.9800034,-0.014810261,110.79,0,0,0
2012-03-07 00:00:00,124.1200027,0.017391737,138.18,0,0,0
2012-03-08 00:00:00,125.4400024,0.010578714,154.15,0,0,0
2012-03-09 00:00:00,125.9800034,0.004295615,132.38,0,0,0
2012-03-12 00:00:00,125.3399963,-0.005093175,71.49,0,0,0
2012-03-13 00:00:00,126.2200012,0.00699641,64.65,0,0,0
2012-03-14 00:00:00,124.9700012,-0.009952708,69.16,0,0,0
2012-03-15 00:00:00,123.5500031,-0.011427761,64.95,0,0,0
2012-03-16 00:00:00,125.8099976,0.018126856,72.73,0,0,0
2012-03-19 00:00:00,125.7099991,-0.000795153,107,0,0,0
2012-03-20 00:00:00,124.1200027,-0.012728798,104.61,0,0,0
2012-03-21 00:00:00,124.1999969,0.000644283,124.38,0,0,0
2012-03-22 00:00:00,123.1399994,-0.00857123,67.6,0,0,0
2012-03-23 00:00:00,125.1299973,0.01603126,93.31,0,0,0
2012-03-26 00:00:00,125.6500015,0.004147101,79.67,0,0,0
2012-03-27 00:00:00,125.5400009,-0.000875836,116.37,0,0,0
2012-03-28 00:00:00,124.1600037,-0.011053354,149.58,0,0,0
2012-03-29 00:00:00,122.3899994,-0.014358424,83.45,0,0,0
2012-03-30 00:00:00,122.8799973,0.003995585,103.07,0,0,0
2012-04-02 00:00:00,125.4300003,0.020539589,154.47,0,0,0
2012-04-03 00:00:00,124.8600006,-0.004554722,134.5,0,0,0
2012-04-04 00:00:00,122.3399963,-0.020389091,126.08,0,0,0
2012-04-05 00:00:00,123.4300003,0.008870172,116.87,0,0,0
2012-04-09 00:00:00,122.6699982,-0.006176388,126.88,0,0,0
2012-04-10 00:00:00,119.8799973,-0.023006589,116.15,0,0,0
2012-04-11 00:00:00,120.1800003,0.002499402,85.7,0,0,0
2012-04-12 00:00:00,121.7099991,0.012650537,136.67,0,0,0
2012-04-13 00:00:00,121.8300018,0.000985487,112.74,0,0,0
2012-04-16 00:00:00,118.6800003,-0.026195847,136.95,0,0,0
2012-04-17 00:00:00,118.7799988,0.000842234,117.75,0,0,0
2012-04-18 00:00:00,117.9700012,-0.006842667,99.27,0,0,0
2012-04-19 00:00:00,118,0.000254259,65.09,0,0,0
2012-04-20 00:00:00,118.7600021,0.006420043,100.38,0,0,0
2012-04-23 00:00:00,118.7099991,-0.000421132,90.46,0,0,0
2012-04-24 00:00:00,118.1600037,-0.004643867,93.37,0,0,0
2012-04-25 00:00:00,119.1200027,0.008091742,83.95,0,0,0
2012-04-26 00:00:00,119.9199982,0.006693427,118.68,0,0,0
2012-04-27 00:00:00,119.8300018,-0.000750752,84.5,0,0,0
2012-04-30 00:00:00,119.4700012,-0.003008783,99.85,0,0,0
2012-05-01 00:00:00,119.6600037,0.001589115,75.19,0,0,0
2012-05-02 00:00:00,118.1999969,-0.012276339,87.57,0,0,0
2012-05-03 00:00:00,116.0800018,-0.018098455,101.76,0,0,0
2012-05-04 00:00:00,113.1800003,-0.02530015,62.24,0,0,0
2012-05-07 00:00:00,113.1600037,-0.000176696,60.39,0,0,0
2012-05-08 00:00:00,112.7300034,-0.00380717,84.52,0,0,0
2012-05-09 00:00:00,113.1999969,0.00416053,54.6,0,0,0
2012-05-10 00:00:00,112.7300034,-0.00416053,55.44,0,0,0
2012-05-11 00:00:00,112.2600021,-0.00417798,110.31,0,0,0
2012-05-14 00:00:00,111.5699997,-0.006165435,65.92,0,0,0
2012-05-15 00:00:00,112.2399979,0.005987223,92.66,0,0,0
2012-05-16 00:00:00,111.7099991,-0.004733197,67.07,0,0,0
2012-05-17 00:00:00,107.4899979,-0.038508419,53.89,0,0,0
2012-05-18 00:00:00,107.1399994,-0.003261415,147.15,0,0,0
2012-05-21 00:00:00,108.8099976,0.015466835,59.07,0,0,0
2012-05-22 00:00:00,108.4100037,-0.00368285,115.74,0,0,0
2012-05-23 00:00:00,105.5599976,-0.026640881,86.14,0,0,0
2012-05-24 00:00:00,106.5500031,0.009334899,113.44,0,0,0
2012-05-25 00:00:00,106.8300018,0.002624416,81.91,0,0,0
2012-05-29 00:00:00,106.6800003,-0.001405101,91.1,0,0,0
2012-05-30 00:00:00,103.4700012,-0.030551975,88.28,0,0,0
2012-05-31 00:00:00,101.8700027,-0.01558421,91.92,0,0,0
2012-06-01 00:00:00,98.43000031,-0.034351879,67.9,0,0,0
2012-06-04 00:00:00,98.84999847,0.004257895,40.62,0,0,0
2012-06-05 00:00:00,98.83999634,-0.00010119,67.33,0,0,0
2012-06-06 00:00:00,100.6399994,0.018047443,69.87,0,0,0
2012-06-07 00:00:00,99.93000031,-0.007079843,102.94,0,0,0
2012-06-08 00:00:00,99.47000122,-0.00461384,92.91,0,0,0
2012-06-11 00:00:00,98,-0.014888625,78.35,0,0,0
2012-06-12 00:00:00,97.13999939,-0.008814248,92.02,0,0,0
2012-06-13 00:00:00,97.12999725,-0.000102971,99.34,0,0,0
2012-06-14 00:00:00,97.02999878,-0.001030063,112.46,0,0,0
2012-06-15 00:00:00,97.61000061,0.005959757,55.38,0,0,0
2012-06-18 00:00:00,96.05000305,-0.016111032,102.82,0,0,0
2012-06-19 00:00:00,95.76000214,-0.003023837,111.61,0,0,0
2012-06-20 00:00:00,92.69000244,-0.032584465,147.88,0,0,0
2012-06-21 00:00:00,89.23000336,-0.038043275,73.04,0,0,0
2012-06-22 00:00:00,90.98000336,0.019422396,72.01,0,0,0
2012-06-25 00:00:00,91.01000214,0.000329675,99.97,0,0,0
2012-06-26 00:00:00,93.01999664,0.021845074,129.9,0,0,0
2012-06-27 00:00:00,93.5,0.005146949,48.39,0,0,0
2012-06-28 00:00:00,91.36000061,-0.023153684,92.02,0,0,0
2012-06-29 00:00:00,97.80000305,0.068116856,80.06,0,0,0
2012-07-02 00:00:00,97.33999634,-0.004714641,45.32,0,0,0
2012-07-03 00:00:00,100.6800003,0.033737207,77.42,0,0,0
2012-07-05 00:00:00,100.6999969,0.000198596,82.71,0,0,0
2012-07-06 00:00:00,98.19000244,-0.025241367,62.65,0,0,0
2012-07-09 00:00:00,100.3199997,0.021460672,83.7,0,0,0
2012-07-10 00:00:00,97.97000122,-0.023703752,97.55,0,0,0
2012-07-11 00:00:00,100.2300034,0.022806257,69.27,0,0,0
2012-07-12 00:00:00,101.0699997,0.008345765,66.02,0,0,0
2012-07-13 00:00:00,102.4000015,0.013073384,107.78,0,0,0
2012-07-16 00:00:00,103.5500031,0.01116789,54.23,0,0,0
2012-07-17 00:00:00,104,0.004336282,155.83,0,0,0
2012-07-18 00:00:00,105.1600037,0.011092136,104.49,0,0,0
2012-07-19 00:00:00,107.8000031,0.024794652,147.79,0,0,0
2012-07-20 00:00:00,106.8300018,-0.009038884,166.37,0,0,0
2012-07-23 00:00:00,103.2600021,-0.033988703,80.69,0,0,0
2012-07-24 00:00:00,103.4199982,0.001548249,109.74,0,0,0
2012-07-25 00:00:00,104.3799973,0.009239711,86.86,0,0,0
2012-07-26 00:00:00,105.2600021,0.00839544,76.39,0,0,0
2012-07-27 00:00:00,106.4700012,0.011429767,67.26,0,0,0
2012-07-30 00:00:00,106.1999969,-0.002539187,112.5,0,0,0
2012-07-31 00:00:00,104.9199982,-0.012125943,65.1,0,0,0
2012-08-01 00:00:00,105.9599991,0.009863518,67.75,0,0,0
2012-08-02 00:00:00,105.9000015,-0.000566389,52.75,0,0,0
2012-08-03 00:00:00,108.9400024,0.028302027,74.24,0,0,0
2012-08-06 00:00:00,109.5500031,0.0055838,99.59,0,0,0
2012-08-07 00:00:00,112,0.022117777,114.61,0,0,0
2012-08-08 00:00:00,112.1399994,0.001249214,75.29,0,0,0
2012-08-09 00:00:00,113.2200012,0.009584754,87.44,0,0,0
2012-08-10 00:00:00,112.9499969,-0.002387623,85.2,0,0,0
2012-08-13 00:00:00,113.5999985,0.005738277,89.93,0,0,0
2012-08-14 00:00:00,114.0299988,0.003778068,109.06,0,0,0
2012-08-15 00:00:00,116.25,0.019281484,94.53,0,0,0
2012-08-16 00:00:00,116.9000015,0.005575837,95.7,0,0,0
2012-08-17 00:00:00,113.7099991,-0.027667542,104.33,0,0,0
2012-08-20 00:00:00,113.6999969,-8.79657E-05,69.01,0,0,0
2012-08-21 00:00:00,114.6399994,0.008233404,75.39,0,0,0
2012-08-22 00:00:00,114.9100037,0.002352467,123.79,0,0,0
2012-08-23 00:00:00,115.0100021,0.000869855,76.19,0,0,0
2012-08-24 00:00:00,113.5899963,-0.012423658,69.7,0,0,0
2012-08-27 00:00:00,112.2600021,-0.011777813,83.16,0,0,0
2012-08-28 00:00:00,112.5800018,0.002846468,73.71,0,0,0
2012-08-29 00:00:00,112.5400009,-0.000355374,65.18,0,0,0
2012-08-30 00:00:00,112.6500015,0.000976958,84.22,0,0,0
2012-08-31 00:00:00,114.5699997,0.016900307,69.29,0,0,0
2012-09-04 00:00:00,114.1800003,-0.003409834,83.34,0,0,0
2012-09-05 00:00:00,113.0899963,-0.009592224,81.7,0,0,0
2012-09-06 00:00:00,113.4899979,0.003530779,54.94,0,0,0
2012-09-07 00:00:00,114.25,0.006674321,69.74,0,0,0
2012-09-10 00:00:00,114.8099976,0.004889537,66.43,0,0,0
2012-09-11 00:00:00,115.4000015,0.0051258,79.34,0,0,0
2012-09-12 00:00:00,115.9599991,0.004840929,99.16,0,0,0
2012-09-13 00:00:00,116.9000015,0.008073585,65.81,0,0,0
2012-09-14 00:00:00,116.9000015,0,76.23,0,0,0
2012-09-17 00:00:00,116.9000015,0,92.02,0,0,0
2012-09-18 00:00:00,112.0299988,-0.0425522,82.92,0,0,0
2012-09-19 00:00:00,108.1900024,-0.034877718,53.06,0,0,0
2012-09-20 00:00:00,110.0299988,0.016864082,52.32,0,0,0
2012-09-21 00:00:00,111.4199982,0.012553783,67.9,0,0,0
2012-09-24 00:00:00,109.8099976,-0.014555251,60.31,0,0,0
2012-09-25 00:00:00,110.4499969,0.005811325,74.93,0,0,0
2012-09-26 00:00:00,110.0400009,-0.003718958,87.27,0,0,0
2012-09-27 00:00:00,112.0100021,0.017744228,106.64,0,0,0
2012-09-28 00:00:00,112.3899994,0.003386788,89.98,0,0,0
2012-10-01 00:00:00,112.1900024,-0.001781076,52.1,0,0,0
2012-10-02 00:00:00,111.5699997,-0.00554169,81.34,0,0,0
2012-10-03 00:00:00,108.1699982,-0.030948147,63.85,0,0,0
2012-10-04 00:00:00,112.5800018,0.03996005,72.01,0,0,0
2012-10-05 00:00:00,112.0199966,-0.004986699,87.97,0,0,0
2012-10-08 00:00:00,111.8199997,-0.001786964,92.6,0,0,0
2012-10-09 00:00:00,114.5,0.02368439,108.15,0,0,0
2012-10-10 00:00:00,114.3300018,-0.001485803,64.53,0,0,0
2012-10-11 00:00:00,115.7099991,0.011998033,89.17,0,0,0
2012-10-12 00:00:00,114.6200027,-0.00946472,81.25,0,0,0
2012-10-15 00:00:00,115.8000031,0.010242258,129.81,0,0,0
2012-10-16 00:00:00,115.0699997,-0.006323955,79.96,0,0,0
2012-10-17 00:00:00,115.0699997,0,95.45,0,0,0
2012-10-18 00:00:00,115.0699997,0,109.91,0,0,0
2012-10-19 00:00:00,110.1399994,-0.043788358,103.82,0,0,0
2012-10-22 00:00:00,109.4400024,-0.006375802,163.36,0,0,0
2012-10-23 00:00:00,108.25,-0.010933109,106.5,0,0,0
2012-10-24 00:00:00,107.8499985,-0.003702008,74.36,0,0,0
2012-10-25 00:00:00,108.4899979,0.005916624,89.96,0,0,0
2012-10-26 00:00:00,109.5500031,0.009723111,67.88,0,0,0
2012-10-31 00:00:00,108.6999969,-0.007789328,75.2,0,0,0
2012-11-01 00:00:00,108.1699982,-0.004887719,53.59,0,0,0
2012-11-02 00:00:00,105.6800003,-0.023288384,55.21,0,0,0
2012-11-05 00:00:00,107.7300034,0.019212465,61.57,0,0,0
2012-11-06 00:00:00,111.0699997,0.030532502,129.59,0,0,0
2012-11-07 00:00:00,106.8199997,-0.039015458,43.59,0,0,0
2012-11-08 00:00:00,107.25,0.004017386,59.49,0,0,0
2012-11-09 00:00:00,109.4000015,0.019848346,72.01,0,0,0
2012-11-12 00:00:00,109.0699997,-0.003021029,108.34,0,0,0
2012-11-13 00:00:00,108.2600021,-0.007454114,61.27,0,0,0
2012-11-14 00:00:00,109.6100006,0.012392856,56.92,0,0,0
2012-11-15 00:00:00,110.9800034,0.012421418,96.57,0,0,0
2012-11-16 00:00:00,110.9800034,0,98.02,0,0,0
2012-11-19 00:00:00,110.8399963,-0.001262348,116.35,0,0,0
2012-11-20 00:00:00,109.8300018,-0.009153954,135.6,0,0,0
2012-11-21 00:00:00,110.8600006,0.009334417,116.18,0,0,0
2012-11-23 00:00:00,111.3799973,0.004679604,122.55,0,0,0
2012-11-26 00:00:00,110.9199982,-0.004138549,110.56,0,0,0
2012-11-27 00:00:00,109.8700027,-0.009511331,67.26,0,0,0
2012-11-28 00:00:00,109.5100021,-0.003281985,55.39,0,0,0
2012-11-29 00:00:00,110.7600021,0.011349829,56.95,0,0,0
2012-11-30 00:00:00,111.2300034,0.004234442,68.23,0,0,0
2012-12-03 00:00:00,110.9199982,-0.002790956,67.43,0,0,0
2012-12-04 00:00:00,109.8399963,-0.009784476,101.98,0,0,0
2012-12-05 00:00:00,108.8099976,-0.009421509,84.94,0,0,0
2012-12-06 00:00:00,107.0299988,-0.016494062,39.54,0,0,0
2012-12-07 00:00:00,107.0199966,-9.34561E-05,107.2,0,0,0
2012-12-10 00:00:00,107.3300018,0.002892516,59.92,0,0,0
2012-12-11 00:00:00,108.0100021,0.006315618,107.63,0,0,0
2012-12-12 00:00:00,109.5,0.013700714,108.61,0,0,0
2012-12-13 00:00:00,107.9100037,-0.014626969,95.92,0,0,0
2012-12-14 00:00:00,109.1500015,0.011425517,104.72,0,0,0
2012-12-17 00:00:00,109.1500015,0,87.63,0,0,0
2012-12-18 00:00:00,109.1500015,0,80.3,0,0,0
2012-12-19 00:00:00,110.3600006,0.011024658,102.02,0,0,0
2012-12-20 00:00:00,110.1999969,-0.001450886,82.3,0,0,0
2012-12-21 00:00:00,108.9700012,-0.011224243,77.04,0,0,0
2012-12-24 00:00:00,108.8000031,-0.001561264,89.39,0,0,0
2012-12-26 00:00:00,111.0699997,0.020649268,55.93,0,0,0
2012-12-27 00:00:00,110.8000031,-0.002433829,62,0,0,0
2012-12-28 00:00:00,110.6200027,-0.001625872,103.94,0,0,0
2012-12-31 00:00:00,111.1100006,0.004419778,49.5,0,0,0
2013-01-02 00:00:00,112.4700012,0.012165823,82.33,0,0,0
2013-01-03 00:00:00,112.1399994,-0.002938445,78.43,0,0,0
2013-01-04 00:00:00,111.3099976,-0.007429006,80.4,0,0,0
2013-01-07 00:00:00,111.4000015,0.000808262,83.81,0,0,0
2013-01-08 00:00:00,111.9400024,0.004835694,84.63,0,0,0
2013-01-09 00:00:00,111.7600021,-0.001609301,70.4,0,0,0
2013-01-10 00:00:00,111.8899994,0.001162506,54.57,0,0,0
2013-01-11 00:00:00,110.6399994,-0.011234559,94.96,0,0,0
2013-01-14 00:00:00,111.8799973,0.011145162,77.54,0,0,0
2013-01-15 00:00:00,110.3000031,-0.01422289,124.86,0,0,0
2013-01-16 00:00:00,110.6100006,0.002806553,96.07,0,0,0
2013-01-17 00:00:00,110.6100006,0,125.95,0,0,0
2013-01-18 00:00:00,110.6100006,0,146.6,0,0,0
2013-01-22 00:00:00,112.4199982,0.016231335,151.14,0,0,0
2013-01-23 00:00:00,112.8000031,0.003374525,116.96,0,0,0
2013-01-24 00:00:00,113.2799988,0.004246253,98.55,0,0,0
2013-01-25 00:00:00,113.2799988,0,124.61,0,0,0
2013-01-28 00:00:00,113.4800034,0.00176402,121.24,0,0,0
2013-01-29 00:00:00,114.3600006,0.007724733,37.03,0,0,0
2013-01-30 00:00:00,114.9000015,0.004710825,90.16,0,0,0
2013-01-31 00:00:00,115.5500031,0.005641165,53.67,0,0,0
2013-02-01 00:00:00,116.7600021,0.010417201,134.15,0,0,0
2013-02-04 00:00:00,115.5999985,-0.009984621,82.71,0,0,0
2013-02-05 00:00:00,116.5199966,0.00792696,81.39,0,0,0
2013-02-06 00:00:00,116.7300034,0.001800701,92.02,0,0,0
2013-02-07 00:00:00,117.2399979,0.004359493,75.93,0,0,0
2013-02-08 00:00:00,118.9000015,0.014059719,91.72,0,0,0
2013-02-11 00:00:00,118.1299973,-0.006497127,98.35,0,0,0
2013-02-12 00:00:00,118.6600037,0.004476602,91.14,0,0,0
2013-02-13 00:00:00,118.7200012,0.000505498,176.87,0,0,0
2013-02-14 00:00:00,118.5800018,-0.001179936,86.19,0,0,0
2013-02-15 00:00:00,118.5800018,0,73.3,0,0,0
2013-02-19 00:00:00,117.5199966,-0.00897935,113.03,0,0,0
2013-02-20 00:00:00,115.5999985,-0.01647256,86.96,0,0,0
2013-02-21 00:00:00,113.5299988,-0.018068835,33.25,0,0,0
2013-02-22 00:00:00,114.0999985,0.005008135,81.15,0,0,0
2013-02-25 00:00:00,114.4400024,0.002975446,49.63,0,0,0
2013-02-26 00:00:00,112.7099991,-0.015232549,114.36,0,0,0
2013-02-27 00:00:00,111.8700027,-0.007480633,119.16,0,0,0
2013-02-28 00:00:00,111.3799973,-0.004389754,66.07,0,0,0
2013-03-01 00:00:00,110.4000015,-0.008837606,56.75,0,0,0
2013-03-04 00:00:00,110.0899963,-0.002811968,45.38,0,0,0
2013-03-05 00:00:00,111.6100006,0.013712477,85.88,0,0,0
2013-03-06 00:00:00,111.0599976,-0.004940083,89.93,0,0,0
2013-03-07 00:00:00,111.1500015,0.00081008,89.29,0,0,0
2013-03-08 00:00:00,110.8499985,-0.002702732,92.4,0,0,0
2013-03-11 00:00:00,110.2200012,-0.005699543,70.57,0,0,0
2013-03-12 00:00:00,109.6500015,-0.005184891,92.6,0,0,0
2013-03-13 00:00:00,108.5199966,-0.010359032,104.33,0,0,0
2013-03-14 00:00:00,109.4199982,0.008259215,49.97,0,0,0
2013-03-15 00:00:00,109.3799973,-0.000365639,86.63,0,0,0
2013-03-18 00:00:00,109.3799973,0,107.29,0,0,0
2013-03-19 00:00:00,107.4499969,-0.017802438,82.03,0,0,0
2013-03-20 00:00:00,108.7200012,0.011750186,72.51,0,0,0
2013-03-21 00:00:00,107.4700012,-0.011564031,85.62,0,0,0
2013-03-22 00:00:00,107.6600037,0.001766397,109.62,0,0,0
2013-03-25 00:00:00,108.1699982,0.0047259,102.82,0,0,0
2013-03-26 00:00:00,109.3600006,0.010941151,87.94,0,0,0
2013-03-27 00:00:00,109.6900024,0.00301303,100.5,0,0,0
2013-03-28 00:00:00,110.0199966,0.003003909,57.27,0,0,0
2013-04-01 00:00:00,111.0800018,0.009588542,99.56,0,0,0
2013-04-02 00:00:00,110.6900024,-0.003517155,72.48,0,0,0
2013-04-03 00:00:00,107.1100006,-0.032877174,77.13,0,0,0
2013-04-04 00:00:00,106.3399963,-0.007214876,123.72,0,0,0
2013-04-05 00:00:00,104.1200027,-0.021097367,99.52,0,0,0
2013-04-08 00:00:00,104.6600037,0.005172929,121.85,0,0,0
2013-04-09 00:00:00,106.2300034,0.01488955,82.03,0,0,0
2013-04-10 00:00:00,105.7900009,-0.004150581,92.13,0,0,0
2013-04-11 00:00:00,104.2699966,-0.014472349,54.7,0,0,0
2013-04-12 00:00:00,103.1100006,-0.011187271,97.21,0,0,0
2013-04-15 00:00:00,100.3899994,-0.026733791,105.31,0,0,0
2013-04-16 00:00:00,100.3600006,-0.000298867,108.67,0,0,0
2013-04-17 00:00:00,100.3600006,0,153.72,0,0,0
2013-04-18 00:00:00,99.12999725,-0.012331635,82.5,0,0,0
2013-04-19 00:00:00,99.65000153,0.00523197,91.21,0,0,0
2013-04-22 00:00:00,100.3899994,0.007398533,165.17,0,0,0
2013-04-23 00:00:00,100.3099976,-0.000797228,153.32,0,0,0
2013-04-24 00:00:00,101.7300034,0.014056911,104.45,0,0,0
2013-04-25 00:00:00,103.4100037,0.016379427,76.64,0,0,0
2013-04-26 00:00:00,103.1600037,-0.002420488,98.46,0,0,0
2013-04-29 00:00:00,103.8099976,0.006281065,89.41,0,0,0
2013-04-30 00:00:00,102.3700027,-0.013968554,74.63,0,0,0
2013-05-01 00:00:00,99.94999695,-0.023923697,68.93,0,0,0
2013-05-02 00:00:00,102.8499985,0.028601571,70.48,0,0,0
2013-05-03 00:00:00,104.1900024,0.012944578,82.3,0,0,0
2013-05-06 00:00:00,105.4599991,0.012115547,88.4,0,0,0
2013-05-07 00:00:00,104.4000015,-0.010102035,83.02,0,0,0
2013-05-08 00:00:00,104.3399963,-0.000574928,84.94,0,0,0
2013-05-09 00:00:00,104.4700012,0.001245198,65.07,0,0,0
2013-05-10 00:00:00,103.9100037,-0.005374785,61.08,0,0,0
2013-05-13 00:00:00,102.8199997,-0.010545291,78.76,0,0,0
2013-05-14 00:00:00,102.5999985,-0.002141966,86.74,0,0,0
2013-05-15 00:00:00,103.6800003,0.010471318,44.51,0,0,0
2013-05-16 00:00:00,103.8000031,0.001156765,89.79,0,0,0
2013-05-17 00:00:00,103.7200012,-0.000771028,105.8,0,0,0
2013-05-20 00:00:00,103.7200012,0,123.03,0,0,0
2013-05-21 00:00:00,103.9100037,0.001830203,95.36,0,0,0
2013-05-22 00:00:00,102.5999985,-0.012687257,76.77,0,0,0
2013-05-23 00:00:00,102.4400024,-0.001560633,100.92,0,0,0
2013-05-24 00:00:00,102.6399994,0.001950429,104.99,0,0,0
2013-05-28 00:00:00,104.2300034,0.015372314,157.53,0,0,0
2013-05-29 00:00:00,102.4300003,-0.017420387,108.15,0,0,0
2013-05-30 00:00:00,102.1900024,-0.002345792,95.19,0,0,0
2013-05-31 00:00:00,100.3899994,-0.017771255,67.15,0,0,0
2013-06-03 00:00:00,102.0599976,0.016498257,62.93,0,0,0
2013-06-04 00:00:00,103.2399979,0.011495502,110.15,0,0,0
2013-06-05 00:00:00,103.0400009,-0.001939083,58.66,0,0,0
2013-06-06 00:00:00,103.6100006,0.005516585,80.58,0,0,0
2013-06-07 00:00:00,104.5599976,0.00912719,156.53,0,0,0
2013-06-10 00:00:00,103.9499969,-0.005851061,97.7,0,0,0
2013-06-11 00:00:00,102.9599991,-0.009569431,126.31,0,0,0
2013-06-12 00:00:00,103.4899979,0.005134415,80.89,0,0,0
2013-06-13 00:00:00,104.25,0.007316892,82.1,0,0,0
2013-06-14 00:00:00,104.2900009,0.000383628,79.86,0,0,0
2013-06-17 00:00:00,104.2900009,0,149.3,0,0,0
2013-06-18 00:00:00,106.0199966,0.016452235,124.22,0,0,0
2013-06-19 00:00:00,106.1200027,0.000942831,116.44,0,0,0
2013-06-20 00:00:00,102.1500015,-0.038128219,91.32,0,0,0
2013-06-21 00:00:00,100.9100037,-0.012213269,73.69,0,0,0
2013-06-24 00:00:00,101.1600037,0.002474391,89.89,0,0,0
2013-06-25 00:00:00,101.2600021,0.00098803,85.93,0,0,0
2013-06-26 00:00:00,101.6600037,0.00394246,96.84,0,0,0
2013-06-27 00:00:00,102.8199997,0.011345936,39.09,0,0,0
2013-06-28 00:00:00,102.1600037,-0.006439636,39.44,0,0,0
2013-07-01 00:00:00,103,0.008188741,71.91,0,0,0
2013-07-02 00:00:00,104,0.009661911,107.83,0,0,0
2013-07-03 00:00:00,105.7600021,0.016781497,84.94,0,0,0
2013-07-05 00:00:00,107.7200012,0.018362883,67.95,0,0,0
2013-07-08 00:00:00,107.4300003,-0.002695804,87.94,0,0,0
2013-07-09 00:00:00,107.8099976,0.00353092,98.95,0,0,0
2013-07-10 00:00:00,108.5100021,0.006471958,87.17,0,0,0
2013-07-11 00:00:00,107.7300034,-0.007214226,77.26,0,0,0
2013-07-12 00:00:00,108.8099976,0.009975091,75.11,0,0,0
2013-07-15 00:00:00,109.0899963,0.002569977,125.86,0,0,0
2013-07-16 00:00:00,109.4000015,0.002837708,100.76,0,0,0
2013-07-17 00:00:00,109.3600006,-0.000365706,117.41,0,0,0
2013-07-18 00:00:00,109.3600006,0,55.37,0,0,0
2013-07-19 00:00:00,108.0699997,-0.011866036,83.67,0,0,0
2013-07-22 00:00:00,108.1500015,0.000740004,78.06,0,0,0
2013-07-23 00:00:00,108.4199982,0.00249339,74.89,0,0,0
2013-07-24 00:00:00,107.1900024,-0.011409573,49.38,0,0,0
2013-07-25 00:00:00,107.6500015,0.004282255,54.64,0,0,0
2013-07-26 00:00:00,107.1699982,-0.004468896,87.67,0,0,0
2013-07-29 00:00:00,107.4499969,0.002609253,101.85,0,0,0
2013-07-30 00:00:00,106.9100037,-0.005038201,96.22,0,0,0
2013-07-31 00:00:00,107.6999969,0.007362163,50.38,0,0,0
2013-08-01 00:00:00,109.5400009,0.016940232,45.96,0,0,0
2013-08-02 00:00:00,108.9499969,-0.005400754,43.64,0,0,0
2013-08-05 00:00:00,108.6999969,-0.002297267,85.84,0,0,0
2013-08-06 00:00:00,108.1800003,-0.004795257,65.87,0,0,0
2013-08-07 00:00:00,107.4400024,-0.006863934,128.68,0,0,0
2013-08-08 00:00:00,106.6800003,-0.007098873,95.33,0,0,0
2013-08-09 00:00:00,108.2200012,0.014332501,81.24,0,0,0
2013-08-12 00:00:00,108.9700012,0.006906423,84.81,0,0,0
2013-08-13 00:00:00,109.8199997,0.007770033,78.56,0,0,0
2013-08-14 00:00:00,110.1999969,0.00345421,42.36,0,0,0
2013-08-15 00:00:00,111.1100006,0.008223838,75.86,0,0,0
2013-08-16 00:00:00,111.1699982,0.000539838,48.6,0,0,0
2013-08-19 00:00:00,111.1699982,0,113.09,0,0,0
2013-08-20 00:00:00,110.1500015,-0.009217458,96.35,0,0,0
2013-08-21 00:00:00,109.8099976,-0.00309151,62.34,0,0,0
2013-08-22 00:00:00,109.9000015,0.000819298,58.66,0,0,0
2013-08-23 00:00:00,111.0400009,0.01031963,98.12,0,0,0
2013-08-26 00:00:00,110.7300034,-0.002795669,110.1,0,0,0
2013-08-27 00:00:00,114.3600006,0.032256537,154.75,0,0,0
2013-08-28 00:00:00,116.6100006,0.019483666,140.36,0,0,0
2013-08-29 00:00:00,115.1600037,-0.012512541,187.64,0,0,0
2013-08-30 00:00:00,114.0100021,-0.010036315,122.4,0,0,0
2013-09-03 00:00:00,115.6800003,0.014541578,105.58,0,0,0
2013-09-04 00:00:00,114.9100037,-0.006678516,50.25,0,0,0
2013-09-05 00:00:00,115.2600021,0.003041219,89.53,0,0,0
2013-09-06 00:00:00,116.1200027,0.007433698,126.08,0,0,0
2013-09-09 00:00:00,113.7200012,-0.020884865,111.56,0,0,0
2013-09-10 00:00:00,111.25,-0.021959376,66.75,0,0,0
2013-09-11 00:00:00,111.5,0.00224467,110.55,0,0,0
2013-09-12 00:00:00,112.6299973,0.010083495,76.3,0,0,0
2013-09-13 00:00:00,112.7799988,0.001330922,95.27,0,0,0
2013-09-16 00:00:00,112.7799988,0,127.76,0,0,0
2013-09-17 00:00:00,112.7799988,0,112.64,0,0,0
2013-09-18 00:00:00,110.5999985,-0.019518932,83.11,0,0,0
2013-09-19 00:00:00,108.7600021,-0.016776436,58.44,0,0,0
2013-09-20 00:00:00,109.2200012,0.004220568,90.8,0,0,0
2013-09-23 00:00:00,108.1600037,-0.009752562,164.71,0,0,0
2013-09-24 00:00:00,108.6399994,0.004428012,174.12,0,0,0
2013-09-25 00:00:00,108.3199997,-0.002949852,124.93,0,0,0
2013-09-26 00:00:00,109.2099991,0.008182819,129.27,0,0,0
2013-09-27 00:00:00,108.6299973,-0.005325039,131.37,0,0,0
2013-09-30 00:00:00,108.3700027,-0.002396264,116.46,0,0,0
2013-10-01 00:00:00,107.9400024,-0.003975783,132.82,0,0,0
2013-10-02 00:00:00,109.1900024,0.011513967,65.56,0,0,0
2013-10-03 00:00:00,109,-0.001741624,40.21,0,0,0
2013-10-04 00:00:00,109.4599991,0.004211295,102.03,0,0,0
2013-10-07 00:00:00,109.6800003,0.002007861,125.09,0,0,0
2013-10-08 00:00:00,110.1600037,0.00436685,93.83,0,0,0
2013-10-09 00:00:00,109.0599976,-0.010035721,87.78,0,0,0
2013-10-10 00:00:00,111.8000031,0.024813421,57.74,0,0,0
2013-10-11 00:00:00,111.2799988,-0.004662051,66.39,0,0,0
2013-10-14 00:00:00,111.0400009,-0.002159032,85.28,0,0,0
2013-10-15 00:00:00,109.9599991,-0.00977385,102.45,0,0,0
2013-10-16 00:00:00,110.8600006,0.008151495,66.41,0,0,0
2013-10-17 00:00:00,110.9700012,0.000991756,63.64,0,0,0
2013-10-18 00:00:00,110.9700012,0,72.72,0,0,0
2013-10-21 00:00:00,109.6399994,-0.01205764,133.98,0,0,0
2013-10-22 00:00:00,109.9700012,0.003005347,70.65,0,0,0
2013-10-23 00:00:00,107.8000031,-0.019929926,88.34,0,0,0
2013-10-24 00:00:00,106.9899979,-0.007542335,60.84,0,0,0
2013-10-25 00:00:00,106.9300003,-0.000560935,50.85,0,0,0
2013-10-28 00:00:00,109.6100006,0.024754199,73.31,0,0,0
2013-10-29 00:00:00,109.0100021,-0.005488976,65.84,0,0,0
2013-10-30 00:00:00,109.8600006,0.007767193,88.23,0,0,0
2013-10-31 00:00:00,108.8399963,-0.009327953,60.23,0,0,0
2013-11-01 00:00:00,105.9100037,-0.027289169,64.67,0,0,0
2013-11-04 00:00:00,106.2300034,0.003016875,55.29,0,0,0
2013-11-05 00:00:00,105.3300018,-0.00850829,59.76,0,0,0
2013-11-06 00:00:00,105.2399979,-0.00085486,76.1,0,0,0
2013-11-07 00:00:00,103.4599991,-0.01705838,53.58,0,0,0
2013-11-08 00:00:00,105.1200027,0.015917525,120.52,0,0,0
2013-11-11 00:00:00,106.4000015,0.01210301,91.38,0,0,0
2013-11-12 00:00:00,105.8099976,-0.005560581,88.02,0,0,0
2013-11-13 00:00:00,107.1200027,0.012304717,45.27,0,0,0
2013-11-14 00:00:00,108.5400009,0.01316905,99.48,0,0,0
2013-11-15 00:00:00,108.5500031,9.21474E-05,92.95,0,0,0
2013-11-18 00:00:00,108.5500031,0,83.28,0,0,0
2013-11-19 00:00:00,106.9199982,-0.01513005,94.16,0,0,0
2013-11-20 00:00:00,108.0599976,0.010605732,81.34,0,0,0
2013-11-21 00:00:00,110.0800018,0.018520785,62.15,0,0,0
2013-11-22 00:00:00,111.0500031,0.008773187,76.55,0,0,0
2013-11-25 00:00:00,111,-0.000450377,164.52,0,0,0
2013-11-26 00:00:00,110.8799973,-0.001081691,186.74,0,0,0
2013-11-27 00:00:00,111.3099976,0.003870569,67.52,0,0,0
2013-11-29 00:00:00,109.6900024,-0.014660852,76.1,0,0,0
2013-12-02 00:00:00,111.4499969,0.015917805,37.75,0,0,0
2013-12-03 00:00:00,112.6200027,0.010443312,81.95,0,0,0
2013-12-04 00:00:00,111.8799973,-0.0065925,99.3,0,0,0
2013-12-05 00:00:00,110.9800034,-0.008076809,44.55,0,0,0
2013-12-06 00:00:00,111.6100006,0.005660622,49.92,0,0,0
2013-12-09 00:00:00,109.3899994,-0.020091185,65.9,0,0,0
2013-12-10 00:00:00,109.3799973,-9.14397E-05,61.12,0,0,0
2013-12-11 00:00:00,109.6999969,0.002921307,67.52,0,0,0
2013-12-12 00:00:00,108.6699982,-0.009433589,57.64,0,0,0
2013-12-13 00:00:00,108.8300018,0.001471298,45.22,0,0,0
2013-12-16 00:00:00,110.4700012,0.014956953,41.46,0,0,0
2013-12-17 00:00:00,110.4100037,-0.000543259,116,0,0,0
2013-12-18 00:00:00,110.4100037,0,112.79,0,0,0
2013-12-19 00:00:00,110.2900009,-0.001087474,67.33,0,0,0
2013-12-20 00:00:00,111.7699966,0.01332989,106.17,0,0,0
2013-12-23 00:00:00,111.5599976,-0.001880617,47.47,0,0,0
2013-12-24 00:00:00,111.9000015,0.003043088,75.74,0,0,0
2013-12-26 00:00:00,111.9800034,0.000714685,104.83,0,0,0
2013-12-27 00:00:00,112.1800003,0.001784413,115.09,0,0,0
2013-12-30 00:00:00,111.2099991,-0.008684429,68.65,0,0,0
2013-12-31 00:00:00,110.8000031,-0.003693496,121.71,0,0,0
2014-01-02 00:00:00,107.7799988,-0.027634701,82.13,0,0,0
2014-01-03 00:00:00,106.8899994,-0.008291839,117.95,0,0,0
2014-01-06 00:00:00,106.7300034,-0.00149795,103.52,0,0,0
2014-01-07 00:00:00,107.3499985,0.005792198,91.53,0,0,0
2014-01-08 00:00:00,107.1500015,-0.001864774,93.83,0,0,0
2014-01-09 00:00:00,106.3899994,-0.007118154,61.47,0,0,0
2014-01-10 00:00:00,107.25,0.008050976,96.66,0,0,0
2014-01-13 00:00:00,106.75,-0.004672906,108.97,0,0,0
2014-01-14 00:00:00,106.3899994,-0.00337807,91.65,0,0,0
2014-01-15 00:00:00,107.1299973,0.006931443,87.8,0,0,0
2014-01-16 00:00:00,107.0899963,-0.000373456,60.78,0,0,0
2014-01-17 00:00:00,107.0599976,-0.000280166,64.95,0,0,0
2014-01-21 00:00:00,107.0599976,0,125.09,0,0,0
2014-01-22 00:00:00,108.2699966,0.011238674,81.95,0,0,0
2014-01-23 00:00:00,107.5800018,-0.006393302,61.22,0,0,0
2014-01-24 00:00:00,107.8799973,0.002784699,106.38,0,0,0
2014-01-27 00:00:00,106.6900024,-0.011092017,105.47,0,0,0
2014-01-28 00:00:00,107.4100037,0.006725866,64.61,0,0,0
2014-01-29 00:00:00,107.8499985,0.004088037,66.8,0,0,0
2014-01-30 00:00:00,107.9499969,0.00092677,45.56,0,0,0
2014-01-31 00:00:00,106.4000015,-0.014462537,75.72,0,0,0
2014-02-03 00:00:00,106.0400009,-0.003389201,156.58,0,0,0
2014-02-04 00:00:00,105.7799988,-0.002454936,51.89,0,0,0
2014-02-05 00:00:00,106.25,0.004433354,91.35,0,0,0
2014-02-06 00:00:00,107.1900024,0.008808176,43.72,0,0,0
2014-02-07 00:00:00,109.5699997,0.021960628,60.64,0,0,0
2014-02-10 00:00:00,108.6299973,-0.008616024,55.36,0,0,0
2014-02-11 00:00:00,108.6800003,0.0004602,77.7,0,0,0
2014-02-12 00:00:00,108.7900009,0.001011639,59.72,0,0,0
2014-02-13 00:00:00,108.7300034,-0.000551651,68.09,0,0,0
2014-02-14 00:00:00,108.7300034,0,61.68,0,0,0
2014-02-18 00:00:00,108.7300034,0,95.14,0,0,0
2014-02-19 00:00:00,110.4700012,0.015876226,85.04,0,0,0
2014-02-20 00:00:00,110.3000031,-0.001540048,115.87,0,0,0
2014-02-21 00:00:00,109.8499985,-0.004088169,116.56,0,0,0
2014-02-24 00:00:00,110.6399994,0.007165897,69.37,0,0,0
2014-02-25 00:00:00,109.5100021,-0.010265793,61.57,0,0,0
2014-02-26 00:00:00,109.5199966,9.12615E-05,71.67,0,0,0
2014-02-27 00:00:00,108.9599991,-0.005126316,65.92,0,0,0
2014-02-28 00:00:00,109.0699997,0.001009041,70.88,0,0,0
2014-03-03 00:00:00,111.1999969,0.019340479,180.03,0,0,0
2014-03-04 00:00:00,109.3000031,-0.017233931,213.07,0,0,0
2014-03-05 00:00:00,107.7600021,-0.014189871,213.84,0,0,0
2014-03-06 00:00:00,108.0999985,0.003150159,142.99,0,0,0
2014-03-07 00:00:00,109,0.008291172,165.26,0,0,0
2014-03-10 00:00:00,108.0800018,-0.008476172,118.64,0,0,0
2014-03-11 00:00:00,108.5500031,0.004339214,115.14,0,0,0
2014-03-12 00:00:00,108.0199966,-0.00489456,124.27,0,0,0
2014-03-13 00:00:00,107.3899994,-0.005849302,84.94,0,0,0
2014-03-14 00:00:00,108.5699997,0.010928061,103.85,0,0,0
2014-03-17 00:00:00,108.5400009,-0.000276346,135.21,0,0,0
2014-03-18 00:00:00,106.7900009,-0.016254479,194.08,0,0,0
2014-03-19 00:00:00,105.8499985,-0.008841315,153.07,0,0,0
2014-03-20 00:00:00,106.4499969,0.00565238,97.97,0,0,0
2014-03-21 00:00:00,106.9199982,0.004405511,117.65,0,0,0
2014-03-24 00:00:00,106.8099976,-0.001029342,122.18,0,0,0
2014-03-25 00:00:00,106.9899979,0.00168382,140.59,0,0,0
2014-03-26 00:00:00,107.0299988,0.000373805,108.48,0,0,0
2014-03-27 00:00:00,107.8300018,0.007446772,87.17,0,0,0
2014-03-28 00:00:00,108.0699997,0.002223233,112.16,0,0,0
2014-03-31 00:00:00,107.7600021,-0.002872611,85.82,0,0,0
2014-04-01 00:00:00,105.6200027,-0.020058779,120.93,0,0,0
2014-04-02 00:00:00,104.7900009,-0.007889417,94.75,0,0,0
2014-04-03 00:00:00,106.1500015,0.012894846,63.3,0,0,0
2014-04-04 00:00:00,106.7200012,0.005355391,59.55,0,0,0
2014-04-07 00:00:00,105.8199997,-0.008469059,56.96,0,0,0
2014-04-08 00:00:00,107.6699982,0.017331442,115.94,0,0,0
2014-04-09 00:00:00,107.9800034,0.002875079,142.43,0,0,0
2014-04-10 00:00:00,107.4599991,-0.004827379,85.11,0,0,0
2014-04-11 00:00:00,107.3300018,-0.001210459,52.94,0,0,0
2014-04-14 00:00:00,109.0699997,0.016081658,125,0,0,0
2014-04-15 00:00:00,108.7399979,-0.003030183,129.57,0,0,0
2014-04-16 00:00:00,108.8000031,0.00055167,143.85,0,0,0
2014-04-17 00:00:00,109.5299988,0.006687111,82.81,0,0,0
2014-04-21 00:00:00,109.9499969,0.003827216,89.93,0,0,0
2014-04-22 00:00:00,109.2699966,-0.006203836,135.49,0,0,0
2014-04-23 00:00:00,109.1100006,-0.0014653,114.79,0,0,0
2014-04-24 00:00:00,110.3300018,0.011119338,66.79,0,0,0
2014-04-25 00:00:00,109.5800018,-0.006820999,125.74,0,0,0
2014-04-28 00:00:00,108.1200027,-0.013413146,116.31,0,0,0
2014-04-29 00:00:00,108.9800034,0.007922663,125.79,0,0,0
2014-04-30 00:00:00,108.0699997,-0.008385247,182.05,0,0,0
2014-05-01 00:00:00,107.7600021,-0.002872611,79.18,0,0,0
2014-05-02 00:00:00,108.5899963,0.007672737,92.12,0,0,0
2014-05-05 00:00:00,107.7200012,-0.008044009,63.88,0,0,0
2014-05-06 00:00:00,107.0599976,-0.006145877,111.76,0,0,0
2014-05-07 00:00:00,108.1299973,0.009944779,80.21,0,0,0
2014-05-08 00:00:00,108.0400009,-0.000832644,121.4,0,0,0
2014-05-09 00:00:00,107.8899994,-0.001389353,119.73,0,0,0
2014-05-12 00:00:00,108.4100037,0.004808186,93.84,0,0,0
2014-05-13 00:00:00,109.2399979,0.007626908,114.08,0,0,0
2014-05-14 00:00:00,110.1900024,0.008658894,113.31,0,0,0
2014-05-15 00:00:00,110.4400024,0.002266239,60.23,0,0,0
2014-05-16 00:00:00,110.4199982,-0.000181149,79.41,0,0,0
2014-05-19 00:00:00,109.3700027,-0.009554606,56.46,0,0,0
2014-05-20 00:00:00,109.6900024,0.002921573,77.74,0,0,0
2014-05-21 00:00:00,110.5500031,0.007809707,94.75,0,0,0
2014-05-22 00:00:00,110.3600006,-0.00172018,58.46,0,0,0
2014-05-23 00:00:00,110.5400009,0.0016297,110.17,0,0,0
2014-05-27 00:00:00,110.0199966,-0.004715318,68.71,0,0,0
2014-05-28 00:00:00,109.8099976,-0.00191056,96.48,0,0,0
2014-05-29 00:00:00,109.9700012,0.001456035,114.97,0,0,0
2014-05-30 00:00:00,109.4100037,-0.005105285,64.88,0,0,0
2014-06-02 00:00:00,108.8300018,-0.005315278,57.28,0,0,0
2014-06-03 00:00:00,108.8199997,-9.19103E-05,84.4,0,0,0
2014-06-04 00:00:00,108.4000015,-0.003867035,76.47,0,0,0
2014-06-05 00:00:00,108.7900009,0.003591324,107.98,0,0,0
2014-06-06 00:00:00,108.6100006,-0.001655937,52.97,0,0,0
2014-06-09 00:00:00,109.9899979,0.012625943,75.93,0,0,0
2014-06-10 00:00:00,109.5199966,-0.004282283,114.52,0,0,0
2014-06-11 00:00:00,109.9499969,0.003918539,130.06,0,0,0
2014-06-12 00:00:00,113.0199966,0.027539075,87.97,0,0,0
2014-06-13 00:00:00,113.4100037,0.003444839,99.45,0,0,0
2014-06-16 00:00:00,113.2200012,-0.001676764,135.31,0,0,0
2014-06-17 00:00:00,113.4499969,0.002029345,207.04,0,0,0
2014-06-18 00:00:00,114.2600021,0.007114388,144.56,0,0,0
2014-06-19 00:00:00,115.0599976,0.006977138,104.75,0,0,0
2014-06-20 00:00:00,114.8099976,-0.002175143,143.7,0,0,0
2014-06-23 00:00:00,114.1200027,-0.006028016,129,0,0,0
2014-06-24 00:00:00,114.4599991,0.002974859,155.02,0,0,0
2014-06-25 00:00:00,114,-0.004026961,94.64,0,0,0
2014-06-26 00:00:00,113.2099991,-0.006953955,95.02,0,0,0
2014-06-27 00:00:00,113.3000031,0.000794702,136.64,0,0,0
2014-06-30 00:00:00,112.3600006,-0.008331187,84.1,0,0,0
2014-07-01 00:00:00,112.2900009,-0.000623189,127.72,0,0,0
2014-07-02 00:00:00,111.2399979,-0.009394809,134.72,0,0,0
2014-07-03 00:00:00,111,-0.002159809,93.11,0,0,0
2014-07-07 00:00:00,110.2399979,-0.006870413,124.03,0,0,0
2014-07-08 00:00:00,108.9400024,-0.011862494,114.52,0,0,0
2014-07-09 00:00:00,108.2799988,-0.006076841,109.21,0,0,0
2014-07-10 00:00:00,108.6699982,0.003595297,75.13,0,0,0
2014-07-11 00:00:00,106.6600037,-0.018669511,116.43,0,0,0
2014-07-14 00:00:00,106.9800034,0.002995693,151.03,0,0,0
2014-07-15 00:00:00,106.0199966,-0.009014209,97.3,0,0,0
2014-07-16 00:00:00,105.8499985,-0.001604741,160.09,0,0,0
2014-07-17 00:00:00,105.9599991,0.001038673,147.45,0,0,0
2014-07-18 00:00:00,107.2399979,0.012007638,207.28,0,0,0
2014-07-21 00:00:00,107.6800003,0.004094575,203.45,0,0,0
2014-07-22 00:00:00,107.3300018,-0.003255651,208.98,0,0,0
2014-07-23 00:00:00,108.0299988,0.006500737,217.15,0,0,0
2014-07-24 00:00:00,107.0699997,-0.008926132,119.6,0,0,0
2014-07-25 00:00:00,108.3899994,0.012253005,180.28,0,0,0
2014-07-28 00:00:00,107.5699997,-0.007594033,149.44,0,0,0
2014-07-29 00:00:00,107.7200012,0.001393484,169.99,0,0,0
2014-07-30 00:00:00,106.5100021,-0.011296382,202.23,0,0,0
2014-07-31 00:00:00,106.0199966,-0.004611174,141.77,0,0,0
2014-08-01 00:00:00,104.8399963,-0.01119238,151.3,0,0,0
2014-08-04 00:00:00,105.4100037,0.005422199,155.7,0,0,0
2014-08-05 00:00:00,104.6100006,-0.007618388,172.58,0,0,0
2014-08-06 00:00:00,104.5899963,-0.000191245,159.54,0,0,0
2014-08-07 00:00:00,105.4400024,0.008094184,177.73,0,0,0
2014-08-08 00:00:00,105.0199966,-0.003991318,212.4,0,0,0
2014-08-11 00:00:00,104.6800003,-0.003242696,206.7,0,0,0
2014-08-12 00:00:00,103.0199966,-0.015984969,150.57,0,0,0
2014-08-13 00:00:00,104.2799988,0.012156466,165.85,0,0,0
2014-08-14 00:00:00,102.0100021,-0.022008709,106.74,0,0,0
2014-08-15 00:00:00,101.9499969,-0.000588402,131.82,0,0,0
2014-08-18 00:00:00,101.5999985,-0.003438947,115.86,0,0,0
2014-08-19 00:00:00,101.5599976,-0.000393787,216.15,0,0,0
2014-08-20 00:00:00,102.2799988,0.007064406,123.03,0,0,0
2014-08-21 00:00:00,102.6299973,0.003416122,153.54,0,0,0
2014-08-22 00:00:00,102.2900009,-0.003318335,109.58,0,0,0
2014-08-25 00:00:00,102.6500015,0.003513233,167.6,0,0,0
2014-08-26 00:00:00,102.5,-0.00146236,118.14,0,0,0
2014-08-27 00:00:00,102.7200012,0.002144053,143.08,0,0,0
2014-08-28 00:00:00,102.4599991,-0.002534382,97.53,0,0,0
2014-08-29 00:00:00,103.1900024,0.007099503,157.34,0,0,0
2014-09-02 00:00:00,100.3399963,-0.02800759,219.28,0,0,0
2014-09-03 00:00:00,102.7699966,0.023929066,184.26,0,0,0
2014-09-04 00:00:00,101.8300018,-0.009188675,219.84,0,0,0
2014-09-05 00:00:00,100.8199997,-0.009968029,117.67,0,0,0
2014-09-08 00:00:00,100.1999969,-0.006168587,147.02,0,0,0
2014-09-09 00:00:00,99.16000366,-0.010433414,110.56,0,0,0
2014-09-10 00:00:00,98.04000092,-0.011359176,131.68,0,0,0
2014-09-11 00:00:00,98.08000183,0.000407923,118.18,0,0,0
2014-09-12 00:00:00,97.11000061,-0.009939128,168.17,0,0,0
2014-09-15 00:00:00,96.65000153,-0.004748141,112.87,0,0,0
2014-09-16 00:00:00,96.62999725,-0.000206998,157.35,0,0,0
2014-09-17 00:00:00,98.97000122,0.023927563,159.8,0,0,0
2014-09-18 00:00:00,97.69999695,-0.012915258,118.06,0,0,0
2014-09-19 00:00:00,98.38999939,0.007037639,132.81,0,0,0
2014-09-22 00:00:00,96.97000122,-0.014537502,80.68,0,0,0
2014-09-23 00:00:00,96.84999847,-0.001238291,179.18,0,0,0
2014-09-24 00:00:00,96.94999695,0.001031976,146.88,0,0,0
2014-09-25 00:00:00,97,0.000515628,107.53,0,0,0
2014-09-26 00:00:00,97,0,151.31,0,0,0
2014-09-29 00:00:00,97.19999695,0.002059702,101.28,0,0,0
2014-09-30 00:00:00,94.66999817,-0.026373539,97.3,0,0,0
2014-10-01 00:00:00,94.16000366,-0.005401639,108.34,0,0,0
2014-10-02 00:00:00,93.41999817,-0.007890066,57.61,0,0,0
2014-10-03 00:00:00,92.30999756,-0.011952984,103.98,0,0,0
2014-10-06 00:00:00,92.79000092,0.005186434,95.29,0,0,0
2014-10-07 00:00:00,92.11000061,-0.007355364,67.6,0,0,0
2014-10-08 00:00:00,91.37999725,-0.007956916,80.98,0,0,0
2014-10-09 00:00:00,90.05000305,-0.014661501,75.36,0,0,0
2014-10-10 00:00:00,90.20999908,0.00177517,121.7,0,0,0
2014-10-13 00:00:00,88.88999939,-0.014740632,80.68,0,0,0
2014-10-14 00:00:00,85.04000092,-0.044277899,70.29,0,0,0
2014-10-15 00:00:00,83.77999878,-0.014927444,89.53,0,0,0
2014-10-16 00:00:00,84.47000122,0.008202155,68.58,0,0,0
2014-10-17 00:00:00,84.54000092,0.00082835,86.51,0,0,0
2014-10-20 00:00:00,85.40000153,0.010121313,75.86,0,0,0
2014-10-21 00:00:00,86.22000122,0.009556065,60.74,0,0,0
2014-10-22 00:00:00,84.70999908,-0.017668536,78.5,0,0,0
2014-10-23 00:00:00,86.83000183,0.024718558,74.29,0,0,0
2014-10-24 00:00:00,86.12999725,-0.008094454,91.68,0,0,0
2014-10-27 00:00:00,85.83000183,-0.003489134,96.68,0,0,0
2014-10-28 00:00:00,86.02999878,0.002327441,139.38,0,0,0
2014-10-29 00:00:00,87.12000275,0.012590452,92.37,0,0,0
2014-10-30 00:00:00,86.23999786,-0.010152428,103.4,0,0,0
2014-10-31 00:00:00,85.86000061,-0.004416012,89.83,0,0,0
2014-11-03 00:00:00,84.77999878,-0.012658418,80.91,0,0,0
2014-11-04 00:00:00,82.81999969,-0.023390077,79.88,0,0,0
2014-11-05 00:00:00,82.94999695,0.001568405,103.52,0,0,0
2014-11-06 00:00:00,82.86000061,-0.001085536,41.02,0,0,0
2014-11-07 00:00:00,83.38999939,0.006375947,90.21,0,0,0
2014-11-10 00:00:00,82.33999634,-0.012671419,57.86,0,0,0
2014-11-11 00:00:00,81.66999817,-0.008170257,77.04,0,0,0
2014-11-12 00:00:00,80.37999725,-0.01592136,57.42,0,0,0
2014-11-13 00:00:00,77.91999817,-0.031082719,61.54,0,0,0
2014-11-14 00:00:00,77.73999786,-0.002312738,77.45,0,0,0
2014-11-17 00:00:00,79.30999756,0.019994295,136.55,0,0,0
2014-11-18 00:00:00,78.47000122,-0.010647792,87.4,0,0,0
2014-11-19 00:00:00,78.09999847,-0.004726364,92.24,0,0,0
2014-11-20 00:00:00,79.33000183,0.015626353,89.16,0,0,0
2014-11-21 00:00:00,80.36000061,0.012900157,110.54,0,0,0
2014-11-24 00:00:00,79.68000031,-0.00849793,142.11,0,0,0
2014-11-25 00:00:00,78.33000183,-0.017087922,163.64,0,0,0
2014-11-26 00:00:00,77.75,-0.007432144,119.09,0,0,0
2014-11-28 00:00:00,70.15000153,-0.102862723,90.87,0,0,0
2014-12-01 00:00:00,72.54000092,0.033502318,57.56,0,0,0
2014-12-02 00:00:00,70.54000092,-0.027958209,108.91,0,0,0
2014-12-03 00:00:00,69.91999817,-0.008828233,88.44,0,0,0
2014-12-04 00:00:00,69.63999939,-0.004012599,89.81,0,0,0
2014-12-05 00:00:00,69.06999969,-0.008218627,62.5,0,0,0
2014-12-08 00:00:00,66.19000244,-0.042591048,109.47,0,0,0
2014-12-09 00:00:00,66.83999634,0.009772218,72.48,0,0,0
2014-12-10 00:00:00,64.23999786,-0.039675613,107.79,0,0,0
2014-12-11 00:00:00,63.68000031,-0.00875549,81.71,0,0,0
2014-12-12 00:00:00,61.84999847,-0.029158472,77.55,0,0,0
2014-12-15 00:00:00,61.06000137,-0.012855064,66.97,0,0,0
2014-12-16 00:00:00,59.86000061,-0.019848497,136.07,0,0,0
2014-12-17 00:00:00,59.79999924,-0.001002864,144.74,0,0,0
2014-12-18 00:00:00,59.27000046,-0.008902365,122.82,0,0,0
2014-12-19 00:00:00,61.38000107,0.034980783,110.97,0,0,0
2014-12-22 00:00:00,60.11000061,-0.020907839,74.2,0,0,0
2014-12-23 00:00:00,61.68999863,0.025945594,56.85,0,0,0
2014-12-24 00:00:00,60.24000168,-0.02378521,123.64,0,0,0
2014-12-26 00:00:00,59.45000076,-0.013200975,114.02,0,0,0
2014-12-29 00:00:00,57.88000107,-0.026763716,92.94,0,0,0
2014-12-30 00:00:00,57.90000153,0.000345491,69.62,0,0,0
2014-12-31 00:00:00,57.33000183,-0.009893332,93.75,0,0,0
2015-01-02 00:00:00,56.41999817,-0.016000406,106.86,0,0,0
2015-01-05 00:00:00,53.11000061,-0.060458427,100.72,0,0,0
2015-01-06 00:00:00,51.09999847,-0.038580779,66.82,0,0,0
2015-01-07 00:00:00,51.15000153,0.000978055,78.76,0,0,0
2015-01-08 00:00:00,50.95999908,-0.003721529,168.64,0,0,0
2015-01-09 00:00:00,50.11000061,-0.016820392,64.71,0,0,0
2015-01-12 00:00:00,47.43000031,-0.054965655,148.08,0,0,0
2015-01-13 00:00:00,46.59000015,-0.017869017,151.56,0,0,0
2015-01-14 00:00:00,48.68999863,0.044087713,88.39,0,0,0
2015-01-15 00:00:00,47.66999817,-0.021171411,132.79,0,0,0
2015-01-16 00:00:00,47.68999863,0.000419473,156.11,0,0,0
2015-01-20 00:00:00,47.99000168,0.006270987,175.29,0,0,0
2015-01-21 00:00:00,49.02999878,0.02143964,148.51,0,0,0
2015-01-22 00:00:00,48.52000046,-0.010456237,98.54,0,0,0
2015-01-23 00:00:00,48.79000092,0.005549299,109.12,0,0,0
2015-01-26 00:00:00,48.15999985,-0.012996595,135.93,0,0,0
2015-01-27 00:00:00,49.59999847,0.029462005,95.16,0,0,0
2015-01-28 00:00:00,48.47000122,-0.023045728,146.46,0,0,0
2015-01-29 00:00:00,49.13000107,0.013524793,105.28,0,0,0
2015-01-30 00:00:00,52.99000168,0.07563338,126.52,0,0,0
2015-02-02 00:00:00,54.75,0.032674121,101.15,0,0,0
2015-02-03 00:00:00,57.90999985,0.05611271,141.25,0,0,0
2015-02-04 00:00:00,54.15999985,-0.066947453,90.7,0,0,0
2015-02-05 00:00:00,56.56999969,0.043536178,89.43,0,0,0
2015-02-06 00:00:00,57.79999924,0.021509959,166.44,0,0,0
2015-02-09 00:00:00,58.34000015,0.009299205,128.99,0,0,0
2015-02-10 00:00:00,56.43000031,-0.03328703,134.23,0,0,0
2015-02-11 00:00:00,54.65999985,-0.03186876,110.85,0,0,0
2015-02-12 00:00:00,57.04999924,0.042795885,76.61,0,0,0
2015-02-13 00:00:00,57.38999939,0.005941999,139.64,0,0,0
2015-02-17 00:00:00,62.52999878,0.085776361,123.75,0,0,0
2015-02-18 00:00:00,60.52999878,-0.032507332,154.67,0,0,0
2015-02-19 00:00:00,60.20999908,-0.005300653,143.86,0,0,0
2015-02-20 00:00:00,60.22000122,0.000166107,136.85,0,0,0
2015-02-23 00:00:00,58.90000153,-0.022163427,168.18,0,0,0
2015-02-24 00:00:00,58.65999985,-0.004083056,149.09,0,0,0
2015-02-25 00:00:00,61.63000107,0.049390721,114.38,0,0,0
2015-02-26 00:00:00,60.04999924,-0.025971246,95.06,0,0,0
2015-02-27 00:00:00,62.58000183,0.041268232,105.94,0,0,0
2015-03-02 00:00:00,59.54000092,-0.049797397,105.47,0,0,0
2015-03-03 00:00:00,61.02000046,0.024553316,149.37,0,0,0
2015-03-04 00:00:00,60.54999924,-0.007732229,218.32,0,0,0
2015-03-05 00:00:00,60.47999954,-0.001156733,77.49,0,0,0
2015-03-06 00:00:00,59.72999954,-0.012478325,86.04,0,0,0
2015-03-09 00:00:00,58.52999878,-0.020294977,79.82,0,0,0
2015-03-10 00:00:00,56.38999939,-0.037247595,89.77,0,0,0
2015-03-11 00:00:00,57.54000092,0.020188547,78.04,0,0,0
2015-03-12 00:00:00,57.08000183,-0.008026549,105.61,0,0,0
2015-03-13 00:00:00,54.66999817,-0.043138745,67.85,0,0,0
2015-03-16 00:00:00,53.43999863,-0.022755576,109.26,0,0,0
2015-03-17 00:00:00,53.43000031,-0.000187112,97.29,0,0,0
2015-03-18 00:00:00,55.90999985,0.045370861,117.37,0,0,0
2015-03-19 00:00:00,54.43000031,-0.026827774,55.87,0,0,0
2015-03-20 00:00:00,55.31999969,0.016219023,94.76,0,0,0
2015-03-23 00:00:00,55.91999817,0.010787564,98.3,0,0,0
2015-03-24 00:00:00,55.11000061,-0.014590866,100.38,0,0,0
2015-03-25 00:00:00,56.47999954,0.024555386,105.38,0,0,0
2015-03-26 00:00:00,59.18999863,0.046866,103.41,0,0,0
2015-03-27 00:00:00,56.40999985,-0.04810614,199.25,0,0,0
2015-03-30 00:00:00,56.29000092,-0.002129529,123.24,0,0,0
2015-03-31 00:00:00,55.11000061,-0.021185717,131.06,0,0,0
2015-04-01 00:00:00,57.09999847,0.035472891,138.93,0,0,0
2015-04-02 00:00:00,54.95000076,-0.038380395,113.85,0,0,0
2015-04-06 00:00:00,58.11999893,0.056086126,116.79,0,0,0
2015-04-07 00:00:00,59.09999847,0.016721078,110.13,0,0,0
2015-04-08 00:00:00,55.54999924,-0.061947396,166.76,0,0,0
2015-04-09 00:00:00,56.56999969,0.018195302,134.81,0,0,0
2015-04-10 00:00:00,57.86999893,0.022720293,142.14,0,0,0
2015-04-13 00:00:00,57.93000031,0.001036293,79.22,0,0,0
2015-04-14 00:00:00,58.43000031,0.008594071,121.65,0,0,0
2015-04-15 00:00:00,60.31999969,0.031834257,143.66,0,0,0
2015-04-16 00:00:00,60.40000153,0.001325412,104.72,0,0,0
2015-04-17 00:00:00,63.45000076,0.049263076,99.06,0,0,0
2015-04-20 00:00:00,63.45000076,0,91.73,0,0,0
2015-04-21 00:00:00,62.08000183,-0.021828301,85.28,0,0,0
2015-04-22 00:00:00,62.72999954,0.010415889,75.59,0,0,0
2015-04-23 00:00:00,64.84999847,0.033237092,61.08,0,0,0
2015-04-24 00:00:00,65.27999878,0.006608805,156.4,0,0,0
2015-04-27 00:00:00,64.83000183,-0.006917205,76.04,0,0,0
2015-04-28 00:00:00,64.63999939,-0.002935083,46.01,0,0,0
2015-04-29 00:00:00,65.83999634,0.018394096,84.1,0,0,0
2015-04-30 00:00:00,66.77999878,0.014176115,52.75,0,0,0
2015-05-01 00:00:00,66.45999908,-0.004803367,76.24,0,0,0
2015-05-04 00:00:00,66.44999695,-0.00015051,70.6,0,0,0
2015-05-05 00:00:00,67.51999664,0.015974061,44.76,0,0,0
2015-05-06 00:00:00,67.76999664,0.003695769,99.69,0,0,0
2015-05-07 00:00:00,65.54000092,-0.033458912,64.28,0,0,0
2015-05-08 00:00:00,65.38999939,-0.002291325,71.75,0,0,0
2015-05-11 00:00:00,64.91000366,-0.007367581,118.67,0,0,0
2015-05-12 00:00:00,66.86000061,0.029599139,62.17,0,0,0
2015-05-13 00:00:00,66.80999756,-0.000748157,114.38,0,0,0
2015-05-14 00:00:00,66.58999634,-0.003298372,77.47,0,0,0
2015-05-15 00:00:00,66.56999969,-0.00030034,95.24,0,0,0
2015-05-18 00:00:00,66.26999664,-0.004516766,112.12,0,0,0
2015-05-19 00:00:00,64.01999664,-0.034541773,128.44,0,0,0
2015-05-20 00:00:00,65.02999878,0.015653201,71.46,0,0,0
2015-05-21 00:00:00,66.54000092,0.022954601,56.79,0,0,0
2015-05-22 00:00:00,65.37000275,-0.017739805,84.29,0,0,0
2015-05-26 00:00:00,63.72000122,-0.025564975,37.4,0,0,0
2015-05-27 00:00:00,62.06000137,-0.026396823,83.28,0,0,0
2015-05-28 00:00:00,62.58000183,0.008344086,55.89,0,0,0
2015-05-29 00:00:00,65.55999756,0.046519949,55.47,0,0,0
2015-06-01 00:00:00,64.87999725,-0.010426349,106.23,0,0,0
2015-06-02 00:00:00,65.48999786,0.009358059,65.35,0,0,0
2015-06-03 00:00:00,63.79999924,-0.026144248,129.12,0,0,0
2015-06-04 00:00:00,62.02999878,-0.028135059,84.13,0,0,0
2015-06-05 00:00:00,63.31000137,0.020425197,62.5,0,0,0
2015-06-08 00:00:00,62.68999863,-0.009841393,81.79,0,0,0
2015-06-09 00:00:00,64.87999725,0.034337444,95.46,0,0,0
2015-06-10 00:00:00,65.69999695,0.012559512,48.58,0,0,0
2015-06-11 00:00:00,65.11000061,-0.009020722,54.97,0,0,0
2015-06-12 00:00:00,63.86999893,-0.019228406,41.64,0,0,0
2015-06-15 00:00:00,62.61000061,-0.019924731,63.2,0,0,0
2015-06-16 00:00:00,62.63000107,0.000319394,114.23,0,0,0
2015-06-17 00:00:00,63.86999893,0.019605337,79.93,0,0,0
2015-06-18 00:00:00,64.26000214,0.006087636,83.09,0,0,0
2015-06-19 00:00:00,63.02000046,-0.019485243,44.27,0,0,0
2015-06-22 00:00:00,63.34000015,0.0050649,90.68,0,0,0
2015-06-23 00:00:00,64.44999695,0.017372639,103.52,0,0,0
2015-06-24 00:00:00,63.49000168,-0.015007242,84.82,0,0,0
2015-06-25 00:00:00,63.20000076,-0.004578126,131.01,0,0,0
2015-06-26 00:00:00,63.25999832,0.000948878,81.49,0,0,0
2015-06-29 00:00:00,62.00999832,-0.019957556,136.93,0,0,0
2015-06-30 00:00:00,63.59000015,0.025160592,169.32,0,0,0
2015-07-01 00:00:00,62.00999832,-0.025160592,93.14,0,0,0
2015-07-02 00:00:00,62.06999969,0.00096714,84.56,0,0,0
2015-07-06 00:00:00,56.54000092,-0.093314407,109.33,0,0,0
2015-07-07 00:00:00,56.84999847,0.005467825,82.09,0,0,0
2015-07-08 00:00:00,57.04999924,0.00351187,61.78,0,0,0
2015-07-09 00:00:00,58.61000061,0.026977278,58.63,0,0,0
2015-07-10 00:00:00,58.72999954,0.002045321,107.39,0,0,0
2015-07-13 00:00:00,57.84999847,-0.015097234,123.07,0,0,0
2015-07-14 00:00:00,58.50999832,0.011344224,67.7,0,0,0
2015-07-15 00:00:00,57.04999924,-0.025269588,229.98,0,0,0
2015-07-16 00:00:00,57.50999832,0.008030754,117.65,0,0,0
2015-07-17 00:00:00,57.52000046,0.000173905,146.96,0,0,0
2015-07-20 00:00:00,56.65000153,-0.015240707,125.31,0,0,0
2015-07-21 00:00:00,57.04000092,0.006860778,193.98,0,0,0
2015-07-22 00:00:00,56.13000107,-0.016082344,152.95,0,0,0
2015-07-23 00:00:00,55.27000046,-0.015440174,87.72,0,0,0
2015-07-24 00:00:00,54.61999893,-0.011830178,113.36,0,0,0
2015-07-27 00:00:00,53.47000122,-0.021279325,171.44,0,0,0
2015-07-28 00:00:00,53.29999924,-0.003184455,132.93,0,0,0
2015-07-29 00:00:00,53.38000107,0.001499847,99.95,0,0,0
2015-07-30 00:00:00,53.31000137,-0.001312207,74.98,0,0,0
2015-07-31 00:00:00,52.20999908,-0.020849927,72.27,0,0,0
2015-08-03 00:00:00,49.52000046,-0.052897392,28.46,0,0,0
2015-08-04 00:00:00,49.99000168,0.009446381,155.1,0,0,0
2015-08-05 00:00:00,49.59000015,-0.008033815,77.83,0,0,0
2015-08-06 00:00:00,49.52000046,-0.001412566,128.8,0,0,0
2015-08-07 00:00:00,48.61000061,-0.018547354,90.14,0,0,0
2015-08-10 00:00:00,50.40999985,0.036360281,88.93,0,0,0
2015-08-11 00:00:00,49.18000031,-0.024702522,93.8,0,0,0
2015-08-12 00:00:00,49.65999985,0.009712734,97.43,0,0,0
2015-08-13 00:00:00,49.22000122,-0.008899707,110.11,0,0,0
2015-08-14 00:00:00,49.02999878,-0.003867739,78.32,0,0,0
2015-08-17 00:00:00,49.02999878,0,95.61,0,0,0
2015-08-18 00:00:00,48.81000137,-0.004497093,88.54,0,0,0
2015-08-19 00:00:00,47.15999985,-0.034389166,121.07,0,0,0
2015-08-20 00:00:00,46.61999893,-0.011516462,28.85,0,0,0
2015-08-21 00:00:00,45.45999908,-0.025196812,86.26,0,0,0
2015-08-24 00:00:00,42.68999863,-0.06286813,103.36,0,0,0
2015-08-25 00:00:00,43.20999908,0.01210726,58.12,0,0,0
2015-08-26 00:00:00,43.13999939,-0.001621302,79.11,0,0,0
2015-08-27 00:00:00,47.56000137,0.097541474,85.71,0,0,0
2015-08-28 00:00:00,50.04999924,0.05103039,52.89,0,0,0
2015-08-31 00:00:00,54.15000153,0.078735511,79.25,0,0,0
2015-09-01 00:00:00,49.56000137,-0.088573917,96.33,0,0,0
2015-09-02 00:00:00,50.5,0.018789252,75.72,0,0,0
2015-09-03 00:00:00,50.68000031,0.003558025,85.49,0,0,0
2015-09-04 00:00:00,49.61000061,-0.021338923,98.03,0,0,0
2015-09-08 00:00:00,49.52000046,-0.001815801,117.95,0,0,0
2015-09-09 00:00:00,47.58000183,-0.039964094,142.71,0,0,0
2015-09-10 00:00:00,48.88999939,0.027160321,143.31,0,0,0
2015-09-11 00:00:00,48.13999939,-0.015459444,118.87,0,0,0
2015-09-14 00:00:00,46.36999893,-0.037460744,79.94,0,0,0
2015-09-15 00:00:00,46.63000107,0.005591458,122.69,0,0,0
2015-09-16 00:00:00,46.61000061,-0.00042901,83.47,0,0,0
2015-09-17 00:00:00,49.08000183,0.051636534,83.41,0,0,0
2015-09-18 00:00:00,47.47000122,-0.033353699,83.91,0,0,0
2015-09-21 00:00:00,48.91999817,0.030088315,86.41,0,0,0
2015-09-22 00:00:00,49.08000183,0.003265384,188.75,0,0,0
2015-09-23 00:00:00,47.75,-0.02747259,85.78,0,0,0
2015-09-24 00:00:00,48.16999817,0.008757316,88.7,0,0,0
2015-09-25 00:00:00,48.59999847,0.008887117,81.84,0,0,0
2015-09-28 00:00:00,47.34000015,-0.026267892,92.13,0,0,0
2015-09-29 00:00:00,48.22999954,0.018625617,111.61,0,0,0
2015-09-30 00:00:00,48.36999893,0.00289854,101.28,0,0,0
2015-10-01 00:00:00,47.68999863,-0.014158061,128.45,0,0,0
2015-10-02 00:00:00,48.13000107,0.009184002,180.35,0,0,0
2015-10-05 00:00:00,49.25,0.023003662,91.1,0,0,0
2015-10-06 00:00:00,51.91999817,0.05279467,113.13,0,0,0
2015-10-07 00:00:00,51.33000183,-0.011428625,110.68,0,0,0
2015-10-08 00:00:00,53.04999924,0.032959438,70.64,0,0,0
2015-10-09 00:00:00,52.65000153,-0.007568583,88.39,0,0,0
2015-10-12 00:00:00,49.86000061,-0.054447177,79.32,0,0,0
2015-10-13 00:00:00,49.24000168,-0.012512755,80.69,0,0,0
2015-10-14 00:00:00,49.15000153,-0.001829458,105.44,0,0,0
2015-10-15 00:00:00,48.70999908,-0.008992549,84.32,0,0,0
2015-10-16 00:00:00,48.72999954,0.000410518,90.19,0,0,0
2015-10-19 00:00:00,48.61000061,-0.002465564,85.07,0,0,0
2015-10-20 00:00:00,48.70999908,0.002055045,70.16,0,0,0
2015-10-21 00:00:00,47.84999847,-0.017813243,69.37,0,0,0
2015-10-22 00:00:00,48.08000183,0.004795242,68.85,0,0,0
2015-10-23 00:00:00,47.99000168,-0.001873637,79.14,0,0,0
2015-10-26 00:00:00,47.54000092,-0.00942121,83.86,0,0,0
2015-10-27 00:00:00,46.81000137,-0.015474597,49.44,0,0,0
2015-10-28 00:00:00,49.04999924,0.046743286,68.04,0,0,0
2015-10-29 00:00:00,48.79999924,-0.005109873,62.65,0,0,0
2015-10-30 00:00:00,49.56000137,0.015453787,91.51,0,0,0
2015-11-02 00:00:00,48.79000092,-0.015658692,109.92,0,0,0
2015-11-03 00:00:00,50.54000092,0.035239727,53.27,0,0,0
2015-11-04 00:00:00,48.58000183,-0.039553159,96.48,0,0,0
2015-11-05 00:00:00,47.97999954,-0.012427713,60.45,0,0,0
2015-11-06 00:00:00,47.41999817,-0.011740206,89.18,0,0,0
2015-11-09 00:00:00,47.18999863,-0.004862065,87.31,0,0,0
2015-11-10 00:00:00,47.43999863,0.005283749,85.3,0,0,0
2015-11-11 00:00:00,45.81000137,-0.034963288,51.98,0,0,0
2015-11-12 00:00:00,44.06000137,-0.038950065,44.12,0,0,0
2015-11-13 00:00:00,43.61000061,-0.010265877,61.57,0,0,0
2015-11-16 00:00:00,43.58000183,-0.000688124,291.99,0,0,0
2015-11-17 00:00:00,43.56999969,-0.000229538,354.05,0,0,0
2015-11-18 00:00:00,44.13999939,0.012997554,309.5,0,0,0
2015-11-19 00:00:00,44.18000031,0.000905818,242.89,0,0,0
2015-11-20 00:00:00,44.65999985,0.010806038,212.19,0,0,0
2015-11-23 00:00:00,44.83000183,0.003799356,170.01,0,0,0
2015-11-24 00:00:00,46.11999893,0.028369073,246.84,0,0,0
2015-11-25 00:00:00,46.16999817,0.001083525,247.62,0,0,0
2015-11-27 00:00:00,44.86000061,-0.028783654,237.59,0,0,0
2015-11-30 00:00:00,44.61000061,-0.00558848,100.23,0,0,0
2015-12-01 00:00:00,44.43999863,-0.003818129,170.5,0,0,0
2015-12-02 00:00:00,42.49000168,-0.04487114,192.7,0,0,0
2015-12-03 00:00:00,43.84000015,0.031277852,157.92,0,0,0
2015-12-04 00:00:00,43,-0.01934653,156.33,0,0,0
2015-12-07 00:00:00,40.72999954,-0.054235205,197.37,0,0,0
2015-12-08 00:00:00,40.25999832,-0.011606532,197.98,0,0,0
2015-12-09 00:00:00,40.11000061,-0.003732684,199.5,0,0,0
2015-12-10 00:00:00,39.72999954,-0.009519137,147.41,0,0,0
2015-12-11 00:00:00,37.93000031,-0.046364195,150,0,0,0
2015-12-14 00:00:00,37.91999817,-0.000263735,119.42,0,0,0
2015-12-15 00:00:00,38.45000076,0.013880087,142.26,0,0,0
2015-12-16 00:00:00,37.18999863,-0.033318845,170.6,0,0,0
2015-12-17 00:00:00,37.18000031,-0.000268881,162.98,0,0,0
2015-12-18 00:00:00,36.88000107,-0.008101563,134.48,0,0,0
2015-12-21 00:00:00,36.34999847,-0.014475266,165.02,0,0,0
2015-12-22 00:00:00,36.11000061,-0.00662431,143.28,0,0,0
2015-12-23 00:00:00,37.36000061,0.034030778,73.74,0,0,0
2015-12-24 00:00:00,37.88999939,0.014086579,111.12,0,0,0
2015-12-28 00:00:00,36.61999893,-0.034092699,147.82,0,0,0
2015-12-29 00:00:00,37.79000092,0.031450032,109.35,0,0,0
2015-12-30 00:00:00,36.45999908,-0.035828797,141.56,0,0,0
2015-12-31 00:00:00,37.27999878,0.022241213,70.11,0,0,0
2016-01-04 00:00:00,37.22000122,-0.001610673,133.57,0,0,0
2016-01-05 00:00:00,36.41999817,-0.02172826,205.16,0,0,0
2016-01-06 00:00:00,34.22999954,-0.062015585,161.47,0,0,0
2016-01-07 00:00:00,33.75,-0.014122022,205.2,0,0,0
2016-01-08 00:00:00,33.54999924,-0.005943577,181.01,0,0,0
2016-01-11 00:00:00,31.54999924,-0.061463276,95.25,0,0,0
2016-01-12 00:00:00,30.86000061,-0.022112698,106.39,0,0,0
2016-01-13 00:00:00,30.30999947,-0.017983193,139.33,0,0,0
2016-01-14 00:00:00,31.03000069,0.023476827,125.48,0,0,0
2016-01-15 00:00:00,31.01000023,-0.00064476,112.73,0,0,0
2016-01-18 00:00:00,31.01000023,0,147.98,0,0,0
2016-01-19 00:00:00,28.76000023,-0.0753242,154.42,0,0,0
2016-01-20 00:00:00,27.87999916,-0.031075985,194.34,0,0,0
2016-01-21 00:00:00,29.25,0.047970018,87.87,0,0,0
2016-01-22 00:00:00,32.18000031,0.095465577,110.86,0,0,0
2016-01-25 00:00:00,30.5,-0.053618467,82.81,0,0,0
2016-01-26 00:00:00,31.79999924,0.041739582,72.01,0,0,0
2016-01-27 00:00:00,33.09999847,0.04006697,93.97,0,0,0
2016-01-28 00:00:00,33.88999939,0.023586731,76.84,0,0,0
2016-01-29 00:00:00,34.74000168,0.024771842,83.25,0,0,0
2016-02-01 00:00:00,34.68999863,-0.001440388,132.71,0,0,0
2016-02-02 00:00:00,32.72000122,-0.058464872,103.52,0,0,0
2016-02-03 00:00:00,35.04000092,0.068503743,104.03,0,0,0
2016-02-04 00:00:00,34.45999908,-0.016691088,96.65,0,0,0
2016-02-05 00:00:00,34.06000137,-0.011675489,109.38,0,0,0
2016-02-08 00:00:00,32.88000107,-0.035259113,139.53,0,0,0
2016-02-09 00:00:00,30.31999969,-0.081057052,77.6,0,0,0
2016-02-10 00:00:00,30.84000015,0.017005003,99.33,0,0,0
2016-02-11 00:00:00,30.05999947,-0.025617187,118.48,0,0,0
2016-02-12 00:00:00,33.36000061,0.104162229,106.14,0,0,0
2016-02-16 00:00:00,32.18000031,-0.036012445,128.85,0,0,0
2016-02-17 00:00:00,34.5,0.069614173,134.09,0,0,0
2016-02-18 00:00:00,34.27999878,-0.006397266,118.96,0,0,0
2016-02-19 00:00:00,33.00999832,-0.037751563,161.59,0,0,0
2016-02-22 00:00:00,34.68999863,0.049640926,104.66,0,0,0
2016-02-23 00:00:00,33.27000046,-0.041795318,150.36,0,0,0
2016-02-24 00:00:00,34.40999985,0.033691112,115.61,0,0,0
2016-02-25 00:00:00,35.29000092,0.025252448,57.19,0,0,0
2016-02-26 00:00:00,35.09999847,-0.005398577,88.87,0,0,0
2016-02-29 00:00:00,35.97000122,0.024484205,59.73,0,0,0
2016-03-01 00:00:00,35.95999908,-0.000278108,123.24,0,0,0
2016-03-02 00:00:00,36.93000031,0.026617053,81.85,0,0,0
2016-03-03 00:00:00,37.06999969,0.003783772,131.78,0,0,0
2016-03-04 00:00:00,38.72000122,0.043548285,72.01,0,0,0
2016-03-07 00:00:00,40.84000015,0.053305703,67.18,0,0,0
2016-03-08 00:00:00,39.65000153,-0.02957101,103.06,0,0,0
2016-03-09 00:00:00,41.06999969,0.035186934,91.76,0,0,0
2016-03-10 00:00:00,40.04999924,-0.025149266,99.95,0,0,0
2016-03-11 00:00:00,40.38999939,0.00845356,58.51,0,0,0
2016-03-14 00:00:00,39.52999878,-0.021522368,134.75,0,0,0
2016-03-15 00:00:00,38.74000168,-0.020187145,132.5,0,0,0
2016-03-16 00:00:00,40.33000183,0.040222953,100.38,0,0,0
2016-03-17 00:00:00,41.54000092,0.029561186,79.67,0,0,0
2016-03-18 00:00:00,41.20000076,-0.008218566,104.47,0,0,0
2016-03-21 00:00:00,41.54000092,0.008218566,112.46,0,0,0
2016-03-22 00:00:00,41.79000092,0.006000258,76.37,0,0,0
2016-03-23 00:00:00,40.47000122,-0.032096109,245.38,0,0,0
2016-03-24 00:00:00,40.43999863,-0.000741629,141.85,0,0,0
2016-03-28 00:00:00,40.27000046,-0.004212574,157.19,0,0,0
2016-03-29 00:00:00,39.13999939,-0.02846184,168.96,0,0,0
2016-03-30 00:00:00,39.25999832,0.0030612,140.48,0,0,0
2016-03-31 00:00:00,39.59999847,0.008622934,131.28,0,0,0
2016-04-01 00:00:00,39.65999985,0.00151404,156.7,0,0,0
2016-04-04 00:00:00,37.68999863,-0.050948348,113.14,0,0,0
2016-04-05 00:00:00,37.86999893,0.004764443,89.26,0,0,0
2016-04-06 00:00:00,39.84000015,0.050712223,101.51,0,0,0
2016-04-07 00:00:00,39.43000031,-0.010344481,93.88,0,0,0
2016-04-08 00:00:00,41.93999863,0.061713037,46.48,0,0,0
2016-04-11 00:00:00,42.83000183,0.020998842,95.74,0,0,0
2016-04-12 00:00:00,44.68999863,0.042510898,79.82,0,0,0
2016-04-13 00:00:00,44.18000031,-0.011477527,97.7,0,0,0
2016-04-14 00:00:00,43.84000015,-0.007725559,96.78,0,0,0
2016-04-15 00:00:00,43.09999847,-0.017023684,86.41,0,0,0
2016-04-18 00:00:00,42.90999985,-0.004418066,52.3,0,0,0
2016-04-19 00:00:00,44.02999878,0.025766297,90.25,0,0,0
2016-04-20 00:00:00,45.79999924,0.039412882,93.18,0,0,0
2016-04-21 00:00:00,44.52999878,-0.028120983,93.31,0,0,0
2016-04-22 00:00:00,45.11000061,0.012940873,76.72,0,0,0
2016-04-25 00:00:00,44.47999954,-0.014064325,80.27,0,0,0
2016-04-26 00:00:00,45.74000168,0.027933586,80.3,0,0,0
2016-04-27 00:00:00,47.18000031,0.030996855,74.16,0,0,0
2016-04-28 00:00:00,48.13999939,0.020143339,105.86,0,0,0
2016-04-29 00:00:00,48.13000107,-0.000207714,77.54,0,0,0
2016-05-02 00:00:00,48.09999847,-0.00062356,99.32,0,0,0
2016-05-03 00:00:00,46.75,-0.02846789,71.13,0,0,0
2016-05-04 00:00:00,44.61999893,-0.046632091,104.37,0,0,0
2016-05-05 00:00:00,45.00999832,0.008702485,103.83,0,0,0
2016-05-06 00:00:00,45.36999893,0.00796642,79.37,0,0,0
2016-05-09 00:00:00,43.63000107,-0.039106059,100.38,0,0,0
2016-05-10 00:00:00,45.52000046,0.042406788,72.8,0,0,0
2016-05-11 00:00:00,47.59999847,0.044680929,113.59,0,0,0
2016-05-12 00:00:00,48.08000183,0.010033599,101.36,0,0,0
2016-05-13 00:00:00,47.83000183,-0.005213232,88.22,0,0,0
2016-05-16 00:00:00,48.97000122,0.023554795,66.87,0,0,0
2016-05-17 00:00:00,49.27999878,0.006310404,88.4,0,0,0
2016-05-18 00:00:00,48.93000031,-0.007127583,92.4,0,0,0
2016-05-19 00:00:00,48.81000137,-0.002455474,73.92,0,0,0
2016-05-20 00:00:00,48.72000122,-0.00184559,115.9,0,0,0
2016-05-23 00:00:00,48.34999847,-0.007623458,121.71,0,0,0
2016-05-24 00:00:00,48.61000061,0.005363093,86.68,0,0,0
2016-05-25 00:00:00,49.74000168,0.022980189,75.74,0,0,0
2016-05-26 00:00:00,49.59000015,-0.003020269,68.92,0,0,0
2016-05-27 00:00:00,49.31999969,-0.005459531,81.85,0,0,0
2016-05-31 00:00:00,49.68999863,0.007474006,141.11,0,0,0
2016-06-01 00:00:00,49.70999908,0.000402424,100.84,0,0,0
2016-06-02 00:00:00,50.04000092,0.006616602,94.64,0,0,0
2016-06-03 00:00:00,49.63999939,-0.008025756,144.2,0,0,0
2016-06-06 00:00:00,50.54999924,0.018165982,101.41,0,0,0
2016-06-07 00:00:00,51.43999863,0.017453123,79.22,0,0,0
2016-06-08 00:00:00,52.50999832,0.020587542,76.72,0,0,0
2016-06-09 00:00:00,51.95000076,-0.010721863,61.34,0,0,0
2016-06-10 00:00:00,50.54000092,-0.027516612,62.17,0,0,0
2016-06-13 00:00:00,50.34999847,-0.003766531,93.31,0,0,0
2016-06-14 00:00:00,49.83000183,-0.01038134,108.36,0,0,0
2016-06-15 00:00:00,48.97000122,-0.017409358,129.71,0,0,0
2016-06-16 00:00:00,47.18999863,-0.037025914,78.98,0,0,0
2016-06-17 00:00:00,49.16999817,0.041101668,99.29,0,0,0
2016-06-20 00:00:00,50.65000153,0.029655617,90.83,0,0,0
2016-06-21 00:00:00,50.61999893,-0.000592527,116.32,0,0,0
2016-06-22 00:00:00,49.88000107,-0.014726592,104.51,0,0,0
2016-06-23 00:00:00,50.90999985,0.020439223,106.86,0,0,0
2016-06-24 00:00:00,48.40999985,-0.050352964,67.6,0,0,0
2016-06-27 00:00:00,47.15999985,-0.026160328,109.87,0,0,0
2016-06-28 00:00:00,48.58000183,0.029665889,96.44,0,0,0
2016-06-29 00:00:00,50.61000061,0.040937236,151.01,0,0,0
2016-06-30 00:00:00,49.68000031,-0.018546754,134.23,0,0,0
2016-07-01 00:00:00,49.84000015,0.003215434,112.06,0,0,0
2016-07-05 00:00:00,47.95999908,-0.038450566,98.28,0,0,0
2016-07-06 00:00:00,48.79999924,0.017362986,107.65,0,0,0
2016-07-07 00:00:00,46.40000153,-0.050430805,141.48,0,0,0
2016-07-08 00:00:00,46.75999832,0.007728609,131.03,0,0,0
2016-07-11 00:00:00,46.25,-0.010966637,90.25,0,0,0
2016-07-12 00:00:00,48.47000122,0.046883611,114.82,0,0,0
2016-07-13 00:00:00,46.25999832,-0.046667455,57.69,0,0,0
2016-07-14 00:00:00,47.36999893,0.023711474,109.42,0,0,0
2016-07-15 00:00:00,47.61000061,0.005053742,91.61,0,0,0
2016-07-18 00:00:00,46.95999908,-0.01374668,158.04,0,0,0
2016-07-19 00:00:00,46.65999985,-0.006408893,190.25,0,0,0
2016-07-20 00:00:00,47.16999817,0.010870795,104.29,0,0,0
2016-07-21 00:00:00,46.20000076,-0.020778244,146.57,0,0,0
2016-07-22 00:00:00,45.68999863,-0.011100389,150.14,0,0,0
2016-07-25 00:00:00,44.72000122,-0.021458569,100.57,0,0,0
2016-07-26 00:00:00,44.86999893,0.00334854,81.79,0,0,0
2016-07-27 00:00:00,43.47000122,-0.031698323,99.43,0,0,0
2016-07-28 00:00:00,42.70000076,-0.017872135,90.89,0,0,0
2016-07-29 00:00:00,42.45999908,-0.005636503,107.76,0,0,0
2016-08-01 00:00:00,42.45000076,-0.000235504,98.59,0,0,0
2016-08-02 00:00:00,41.79999924,-0.015430609,126.3,0,0,0
2016-08-03 00:00:00,43.09999847,0.03062664,118.51,0,0,0
2016-08-04 00:00:00,44.29000092,0.027235977,154.44,0,0,0
2016-08-05 00:00:00,44.27000046,-0.000451682,93.31,0,0,0
2016-08-08 00:00:00,45.38999939,0.024984546,116.03,0,0,0
2016-08-09 00:00:00,44.97999954,-0.009073867,114.04,0,0,0
2016-08-10 00:00:00,44.04999924,-0.020892601,116.23,0,0,0
2016-08-11 00:00:00,46.04000092,0.044185269,97.58,0,0,0
2016-08-12 00:00:00,46.97000122,0.019998522,112.61,0,0,0
2016-08-15 00:00:00,48.34999847,0.028957064,97.81,0,0,0
2016-08-16 00:00:00,49.22999954,0.018036994,95.12,0,0,0
2016-08-17 00:00:00,49.84999847,0.012515281,61.16,0,0,0
2016-08-18 00:00:00,50.88999939,0.020647963,118.66,0,0,0
2016-08-19 00:00:00,50.88000107,-0.000196489,78.4,0,0,0
2016-08-22 00:00:00,49.15999985,-0.034389658,84.6,0,0,0
2016-08-23 00:00:00,49.95999908,0.016142385,89.98,0,0,0
2016-08-24 00:00:00,49.04999924,-0.018382496,139.23,0,0,0
2016-08-25 00:00:00,49.66999817,0.012560922,176.97,0,0,0
2016-08-26 00:00:00,49.91999817,0.005020595,80.3,0,0,0
2016-08-29 00:00:00,49.25999832,-0.013309329,151.2,0,0,0
2016-08-30 00:00:00,48.36999893,-0.018232594,79.75,0,0,0
2016-08-31 00:00:00,47.04000092,-0.027881442,86.18,0,0,0
2016-09-01 00:00:00,47.04999924,0.000212527,72.01,0,0,0
2016-09-02 00:00:00,46.83000183,-0.004686788,77.37,0,0,0
2016-09-06 00:00:00,47.25999832,0.009140174,91.34,0,0,0
2016-09-07 00:00:00,47.97999954,0.015120012,91.87,0,0,0
2016-09-08 00:00:00,49.99000168,0.041038771,60.41,0,0,0
2016-09-09 00:00:00,48.00999832,-0.040413731,116.91,0,0,0
2016-09-12 00:00:00,48.31999969,0.00643626,137.55,0,0,0
2016-09-13 00:00:00,47.09999847,-0.025572579,122.26,0,0,0
2016-09-14 00:00:00,45.84999847,-0.026897803,115.55,0,0,0
2016-09-15 00:00:00,46.59000015,0.016010764,99.24,0,0,0
2016-09-16 00:00:00,45.77000046,-0.017757064,51.03,0,0,0
2016-09-19 00:00:00,45.95000076,0.003925001,255.73,0,0,0
2016-09-20 00:00:00,45.88000107,-0.00152455,183.11,0,0,0
2016-09-21 00:00:00,46.83000183,0.020494747,162.74,0,0,0
2016-09-22 00:00:00,47.65000153,0.0173586,95.46,0,0,0
2016-09-23 00:00:00,45.88999939,-0.037635447,100.25,0,0,0
2016-09-26 00:00:00,47.34999847,0.031319572,133.84,0,0,0
2016-09-27 00:00:00,45.97000122,-0.029577751,83.86,0,0,0
2016-09-28 00:00:00,48.68999863,0.057484606,115.89,0,0,0
2016-09-29 00:00:00,49.24000168,0.011232693,104.66,0,0,0
2016-09-30 00:00:00,49.06000137,-0.003662269,120.29,0,0,0
2016-10-03 00:00:00,49.09999847,0.000814937,64.84,0,0,0
2016-10-04 00:00:00,50.86999893,0.035414334,147.35,0,0,0
2016-10-05 00:00:00,51.86000061,0.019274454,119.91,0,0,0
2016-10-06 00:00:00,52.50999832,0.012455804,92.69,0,0,0
2016-10-07 00:00:00,51.93000031,-0.011106932,25.32,0,0,0
2016-10-10 00:00:00,51.93000031,0,90.02,0,0,0
2016-10-11 00:00:00,52.40999985,0.009200746,85.38,0,0,0
2016-10-12 00:00:00,51.81000137,-0.011514203,101.61,0,0,0
2016-10-13 00:00:00,52.02999878,0.004237245,112.54,0,0,0
2016-10-14 00:00:00,51.95000076,-0.00153872,93.18,0,0,0
2016-10-17 00:00:00,51.52000046,-0.008311642,128.76,0,0,0
2016-10-18 00:00:00,51.68000031,0.003100775,114.42,0,0,0
2016-10-19 00:00:00,52.66999817,0.018975133,112.2,0,0,0
2016-10-20 00:00:00,51.38000107,-0.024796986,115.55,0,0,0
2016-10-21 00:00:00,51.77999878,0.007754938,78.98,0,0,0
2016-10-24 00:00:00,51.45999908,-0.006199162,86.04,0,0,0
2016-10-25 00:00:00,50.79000092,-0.013105286,71.3,0,0,0
2016-10-26 00:00:00,49.97999954,-0.016076587,96.95,0,0,0
2016-10-27 00:00:00,50.47000122,0.009756208,99.09,0,0,0
2016-10-28 00:00:00,49.70999908,-0.015173023,82.21,0,0,0
2016-10-31 00:00:00,48.29999924,-0.028774557,63.81,0,0,0
2016-11-01 00:00:00,48.33000183,0.000620979,89.67,0,0,0
2016-11-02 00:00:00,46.86000061,-0.030888078,77.04,0,0,0
2016-11-03 00:00:00,46.34999847,-0.010943187,62.05,0,0,0
2016-11-04 00:00:00,45.58000183,-0.016752195,48.22,0,0,0
2016-11-07 00:00:00,46.15000153,0.01242793,66.01,0,0,0
2016-11-08 00:00:00,46.04000092,-0.00238639,89.67,0,0,0
2016-11-09 00:00:00,46.36000061,0.006926428,50.19,0,0,0
2016-11-10 00:00:00,45.84000015,-0.011279956,71.24,0,0,0
2016-11-11 00:00:00,45.84000015,0,94.9,0,0,0
2016-11-14 00:00:00,44.43000031,-0.031242152,153.25,0,0,0
2016-11-15 00:00:00,46.95000076,0.055168298,81.46,0,0,0
2016-11-16 00:00:00,46.63000107,-0.006839088,106.86,0,0,0
2016-11-17 00:00:00,46.49000168,-0.003006862,59.96,0,0,0
2016-11-18 00:00:00,46.86000061,0.007927174,92.14,0,0,0
2016-11-21 00:00:00,48.90000153,0.042612982,118.52,0,0,0
2016-11-22 00:00:00,49.11999893,0.004488834,100.06,0,0,0
2016-11-23 00:00:00,48.95000076,-0.003466878,75.68,0,0,0
2016-11-25 00:00:00,47.24000168,-0.035558358,76.49,0,0,0
2016-11-28 00:00:00,48.24000168,0.02094756,111.2,0,0,0
2016-11-29 00:00:00,46.38000107,-0.039320232,145.43,0,0,0
2016-11-30 00:00:00,50.47000122,0.08451077,120.17,0,0,0
2016-12-01 00:00:00,50.45999908,-0.000198199,146.61,0,0,0
2016-12-02 00:00:00,54.45999908,0.076285545,64.86,0,0,0
2016-12-05 00:00:00,54.93999863,0.008775185,85.23,0,0,0
2016-12-06 00:00:00,53.93000031,-0.018554741,68.57,0,0,0
2016-12-07 00:00:00,53,-0.017395001,103.35,0,0,0
2016-12-08 00:00:00,53.88999939,0.016653007,75.4,0,0,0
2016-12-09 00:00:00,54.33000183,0.008131674,71.09,0,0,0
2016-12-12 00:00:00,55.68999863,0.024723979,95.5,0,0,0
2016-12-13 00:00:00,55.72000122,0.000538598,137.07,0,0,0
2016-12-14 00:00:00,53.90000153,-0.033208665,110.95,0,0,0
2016-12-15 00:00:00,54.02000046,0.002223851,108.93,0,0,0
2016-12-16 00:00:00,55.20999908,0.021789723,107.92,0,0,0
2016-12-19 00:00:00,54.91999817,-0.005266532,85.88,0,0,0
2016-12-20 00:00:00,55.34999847,0.007799084,114.64,0,0,0
2016-12-21 00:00:00,54.45999908,-0.016210161,195.18,0,0,0
2016-12-22 00:00:00,55.04999924,0.010775379,125.22,0,0,0
2016-12-23 00:00:00,55.15999985,0.001996201,182.84,0,0,0
2016-12-27 00:00:00,56.09000015,0.016719496,90.87,0,0,0
2016-12-28 00:00:00,56.22000122,0.002315041,127.41,0,0,0
2016-12-29 00:00:00,56.13999939,-0.001424027,98.78,0,0,0
2016-12-30 00:00:00,56.13000107,-0.000178112,206.67,0,0,0
2017-01-03 00:00:00,55.47000122,-0.011828092,121.97,0,0,0
2017-01-04 00:00:00,56.45999908,0.017690051,108.89,0,0,0
2017-01-05 00:00:00,56.88999939,0.007587161,68.14,0,0,0
2017-01-06 00:00:00,57.09999847,0.003684522,129.06,0,0,0
2017-01-09 00:00:00,54.93999863,-0.038562434,161.03,0,0,0
2017-01-10 00:00:00,53.63999939,-0.023946609,66.47,0,0,0
2017-01-11 00:00:00,55.09999847,0.026854641,137.61,0,0,0
2017-01-12 00:00:00,56.00999832,0.016380528,129.81,0,0,0
2017-01-13 00:00:00,55.45000076,-0.010048489,127.04,0,0,0
2017-01-17 00:00:00,55.47000122,0.000360629,100.72,0,0,0
2017-01-18 00:00:00,53.91999817,-0.028340923,102.5,0,0,0
2017-01-19 00:00:00,54.15999985,0.004441193,125.67,0,0,0
2017-01-20 00:00:00,55.49000168,0.024260229,104.66,0,0,0
2017-01-23 00:00:00,55.22999954,-0.004696579,111.45,0,0,0
2017-01-24 00:00:00,55.43999863,0.003795054,96.98,0,0,0
2017-01-25 00:00:00,55.08000183,-0.006514623,104.38,0,0,0
2017-01-26 00:00:00,56.24000168,0.02084157,111.43,0,0,0
2017-01-27 00:00:00,55.52000046,-0.012884953,119.16,0,0,0
2017-01-30 00:00:00,55.22999954,-0.005237049,166.49,0,0,0
2017-01-31 00:00:00,55.70000076,0.008473885,188.69,0,0,0
2017-02-01 00:00:00,55.65999985,-0.000718407,150.57,0,0,0
2017-02-02 00:00:00,56.56000137,0.016040293,166.1,0,0,0
2017-02-03 00:00:00,56.81000137,0.004410345,184.03,0,0,0
2017-02-06 00:00:00,55.72000122,-0.01937322,83.56,0,0,0
2017-02-07 00:00:00,55.04999924,-0.012097322,184.34,0,0,0
2017-02-08 00:00:00,55.11999893,0.001270758,101.93,0,0,0
2017-02-09 00:00:00,55.63000107,0.009210036,92.3,0,0,0
2017-02-10 00:00:00,56.70000076,0.019051581,212.41,0,0,0
2017-02-13 00:00:00,55.59000015,-0.019770892,132.02,0,0,0
2017-02-14 00:00:00,55.97000122,0.006812523,185.85,0,0,0
2017-02-15 00:00:00,55.75,-0.003938444,118.86,0,0,0
2017-02-16 00:00:00,55.65000153,-0.001795305,127.41,0,0,0
2017-02-17 00:00:00,55.81000137,0.002870984,88.52,0,0,0
2017-02-21 00:00:00,56.65999985,0.015115402,139.23,0,0,0
2017-02-22 00:00:00,55.84000015,-0.014578031,95.25,0,0,0
2017-02-23 00:00:00,56.58000183,0.013165137,59.78,0,0,0
2017-02-24 00:00:00,55.99000168,-0.010482465,90.82,0,0,0
2017-02-27 00:00:00,55.93000031,-0.001072219,81.36,0,0,0
2017-02-28 00:00:00,55.59000015,-0.006097583,69.57,0,0,0
2017-03-01 00:00:00,55.59999847,0.000179842,130.1,0,0,0
2017-03-02 00:00:00,55.08000183,-0.009396467,114.54,0,0,0
2017-03-03 00:00:00,55.90000153,0.0147777,64.77,0,0,0
2017-03-06 00:00:00,56.00999832,0.001965809,117.26,0,0,0
2017-03-07 00:00:00,55.91999817,-0.001608151,141.89,0,0,0
2017-03-08 00:00:00,53.11000061,-0.051556819,111.12,0,0,0
2017-03-09 00:00:00,52.18999863,-0.017474367,123.04,0,0,0
2017-03-10 00:00:00,51.36999893,-0.015836556,71.8,0,0,0
2017-03-13 00:00:00,51.34999847,-0.000389417,78.47,0,0,0
2017-03-14 00:00:00,50.91999817,-0.008409169,59.83,0,0,0
2017-03-15 00:00:00,51.81000137,0.01732747,95.86,0,0,0
2017-03-16 00:00:00,51.74000168,-0.001351998,80.58,0,0,0
2017-03-17 00:00:00,51.75999832,0.000386409,97.04,0,0,0
2017-03-20 00:00:00,51.61999893,-0.002708444,140.57,0,0,0
2017-03-21 00:00:00,50.95999908,-0.01286818,81.22,0,0,0
2017-03-22 00:00:00,50.63999939,-0.006299228,156.5,0,0,0
2017-03-23 00:00:00,50.56000137,-0.001580989,131.19,0,0,0
2017-03-24 00:00:00,50.79999924,0.004735563,177.37,0,0,0
2017-03-27 00:00:00,50.75,-0.000984722,116.55,0,0,0
2017-03-28 00:00:00,51.33000183,0.011363794,87.33,0,0,0
2017-03-29 00:00:00,52.41999817,0.021012751,93.54,0,0,0
2017-03-30 00:00:00,52.95999908,0.010248731,75.63,0,0,0
2017-03-31 00:00:00,52.83000183,-0.002457649,118.14,0,0,0
2017-04-03 00:00:00,53.11999893,0.005474239,79.89,0,0,0
2017-04-04 00:00:00,54.16999817,0.019573731,150.57,0,0,0
2017-04-05 00:00:00,54.36000061,0.003501385,125.2,0,0,0
2017-04-06 00:00:00,54.88999939,0.009702571,124.1,0,0,0
2017-04-07 00:00:00,55.24000168,0.006356187,143.82,0,0,0
2017-04-10 00:00:00,55.97999954,0.013307117,134.96,0,0,0
2017-04-11 00:00:00,56.22999954,0.004455938,97.26,0,0,0
2017-04-12 00:00:00,55.86000061,-0.006601843,171.34,0,0,0
2017-04-13 00:00:00,55.88999939,0.000536891,156.75,0,0,0
2017-04-17 00:00:00,55.36000061,-0.00952814,111.51,0,0,0
2017-04-18 00:00:00,54.88999939,-0.008526151,106.67,0,0,0
2017-04-19 00:00:00,52.93000031,-0.03636088,152.97,0,0,0
2017-04-20 00:00:00,52.99000168,0.001132957,178.77,0,0,0
2017-04-21 00:00:00,51.95999908,-0.019629074,130.76,0,0,0
2017-04-24 00:00:00,51.59999847,-0.006952531,142.73,0,0,0
2017-04-25 00:00:00,52.09999847,0.009643277,61.82,0,0,0
2017-04-26 00:00:00,51.81999969,-0.00538875,92.16,0,0,0
2017-04-27 00:00:00,51.43999863,-0.007360116,104.5,0,0,0
2017-04-28 00:00:00,51.72999954,0.005621822,126.36,0,0,0
2017-05-01 00:00:00,51.52000046,-0.004067784,126.25,0,0,0
2017-05-02 00:00:00,50.45999908,-0.020789166,126.74,0,0,0
2017-05-03 00:00:00,50.79000092,0.006518578,109.72,0,0,0
2017-05-04 00:00:00,48.38000107,-0.048612976,95.95,0,0,0
2017-05-05 00:00:00,49.09999847,0.014772476,76.31,0,0,0
2017-05-08 00:00:00,49.34000015,0.00487611,72.8,0,0,0
2017-05-09 00:00:00,48.72999954,-0.012440267,77.81,0,0,0
2017-05-10 00:00:00,50.22000122,0.030118531,124,0,0,0
2017-05-11 00:00:00,50.77000046,0.01089226,99.9,0,0,0
2017-05-12 00:00:00,50.84000015,0.001377811,78.99,0,0,0
2017-05-15 00:00:00,51.81999969,0.01909272,75.43,0,0,0
2017-05-16 00:00:00,51.65000153,-0.003285944,74.92,0,0,0
2017-05-17 00:00:00,52.20999908,0.010783805,97.43,0,0,0
2017-05-18 00:00:00,52.50999832,0.005729566,97.73,0,0,0
2017-05-19 00:00:00,53.61000061,0.020732034,75.72,0,0,0
2017-05-22 00:00:00,53.86999893,0.004838088,143.48,0,0,0
2017-05-23 00:00:00,54.15000153,0.005184285,139.23,0,0,0
2017-05-24 00:00:00,53.95999908,-0.003514987,181.95,0,0,0
2017-05-25 00:00:00,51.45999908,-0.047438225,146.44,0,0,0
2017-05-26 00:00:00,52.15000153,0.013319422,218.07,0,0,0
2017-05-30 00:00:00,51.84000015,-0.005962156,128.18,0,0,0
2017-05-31 00:00:00,50.31000137,-0.029958163,157.74,0,0,0
2017-06-01 00:00:00,50.33000183,0.000397465,90.67,0,0,0
2017-06-02 00:00:00,49.95000076,-0.007578837,88.57,0,0,0
2017-06-05 00:00:00,49.47000122,-0.00965607,276.61,0,0,0
2017-06-06 00:00:00,50.11999893,0.013053659,227.28,0,0,0
2017-06-07 00:00:00,48.06000137,-0.04196985,245.96,0,0,0
2017-06-08 00:00:00,47.86000061,-0.004170164,182.93,0,0,0
2017-06-09 00:00:00,48.15000153,0.006041075,121.29,0,0,0
2017-06-12 00:00:00,48.29000092,0.002903349,144.55,0,0,0
2017-06-13 00:00:00,48.72000122,0.00886513,107.04,0,0,0
2017-06-14 00:00:00,47,-0.035942047,77.4,0,0,0
2017-06-15 00:00:00,46.91999817,-0.001703617,108.02,0,0,0
2017-06-16 00:00:00,47.36999893,0.00954511,105.62,0,0,0
2017-06-19 00:00:00,46.90999985,-0.009758225,171.01,0,0,0
2017-06-20 00:00:00,46.02000046,-0.019154775,204.2,0,0,0
2017-06-21 00:00:00,44.81999969,-0.026421633,180.24,0,0,0
2017-06-22 00:00:00,45.22000122,0.008885032,210.32,0,0,0
2017-06-23 00:00:00,45.54000092,0.007051587,107.31,0,0,0
2017-06-26 00:00:00,45.83000183,0.006347858,128.39,0,0,0
2017-06-27 00:00:00,46.65000153,0.017734022,106.1,0,0,0
2017-06-28 00:00:00,47.31000137,0.014048759,110.05,0,0,0
2017-06-29 00:00:00,47.41999817,0.002322323,103.36,0,0,0
2017-06-30 00:00:00,47.91999817,0.010488874,102.6,0,0,0
2017-07-03 00:00:00,49.68000031,0.036069528,120.57,0,0,0
2017-07-05 00:00:00,47.79000092,-0.038786012,208.9,0,0,0
2017-07-06 00:00:00,48.11000061,0.006673637,177.17,0,0,0
2017-07-07 00:00:00,46.70999908,-0.029531813,115.72,0,0,0
2017-07-10 00:00:00,46.88000107,0.003632913,98,0,0,0
2017-07-11 00:00:00,47.52000046,0.013559517,112.5,0,0,0
2017-07-12 00:00:00,47.74000168,0.004618971,94.17,0,0,0
2017-07-13 00:00:00,48.41999817,0.014143258,55.38,0,0,0
2017-07-14 00:00:00,48.90999985,0.010068958,93.1,0,0,0
2017-07-17 00:00:00,48.41999817,-0.010068958,114,0,0,0
2017-07-18 00:00:00,48.84000015,0.008636739,140.66,0,0,0
2017-07-19 00:00:00,49.70000076,0.017455296,67.03,0,0,0
2017-07-20 00:00:00,49.29999924,-0.008080883,114.77,0,0,0
2017-07-21 00:00:00,48.06000137,-0.025473807,80.1,0,0,0
2017-07-24 00:00:00,48.59999847,0.011173241,53.32,0,0,0
2017-07-25 00:00:00,50.20000076,0.032391542,100.2,0,0,0
2017-07-26 00:00:00,50.97000122,0.015222206,125.11,0,0,0
2017-07-27 00:00:00,51.49000168,0.010150398,107.2,0,0,0
2017-07-28 00:00:00,52.52000046,0.019806411,113.88,0,0,0
2017-07-31 00:00:00,52.65000153,0.002472209,170.75,0,0,0
2017-08-01 00:00:00,52.63000107,-0.000379948,198.39,0,0,0
2017-08-02 00:00:00,52.36000061,-0.005143367,145.29,0,0,0
2017-08-03 00:00:00,52.00999832,-0.006706977,135.81,0,0,0
2017-08-04 00:00:00,52.41999817,0.007852187,95.55,0,0,0
2017-08-07 00:00:00,52.36999893,-0.000954275,127.92,0,0,0
2017-08-08 00:00:00,52.13999939,-0.004401491,169.71,0,0,0
2017-08-09 00:00:00,52.70000076,0.010683073,136.3,0,0,0
2017-08-10 00:00:00,51.90000153,-0.01529665,215.32,0,0,0
2017-08-11 00:00:00,52.09999847,0.0038461,145.5,0,0,0
2017-08-14 00:00:00,50.72999954,-0.026647477,202.68,0,0,0
2017-08-15 00:00:00,50.79999924,0.001378897,232.36,0,0,0
2017-08-16 00:00:00,50.27000046,-0.010487853,159.37,0,0,0
2017-08-17 00:00:00,51.02999878,0.015005184,102.84,0,0,0
2017-08-18 00:00:00,52.72000122,0.032581242,138.91,0,0,0
2017-08-21 00:00:00,51.65999985,-0.020311129,177.33,0,0,0
2017-08-22 00:00:00,51.86999893,0.004056783,250.01,0,0,0
2017-08-23 00:00:00,52.56999969,0.013405041,149.31,0,0,0
2017-08-24 00:00:00,52.04000092,-0.010132938,95.29,0,0,0
2017-08-25 00:00:00,52.40999985,0.007084739,86.64,0,0,0
2017-08-28 00:00:00,51.88999939,-0.009971328,126.38,0,0,0
2017-08-29 00:00:00,52,0.002117637,85.88,0,0,0
2017-08-30 00:00:00,50.86000061,-0.022166947,142.65,0,0,0
2017-08-31 00:00:00,52.38000107,0.029448087,121.71,0,0,0
2017-09-01 00:00:00,52.31999969,-0.001146158,133.69,0,0,0
2017-09-05 00:00:00,53.38000107,0.020057463,188.15,0,0,0
2017-09-06 00:00:00,54.20000076,0.015244759,202.49,0,0,0
2017-09-07 00:00:00,54.49000168,0.005336307,152.65,0,0,0
2017-09-08 00:00:00,53.77999878,-0.013115601,132.7,0,0,0
2017-09-11 00:00:00,53.84000015,0.00111506,63.7,0,0,0
2017-09-12 00:00:00,54.27000046,0.007954908,125.11,0,0,0
2017-09-13 00:00:00,55.15999985,0.016266454,138.88,0,0,0
2017-09-14 00:00:00,55.47000122,0.005604306,84.8,0,0,0
2017-09-15 00:00:00,55.61999893,0.002700474,120.09,0,0,0
2017-09-18 00:00:00,55.47999954,-0.002520242,172.78,0,0,0
2017-09-19 00:00:00,55.13999939,-0.006147193,129.69,0,0,0
2017-09-20 00:00:00,56.29000092,0.020641521,163,0,0,0
2017-09-21 00:00:00,56.43000031,0.002484022,139.59,0,0,0
2017-09-22 00:00:00,56.86000061,0.00759118,107.49,0,0,0
2017-09-25 00:00:00,59.02000046,0.03728426,55.39,0,0,0
2017-09-26 00:00:00,58.43999863,-0.009875814,133.39,0,0,0
2017-09-27 00:00:00,57.90000153,-0.009283152,132.11,0,0,0
2017-09-28 00:00:00,57.40999985,-0.008498909,150.35,0,0,0
2017-09-29 00:00:00,57.54000092,0.002261873,72.12,0,0,0
2017-10-02 00:00:00,56.11999893,-0.024988138,148.88,0,0,0
2017-10-03 00:00:00,56,-0.002140545,90.38,0,0,0
2017-10-04 00:00:00,55.79999924,-0.003577835,108.68,0,0,0
2017-10-05 00:00:00,57,0.021277412,83.91,0,0,0
2017-10-06 00:00:00,55.61999893,-0.024508438,151.48,0,0,0
2017-10-09 00:00:00,55.79000092,0.003051829,61.34,0,0,0
2017-10-10 00:00:00,56.61000061,0.014591001,95.96,0,0,0
2017-10-11 00:00:00,56.93999863,0.005812399,115.26,0,0,0
2017-10-12 00:00:00,56.25,-0.012192017,85.93,0,0,0
2017-10-13 00:00:00,57.16999817,0.016223212,68.34,0,0,0
2017-10-16 00:00:00,57.81999969,0.011305478,111.01,0,0,0
2017-10-17 00:00:00,57.88000107,0.001037189,108.02,0,0,0
2017-10-18 00:00:00,58.15000153,0.004653985,118.03,0,0,0
2017-10-19 00:00:00,57.22999954,-0.015947677,121.04,0,0,0
2017-10-20 00:00:00,57.75,0.009045121,72.26,0,0,0
2017-10-23 00:00:00,57.36999893,-0.006601849,104.01,0,0,0
2017-10-24 00:00:00,58.33000183,0.016595072,110.13,0,0,0
2017-10-25 00:00:00,58.43999863,0.001883991,119.09,0,0,0
2017-10-26 00:00:00,59.29999924,0.01460873,83.76,0,0,0
2017-10-27 00:00:00,60.43999863,0.019041822,94.87,0,0,0
2017-10-30 00:00:00,60.90000153,0.007582085,97.43,0,0,0
2017-10-31 00:00:00,61.36999893,0.007687899,68.25,0,0,0
2017-11-01 00:00:00,61.29000092,-0.001304387,75.86,0,0,0
2017-11-02 00:00:00,60.61999893,-0.010991858,188.31,0,0,0
2017-11-03 00:00:00,62.06999969,0.023637921,88.23,0,0,0
2017-11-06 00:00:00,64.26999664,0.034830132,132.5,0,0,0
2017-11-07 00:00:00,63.68999863,-0.009065364,113.53,0,0,0
2017-11-08 00:00:00,63.49000168,-0.003145103,181.09,0,0,0
2017-11-09 00:00:00,63.93000031,0.0069063,109.61,0,0,0
2017-11-10 00:00:00,63.52000046,-0.006433915,107.6,0,0,0
2017-11-13 00:00:00,63.15999985,-0.005683637,83.04,0,0,0
2017-11-14 00:00:00,62.20999908,-0.015155443,111.66,0,0,0
2017-11-15 00:00:00,61.86999893,-0.005480352,71.93,0,0,0
2017-11-16 00:00:00,61.36000061,-0.008277225,119.27,0,0,0
2017-11-17 00:00:00,62.72000122,0.021922228,49.27,0,0,0
2017-11-20 00:00:00,62.22000122,-0.008003884,57.03,0,0,0
2017-11-21 00:00:00,62.56999969,0.005609414,144.84,0,0,0
2017-11-22 00:00:00,63.31999969,0.011915305,143.44,0,0,0
2017-11-24 00:00:00,63.86000061,0.008491967,74.13,0,0,0
2017-11-27 00:00:00,63.84000015,-0.000313241,164.18,0,0,0
2017-11-28 00:00:00,63.61000061,-0.003609255,101.45,0,0,0
2017-11-29 00:00:00,63.11000061,-0.007891455,99.85,0,0,0
2017-11-30 00:00:00,63.56999969,0.007262411,111.56,0,0,0
2017-12-01 00:00:00,63.49000168,-0.001259217,110.04,0,0,0
2017-12-04 00:00:00,62.45000076,-0.016516191,64.41,0,0,0
2017-12-05 00:00:00,62.86000061,0.006543792,133.24,0,0,0
2017-12-06 00:00:00,61.22000122,-0.026436088,109.02,0,0,0
2017-12-07 00:00:00,62.20000076,0.015881059,64.61,0,0,0
2017-12-08 00:00:00,63.40000153,0.019108873,89.09,0,0,0
2017-12-11 00:00:00,64.69000244,0.020142782,142.7,0,0,0
2017-12-12 00:00:00,63.34000015,-0.021089624,97.68,0,0,0
2017-12-13 00:00:00,62.43999863,-0.01431097,80.26,0,0,0
2017-12-14 00:00:00,63.31000137,0.013837243,104.08,0,0,0
2017-12-15 00:00:00,63.22999954,-0.001264451,90.98,0,0,0
2017-12-18 00:00:00,63.40999985,0.00284271,67.39,0,0,0
2017-12-19 00:00:00,63.79999924,0.006131603,78.64,0,0,0
2017-12-20 00:00:00,64.55999756,0.011841808,93.05,0,0,0
2017-12-21 00:00:00,64.90000153,0.005252661,94.13,0,0,0
2017-12-22 00:00:00,65.25,0.005378399,69.98,0,0,0
2017-12-26 00:00:00,67.01999664,0.026764986,97.95,0,0,0
2017-12-27 00:00:00,66.44000244,-0.008691711,115.55,0,0,0
2017-12-28 00:00:00,66.72000122,0.004205455,128.48,0,0,0
2017-12-29 00:00:00,66.59999847,-0.001800222,121.56,0,0,0
2018-01-02 00:00:00,66.56999969,-0.000450534,188.69,0,0,0
2018-01-03 00:00:00,67.83999634,0.018897916,138.02,0,0,0
2018-01-04 00:00:00,68.06999969,0.003384645,146.36,0,0,0
2018-01-05 00:00:00,67.62000275,-0.006632745,66.52,0,0,0
2018-01-08 00:00:00,67.77999878,0.00236331,82.17,0,0,0
2018-01-09 00:00:00,68.81999969,0.015227248,77.14,0,0,0
2018-01-10 00:00:00,69.19999695,0.005506423,71.72,0,0,0
2018-01-11 00:00:00,69.26000214,0.000866751,95.51,0,0,0
2018-01-12 00:00:00,69.87000275,0.008768842,167.51,0,0,0
2018-01-16 00:00:00,69.15000153,-0.010358332,58.75,0,0,0
2018-01-17 00:00:00,69.37999725,0.003320522,128.26,0,0,0
2018-01-18 00:00:00,69.30999756,-0.001009441,82.81,0,0,0
2018-01-19 00:00:00,68.61000061,-0.010150855,102.11,0,0,0
2018-01-22 00:00:00,69.02999878,0.006102869,130,0,0,0
2018-01-23 00:00:00,69.95999908,0.013382462,129,0,0,0
2018-01-24 00:00:00,70.52999878,0.008114497,136.35,0,0,0
2018-01-25 00:00:00,70.41999817,-0.001560846,82.49,0,0,0
2018-01-26 00:00:00,70.51999664,0.001419022,65.84,0,0,0
2018-01-29 00:00:00,69.45999908,-0.015145276,76.44,0,0,0
2018-01-30 00:00:00,69.01999664,-0.006354765,95.89,0,0,0
2018-01-31 00:00:00,69.05000305,0.000434655,102.41,0,0,0
2018-02-01 00:00:00,69.08000183,0.000434356,52.32,0,0,0
2018-02-02 00:00:00,68.58000183,-0.007264306,30.99,0,0,0
2018-02-05 00:00:00,67.62000275,-0.014097136,84.58,0,0,0
2018-02-06 00:00:00,66.86000061,-0.011302948,56.74,0,0,0
2018-02-07 00:00:00,65.51000214,-0.020398055,76.44,0,0,0
2018-02-08 00:00:00,64.80999756,-0.010742961,93.48,0,0,0
2018-02-09 00:00:00,62.79000092,-0.031664035,72.1,0,0,0
2018-02-12 00:00:00,62.59000015,-0.003190316,124.5,0,0,0
2018-02-13 00:00:00,62.72000122,0.002074872,73.42,0,0,0
2018-02-14 00:00:00,64.36000061,0.025811936,37.5,0,0,0
2018-02-15 00:00:00,64.33000183,-0.000466218,69.7,0,0,0
2018-02-16 00:00:00,64.83999634,0.007896527,53.12,0,0,0
2018-02-20 00:00:00,65.25,0.006303406,91.38,0,0,0
2018-02-21 00:00:00,65.41999817,0.002601948,72.12,0,0,0
2018-02-22 00:00:00,66.38999939,0.014718439,53.79,0,0,0
2018-02-23 00:00:00,67.30999756,0.013762344,74.93,0,0,0
2018-02-26 00:00:00,67.5,0.00281882,90.38,0,0,0
2018-02-27 00:00:00,66.62999725,-0.012972713,65.6,0,0,0
2018-02-28 00:00:00,65.77999878,-0.012839063,70.13,0,0,0
2018-03-01 00:00:00,65.70999908,-0.001064715,93.71,0,0,0
2018-03-02 00:00:00,64.37000275,-0.020603378,151.31,0,0,0
2018-03-05 00:00:00,65.54000092,0.018012929,108.15,0,0,0
2018-03-06 00:00:00,65.79000092,0.003807208,88.45,0,0,0
2018-03-07 00:00:00,64.33999634,-0.0222864,134.18,0,0,0
2018-03-08 00:00:00,63.61000061,-0.011410765,106.1,0,0,0
2018-03-09 00:00:00,65.48999786,0.029126726,101.21,0,0,0
2018-03-12 00:00:00,64.94999695,-0.00827973,135.9,0,0,0
2018-03-13 00:00:00,64.63999939,-0.004784291,119.59,0,0,0
2018-03-14 00:00:00,64.88999939,0.003860114,95,0,0,0
2018-03-15 00:00:00,65.12000275,0.003538245,189.41,0,0,0
2018-03-16 00:00:00,66.20999908,0.016599731,173.33,0,0,0
2018-03-19 00:00:00,66.05000305,-0.002419418,95.19,0,0,0
2018-03-20 00:00:00,67.41999817,0.020529605,134.78,0,0,0
2018-03-21 00:00:00,69.47000122,0.02995334,171.26,0,0,0
2018-03-22 00:00:00,68.91000366,-0.008093664,162.07,0,0,0
2018-03-23 00:00:00,70.44999695,0.022101837,84.12,0,0,0
2018-03-26 00:00:00,70.12000275,-0.004695096,81.38,0,0,0
2018-03-27 00:00:00,70.11000061,-0.000142653,90.82,0,0,0
2018-03-28 00:00:00,69.52999878,-0.008307149,91.53,0,0,0
2018-03-29 00:00:00,70.26999664,0.010586621,176.91,0,0,0
2018-04-02 00:00:00,67.63999939,-0.038145402,139.22,0,0,0
2018-04-03 00:00:00,68.12000275,0.007071381,105.72,0,0,0
2018-04-04 00:00:00,68.01999664,-0.001469166,70.67,0,0,0
2018-04-05 00:00:00,68.33000183,0.004547205,69.1,0,0,0
2018-04-06 00:00:00,67.11000061,-0.018015862,100.5,0,0,0
2018-04-09 00:00:00,68.65000153,0.022688081,102.21,0,0,0
2018-04-10 00:00:00,71.04000092,0.034221957,213.29,0,0,0
2018-04-11 00:00:00,72.05999756,0.01425596,102.49,0,0,0
2018-04-12 00:00:00,72.01999664,-0.00055526,296.52,0,0,0
2018-04-13 00:00:00,72.58000183,0.007745615,117.61,0,0,0
2018-04-16 00:00:00,71.41999817,-0.01611151,194.29,0,0,0
2018-04-17 00:00:00,71.58000183,0.002237814,178.37,0,0,0
2018-04-18 00:00:00,73.48000336,0.026197575,234.36,0,0,0
2018-04-19 00:00:00,73.77999878,0.00407437,214.14,0,0,0
2018-04-20 00:00:00,74.05999756,0.003787867,71.07,0,0,0
2018-04-23 00:00:00,74.70999908,0.008738397,88.52,0,0,0
2018-04-24 00:00:00,73.86000061,-0.011442522,150.57,0,0,0
2018-04-25 00:00:00,74,0.001893676,193.13,0,0,0
2018-04-26 00:00:00,74.73999786,0.009950302,146.27,0,0,0
2018-04-27 00:00:00,74.63999939,-0.001338847,91.8,0,0,0
2018-04-30 00:00:00,75.16999817,0.007075642,134.54,0,0,0
2018-05-01 00:00:00,75.16999817,0,155.35,0,0,0
2018-05-02 00:00:00,73.36000061,-0.024373355,186.62,0,0,0
2018-05-03 00:00:00,73.62000275,0.003537929,125.34,0,0,0
2018-05-04 00:00:00,74.87000275,0.016836548,139.02,0,0,0
2018-05-07 00:00:00,76.16999817,0.017214347,79.7,0,0,0
2018-05-08 00:00:00,74.84999847,-0.01748157,125.37,0,0,0
2018-05-09 00:00:00,77.20999908,0.03104288,284.19,0,0,0
2018-05-10 00:00:00,77.47000122,0.00336181,233.39,0,0,0
2018-05-11 00:00:00,77.12000275,-0.004528094,163.63,0,0,0
2018-05-14 00:00:00,78.23000336,0.014290563,125.73,0,0,0
2018-05-15 00:00:00,78.43000031,0.002553263,112.64,0,0,0
2018-05-16 00:00:00,79.27999878,0.010779364,150.57,0,0,0
2018-05-17 00:00:00,79.30000305,0.000252293,152.69,0,0,0
2018-05-18 00:00:00,78.51000214,-0.010012135,92.46,0,0,0
2018-05-21 00:00:00,79.22000122,0.009002775,125.67,0,0,0
2018-05-22 00:00:00,79.56999969,0.004408326,81.85,0,0,0
2018-05-23 00:00:00,79.80000305,0.002886409,179.17,0,0,0
2018-05-24 00:00:00,78.79000092,-0.012737446,153.59,0,0,0
2018-05-25 00:00:00,76.44000244,-0.030279946,140.56,0,0,0
2018-05-29 00:00:00,75.38999939,-0.013831519,71.24,0,0,0
2018-05-30 00:00:00,77.5,0.027603304,141.91,0,0,0
2018-05-31 00:00:00,77.58999634,0.001160569,92.14,0,0,0
2018-06-01 00:00:00,77.58999634,0,186.23,0,0,0
2018-06-04 00:00:00,75.29000092,-0.03009117,146.14,0,0,0
2018-06-05 00:00:00,75.37999725,0.001194615,178.04,0,0,0
2018-06-06 00:00:00,75.36000061,-0.000265313,108.61,0,0,0
2018-06-07 00:00:00,77.31999969,0.025676012,88.73,0,0,0
2018-06-08 00:00:00,76.45999908,-0.011184934,116.16,0,0,0
2018-06-11 00:00:00,76.45999908,0,135.01,0,0,0
2018-06-12 00:00:00,75.87999725,-0.007614607,155.89,0,0,0
2018-06-13 00:00:00,76.73999786,0.011269948,140.87,0,0,0
2018-06-14 00:00:00,75.94000244,-0.01047947,188.49,0,0,0
2018-06-15 00:00:00,73.44000244,-0.033474807,69.98,0,0,0
2018-06-18 00:00:00,75.33999634,0.025542374,47.08,0,0,0
2018-06-19 00:00:00,75.08000183,-0.003456918,99.42,0,0,0
2018-06-20 00:00:00,74.73999786,-0.004538841,121.34,0,0,0
2018-06-21 00:00:00,73.05000305,-0.022871216,93.6,0,0,0
2018-06-22 00:00:00,75.55000305,0.033650549,57.31,0,0,0
2018-06-25 00:00:00,74.73000336,-0.010913066,87.78,0,0,0
2018-06-26 00:00:00,76.30999756,0.020922296,137.23,0,0,0
2018-06-27 00:00:00,77.62000275,0.017021202,130.6,0,0,0
2018-06-28 00:00:00,77.84999847,0.002958717,88.44,0,0,0
2018-06-29 00:00:00,79.44000244,0.020218172,141.04,0,0,0
2018-07-02 00:00:00,77.30000305,-0.027308055,123.03,0,0,0
2018-07-03 00:00:00,77.76000214,0.005933193,146.82,0,0,0
2018-07-05 00:00:00,77.38999939,-0.004769622,119.57,0,0,0
2018-07-06 00:00:00,77.11000061,-0.003624584,128.33,0,0,0
2018-07-09 00:00:00,78.06999969,0.012372874,170.47,0,0,0
2018-07-10 00:00:00,78.86000061,0.01006828,121.88,0,0,0
2018-07-11 00:00:00,73.40000153,-0.07175018,125.25,0,0,0
2018-07-12 00:00:00,74.44999695,0.014203762,172.86,0,0,0
2018-07-13 00:00:00,75.33000183,0.011750768,125.48,0,0,0
2018-07-16 00:00:00,71.83999634,-0.047437113,168.76,0,0,0
2018-07-17 00:00:00,72.16000366,0.004444553,100.8,0,0,0
2018-07-18 00:00:00,72.90000153,0.010202733,88.57,0,0,0
2018-07-19 00:00:00,72.58000183,-0.004399233,143.05,0,0,0
2018-07-20 00:00:00,73.06999969,0.006728455,54.1,0,0,0
2018-07-23 00:00:00,73.05999756,-0.000136894,161.71,0,0,0
2018-07-24 00:00:00,73.44000244,0.005187792,161.13,0,0,0
2018-07-25 00:00:00,73.93000031,0.006649924,105.16,0,0,0
2018-07-26 00:00:00,74.54000092,0.008217203,107.87,0,0,0
2018-07-27 00:00:00,74.29000092,-0.003359541,119.33,0,0,0
2018-07-30 00:00:00,74.97000122,0.009111684,118.86,0,0,0
2018-07-31 00:00:00,74.25,-0.009650272,109.94,0,0,0
2018-08-01 00:00:00,74.25,0,140.03,0,0,0
2018-08-02 00:00:00,73.44999695,-0.010832917,121.88,0,0,0
2018-08-03 00:00:00,73.20999908,-0.00327285,147.88,0,0,0
2018-08-06 00:00:00,73.75,0.007348984,162.55,0,0,0
2018-08-07 00:00:00,74.65000153,0.012129549,200.46,0,0,0
2018-08-08 00:00:00,72.27999878,-0.032263096,129.06,0,0,0
2018-08-09 00:00:00,72.06999969,-0.002909584,170.89,0,0,0
2018-08-10 00:00:00,72.80999756,0.01021541,121.94,0,0,0
2018-08-13 00:00:00,72.61000061,-0.002750613,142.48,0,0,0
2018-08-14 00:00:00,72.45999908,-0.002067989,136.4,0,0,0
2018-08-15 00:00:00,70.76000214,-0.023740773,111.39,0,0,0
2018-08-16 00:00:00,71.43000031,0.009424054,128.16,0,0,0
2018-08-17 00:00:00,71.83000183,0.005584288,107.13,0,0,0
2018-08-20 00:00:00,72.20999908,0.005276286,106.86,0,0,0
2018-08-21 00:00:00,72.62999725,0.005799494,152,0,0,0
2018-08-22 00:00:00,74.77999878,0.029172431,119.33,0,0,0
2018-08-23 00:00:00,74.73000336,-0.00066879,120.29,0,0,0
2018-08-24 00:00:00,75.81999969,0.014480443,44.46,0,0,0
2018-08-27 00:00:00,76.20999908,0.00513057,109.46,0,0,0
2018-08-28 00:00:00,75.94999695,-0.003417487,134.44,0,0,0
2018-08-29 00:00:00,77.13999939,0.015546756,139.9,0,0,0
2018-08-30 00:00:00,77.76999664,0.008133765,86.17,0,0,0
2018-08-31 00:00:00,77.41999817,-0.004510588,62.03,0,0,0
2018-09-04 00:00:00,78.16999817,0.009640797,14.36,0,0,0
2018-09-05 00:00:00,77.26999664,-0.01158018,85.93,0,0,0
2018-09-06 00:00:00,76.5,-0.010014998,97.69,0,0,0
2018-09-07 00:00:00,76.83000183,0.004304472,87.87,0,0,0
2018-09-10 00:00:00,77.37000275,0.007003931,55.42,0,0,0
2018-09-11 00:00:00,79.05999756,0.021607883,81.84,0,0,0
2018-09-12 00:00:00,79.73999786,0.008564288,80.89,0,0,0
2018-09-13 00:00:00,78.18000031,-0.019757451,68.57,0,0,0
2018-09-14 00:00:00,78.08999634,-0.001151903,118.31,0,0,0
2018-09-17 00:00:00,78.05000305,-0.000512275,91.08,0,0,0
2018-09-18 00:00:00,79.02999878,0.012477826,105.01,0,0,0
2018-09-19 00:00:00,79.40000153,0.004670876,58.63,0,0,0
2018-09-20 00:00:00,78.69999695,-0.008855271,107.93,0,0,0
2018-09-21 00:00:00,78.80000305,0.001269919,113.79,0,0,0
2018-09-24 00:00:00,81.19999695,0.030002174,143.44,0,0,0
2018-09-25 00:00:00,81.87000275,0.008217447,95.44,0,0,0
2018-09-26 00:00:00,81.33999634,-0.006494801,110.16,0,0,0
2018-09-27 00:00:00,81.72000122,0.004660929,73.7,0,0,0
2018-09-28 00:00:00,82.72000122,0.012162641,81.46,0,0,0
2018-10-01 00:00:00,84.98000336,0.026954549,120.77,0,0,0
2018-10-02 00:00:00,84.80000305,-0.002120395,36.01,0,0,0
2018-10-03 00:00:00,86.29000092,0.017418148,94.42,0,0,0
2018-10-04 00:00:00,84.58000183,-0.020015873,69.01,0,0,0
2018-10-05 00:00:00,84.16000366,-0.004978061,78.22,0,0,0
2018-10-08 00:00:00,83.91000366,-0.002974953,49.11,0,0,0
2018-10-09 00:00:00,85,0.012906417,95.88,0,0,0
2018-10-10 00:00:00,83.08999634,-0.022726943,104.2,0,0,0
2018-10-11 00:00:00,80.26000214,-0.034652922,130.71,0,0,0
2018-10-12 00:00:00,80.43000031,0.002115853,87.07,0,0,0
2018-10-15 00:00:00,80.77999878,0.00434215,122.86,0,0,0
2018-10-16 00:00:00,81.41000366,0.007768766,134.62,0,0,0
2018-10-17 00:00:00,80.05000305,-0.016846683,117.82,0,0,0
2018-10-18 00:00:00,79.29000092,-0.009539449,127.06,0,0,0
2018-10-19 00:00:00,79.77999878,0.006160802,106.2,0,0,0
2018-10-22 00:00:00,79.83000183,0.000626565,83.92,0,0,0
2018-10-23 00:00:00,76.44000244,-0.043393245,108.82,0,0,0
2018-10-24 00:00:00,76.16999817,-0.003538491,127.58,0,0,0
2018-10-25 00:00:00,76.88999939,0.009408161,141.05,0,0,0
2018-10-26 00:00:00,77.62000275,0.00944934,159.1,0,0,0
2018-10-29 00:00:00,77.33999634,-0.003613922,94.36,0,0,0
2018-10-30 00:00:00,75.91000366,-0.018662763,109.74,0,0,0
2018-10-31 00:00:00,75.47000122,-0.005813234,81.53,0,0,0
2018-11-01 00:00:00,75.5,0.000397414,101.45,0,0,0
2018-11-02 00:00:00,72.83000183,-0.036004673,103.39,0,0,0
2018-11-05 00:00:00,73.16999817,0.004657492,114.68,0,0,0
2018-11-06 00:00:00,72.12999725,-0.014315467,62.59,0,0,0
2018-11-07 00:00:00,72.06999969,-0.000832144,140.43,0,0,0
2018-11-08 00:00:00,70.65000153,-0.019899734,60.82,0,0,0
2018-11-09 00:00:00,70.18000031,-0.006674756,114.37,0,0,0
2018-11-12 00:00:00,70.12000275,-0.000855275,42.74,0,0,0
2018-11-13 00:00:00,65.47000122,-0.068616058,142.28,0,0,0
2018-11-14 00:00:00,66.12000275,0.009879273,33.38,0,0,0
2018-11-15 00:00:00,66.62000275,0.00753356,106.86,0,0,0
2018-11-16 00:00:00,66.76000214,0.002099257,44.55,0,0,0
2018-11-19 00:00:00,66.79000092,0.000449252,55.67,0,0,0
2018-11-20 00:00:00,62.52999878,-0.06590696,58.04,0,0,0
2018-11-21 00:00:00,63.47999954,0.015078466,84.63,0,0,0
2018-11-23 00:00:00,58.79999924,-0.076583047,135.3,0,0,0
2018-11-26 00:00:00,60.47999954,0.028170882,101.26,0,0,0
2018-11-27 00:00:00,60.20999908,-0.004474288,129.9,0,0,0
2018-11-28 00:00:00,58.75999832,-0.024377114,100.89,0,0,0
2018-11-29 00:00:00,59.50999832,0.012683015,96.02,0,0,0
2018-11-30 00:00:00,58.70999908,-0.013534283,142.19,0,0,0
2018-12-03 00:00:00,61.68999863,0.049511766,50.19,0,0,0
2018-12-04 00:00:00,62.08000183,0.006302084,99.66,0,0,0
2018-12-06 00:00:00,60.06000137,-0.03307982,131.28,0,0,0
2018-12-07 00:00:00,61.66999817,0.026453474,196.08,0,0,0
2018-12-10 00:00:00,59.97000122,-0.027953102,90.95,0,0,0
2018-12-11 00:00:00,60.20000076,0.003827907,95.39,0,0,0
2018-12-12 00:00:00,60.15000153,-0.000830897,85.98,0,0,0
2018-12-13 00:00:00,61.45000076,0.021382381,132.15,0,0,0
2018-12-14 00:00:00,60.27999878,-0.019223495,120.08,0,0,0
2018-12-17 00:00:00,59.61000061,-0.011176998,72.8,0,0,0
2018-12-18 00:00:00,56.25999832,-0.057839582,72.22,0,0,0
2018-12-19 00:00:00,57.24000168,0.017269211,62.33,0,0,0
2018-12-20 00:00:00,54.34999847,-0.051808399,162.69,0,0,0
2018-12-21 00:00:00,53.81999969,-0.009799446,210.32,0,0,0
2018-12-24 00:00:00,50.47000122,-0.064266015,111.24,0,0,0
2018-12-26 00:00:00,54.47000122,0.076270989,63.1,0,0,0
2018-12-27 00:00:00,52.15999985,-0.043334199,30.22,0,0,0
2018-12-28 00:00:00,52.20000076,0.000766595,102.01,0,0,0
2018-12-31 00:00:00,53.79999924,0.030190943,86.68,0,0,0
2019-01-02 00:00:00,54.90999985,0.020422026,189.86,0,0,0
2019-01-03 00:00:00,55.95000076,0.01876297,9.49,0,0,0
2019-01-04 00:00:00,57.06000137,0.019644921,99.02,0,0,0
2019-01-07 00:00:00,57.33000183,0.004720709,83.16,0,0,0
2019-01-08 00:00:00,58.72000122,0.023956326,67.88,0,0,0
2019-01-09 00:00:00,61.43999863,0.045280661,106.43,0,0,0
2019-01-10 00:00:00,61.68000031,0.003898668,76.84,0,0,0
2019-01-11 00:00:00,60.47999954,-0.01964701,101.24,0,0,0
2019-01-14 00:00:00,58.99000168,-0.024944758,89.27,0,0,0
2019-01-15 00:00:00,60.63999939,0.027586765,102.54,0,0,0
2019-01-16 00:00:00,61.31999969,0.011151318,92.77,0,0,0
2019-01-17 00:00:00,61.18000031,-0.002285705,160.64,0,0,0
2019-01-18 00:00:00,62.70000076,0.024541116,112.83,0,0,0
2019-01-22 00:00:00,61.5,-0.019324285,144.77,0,0,0
2019-01-23 00:00:00,61.13999939,-0.005870868,58.19,0,0,0
2019-01-24 00:00:00,61.09000015,-0.000818117,91.32,0,0,0
2019-01-25 00:00:00,61.63999939,0.008962811,91.14,0,0,0
2019-01-28 00:00:00,59.93000031,-0.028133781,101.15,0,0,0
2019-01-29 00:00:00,61.31999969,0.022928829,101.45,0,0,0
2019-01-30 00:00:00,61.65000153,0.005367205,173.69,0,0,0
2019-01-31 00:00:00,61.88999939,0.003885352,148.14,0,0,0
2019-02-01 00:00:00,61.86999893,-0.000323214,113.57,0,0,0
2019-02-04 00:00:00,62.50999832,0.010291125,179.98,0,0,0
2019-02-05 00:00:00,61.97999954,-0.008514772,106.41,0,0,0
2019-02-06 00:00:00,62.68999863,0.011390178,103.1,0,0,0
2019-02-07 00:00:00,61.63000107,-0.017053141,92.48,0,0,0
2019-02-08 00:00:00,62.09999847,0.007597182,62.35,0,0,0
2019-02-11 00:00:00,61.50999832,-0.009546228,96.53,0,0,0
2019-02-12 00:00:00,62.41999817,0.014685972,69.22,0,0,0
2019-02-13 00:00:00,63.61000061,0.018884993,88.73,0,0,0
2019-02-14 00:00:00,64.56999969,0.014979202,76.54,0,0,0
2019-02-15 00:00:00,66.25,0.025685563,145.11,0,0,0
2019-02-19 00:00:00,66.44999695,0.003014274,116.57,0,0,0
2019-02-20 00:00:00,67.08000183,0.009436225,171.34,0,0,0
2019-02-21 00:00:00,67.06999969,-0.000149119,116.55,0,0,0
2019-02-22 00:00:00,67.12000275,0.000745258,69.44,0,0,0
2019-02-25 00:00:00,64.76000214,-0.035793941,139.02,0,0,0
2019-02-26 00:00:00,65.20999908,0.006924656,124.92,0,0,0
2019-02-27 00:00:00,66.38999939,0.017933616,160.56,0,0,0
2019-02-28 00:00:00,66.02999878,-0.005437268,162.63,0,0,0
2019-03-01 00:00:00,65.06999969,-0.014645557,184.5,0,0,0
2019-03-04 00:00:00,65.66999817,0.009178564,62.96,0,0,0
2019-03-05 00:00:00,65.86000061,0.002889114,103.08,0,0,0
2019-03-06 00:00:00,65.98999786,0.001971897,81.01,0,0,0
2019-03-07 00:00:00,66.30000305,0.00468676,91.1,0,0,0
2019-03-08 00:00:00,65.73999786,-0.008482407,55.01,0,0,0
2019-03-11 00:00:00,66.58000183,0.012696724,44.9,0,0,0
2019-03-12 00:00:00,66.66999817,0.00135079,101.32,0,0,0
2019-03-13 00:00:00,67.55000305,0.01311306,115.26,0,0,0
2019-03-14 00:00:00,67.23000336,-0.004748483,66.67,0,0,0
2019-03-15 00:00:00,67.16000366,-0.00104174,61.12,0,0,0
2019-03-18 00:00:00,67.54000092,0.005642142,79.94,0,0,0
2019-03-19 00:00:00,67.61000061,0.001035882,107.43,0,0,0
2019-03-20 00:00:00,68.5,0.013077835,60.31,0,0,0
2019-03-21 00:00:00,67.86000061,-0.009386977,88.87,0,0,0
2019-03-22 00:00:00,67.02999878,-0.012306506,122.84,0,0,0
2019-03-25 00:00:00,67.20999908,0.00268177,51.39,0,0,0
2019-03-26 00:00:00,67.97000122,0.011244417,88.73,0,0,0
2019-03-27 00:00:00,67.83000183,-0.002061847,80.9,0,0,0
2019-03-28 00:00:00,67.81999969,-0.00014747,81.35,0,0,0
2019-03-29 00:00:00,68.38999939,0.008369474,77.67,0,0,0
2019-04-01 00:00:00,69.01000214,0.009024846,65.45,0,0,0
2019-04-02 00:00:00,69.37000275,0.005203084,60.65,0,0,0
2019-04-03 00:00:00,69.30999756,-0.000865376,83.97,0,0,0
2019-04-04 00:00:00,69.40000153,0.001297729,72.57,0,0,0
2019-04-05 00:00:00,70.33999634,0.013453685,71.19,0,0,0
2019-04-08 00:00:00,71.09999847,0.01074674,96.83,0,0,0
2019-04-09 00:00:00,70.61000061,-0.006915529,167.54,0,0,0
2019-04-10 00:00:00,71.73000336,0.015737331,76.35,0,0,0
2019-04-11 00:00:00,70.83000183,-0.012626451,104.2,0,0,0
2019-04-12 00:00:00,71.55000305,0.010113883,103.63,0,0,0
2019-04-15 00:00:00,71.18000031,-0.005184664,56.67,0,0,0
2019-04-16 00:00:00,71.72000122,0.007557781,124.46,0,0,0
2019-04-17 00:00:00,71.62000275,-0.001395263,67.7,0,0,0
2019-04-18 00:00:00,71.97000122,0.00487498,54.6,0,0,0
2019-04-22 00:00:00,74.04000092,0.028356118,95.93,0,0,0
2019-04-23 00:00:00,74.51000214,0.006327873,156.5,0,0,0
2019-04-24 00:00:00,74.56999969,0.000804904,88.27,0,0,0
2019-04-25 00:00:00,74.34999847,-0.002954625,99.63,0,0,0
2019-04-26 00:00:00,72.15000153,-0.030036346,129.57,0,0,0
2019-04-29 00:00:00,72.04000092,-0.001525773,68.81,0,0,0
2019-04-30 00:00:00,72.80000305,0.010494464,49.37,0,0,0
2019-05-01 00:00:00,72.18000031,-0.008552994,61.52,0,0,0
2019-05-02 00:00:00,70.75,-0.020010467,186.33,0,0,0
2019-05-03 00:00:00,70.84999847,0.001412408,70.15,0,0,0
2019-05-06 00:00:00,71.23999786,0.005489484,134.99,0,0,0
2019-05-07 00:00:00,69.87999725,-0.019274982,122.51,0,0,0
2019-05-08 00:00:00,70.37000275,0.006987629,56.74,0,0,0
2019-05-09 00:00:00,70.38999939,0.000284124,167.13,0,0,0
2019-05-10 00:00:00,70.62000275,0.00326223,135.96,0,0,0
2019-05-13 00:00:00,70.23000336,-0.005537811,130.95,0,0,0
2019-05-14 00:00:00,71.23999786,0.01427881,248.68,0,0,0
2019-05-15 00:00:00,71.76999664,0.007412086,184.76,0,0,0
2019-05-16 00:00:00,72.62000275,0.011773889,158.54,0,0,0
2019-05-17 00:00:00,72.20999908,-0.005661876,141.05,0,0,0
2019-05-20 00:00:00,71.97000122,-0.003329145,102.84,0,0,0
2019-05-21 00:00:00,72.18000031,0.002913621,131.19,0,0,0
2019-05-22 00:00:00,70.98999786,-0.016624011,93.18,0,0,0
2019-05-23 00:00:00,67.76000214,-0.04656691,102.54,0,0,0
2019-05-24 00:00:00,68.69000244,0.013631582,148.69,0,0,0
2019-05-28 00:00:00,70.11000061,0.020461782,69.46,0,0,0
2019-05-29 00:00:00,69.44999695,-0.009458421,67.51,0,0,0
2019-05-30 00:00:00,66.87000275,-0.037856548,120.23,0,0,0
2019-05-31 00:00:00,64.48999786,-0.036240337,104.56,0,0,0
2019-06-03 00:00:00,61.27999878,-0.051056634,129.25,0,0,0
2019-06-04 00:00:00,61.97000122,0.011196911,69.4,0,0,0
2019-06-05 00:00:00,60.63000107,-0.021860579,122.39,0,0,0
2019-06-06 00:00:00,61.66999817,0.017007722,82.92,0,0,0
2019-06-07 00:00:00,63.29000092,0.025929794,69.92,0,0,0
2019-06-10 00:00:00,62.29000092,-0.015926439,56.93,0,0,0
2019-06-11 00:00:00,62.29000092,0,74.29,0,0,0
2019-06-12 00:00:00,59.97000122,-0.037956456,95.03,0,0,0
2019-06-13 00:00:00,61.31000137,0.022098527,114.67,0,0,0
2019-06-14 00:00:00,62.00999832,0.011352651,192.64,0,0,0
2019-06-17 00:00:00,60.93999863,-0.017405884,126.36,0,0,0
2019-06-18 00:00:00,62.13999939,0.019500143,157.74,0,0,0
2019-06-19 00:00:00,61.81999969,-0.005162962,135.55,0,0,0
2019-06-20 00:00:00,64.44999695,0.04166275,72.57,0,0,0
2019-06-21 00:00:00,65.19999695,0.01156974,126,0,0,0
2019-06-24 00:00:00,64.86000061,-0.005228312,171.25,0,0,0
2019-06-25 00:00:00,65.05000305,0.002925142,82.02,0,0,0
2019-06-26 00:00:00,66.48999786,0.021895276,123.76,0,0,0
2019-06-27 00:00:00,66.55000305,0.000902062,134.94,0,0,0
2019-06-28 00:00:00,66.55000305,0,153.9,0,0,0
2019-07-01 00:00:00,65.05999756,-0.022643707,112.52,0,0,0
2019-07-02 00:00:00,62.40000153,-0.041744584,138.22,0,0,0
2019-07-03 00:00:00,63.81999969,0.022501316,66.82,0,0,0
2019-07-05 00:00:00,64.23000336,0.006403827,98.35,0,0,0
2019-07-08 00:00:00,64.11000061,-0.001870076,53.51,0,0,0
2019-07-09 00:00:00,64.16000366,0.000779653,96.65,0,0,0
2019-07-10 00:00:00,67.01000214,0.043461873,100.78,0,0,0
2019-07-11 00:00:00,66.51999664,-0.00733929,119.68,0,0,0
2019-07-12 00:00:00,66.72000122,0.003002172,107.37,0,0,0
2019-07-15 00:00:00,66.48000336,-0.003603575,31.06,0,0,0
2019-07-16 00:00:00,64.34999847,-0.032564291,76.37,0,0,0
2019-07-17 00:00:00,63.65999985,-0.010780491,147.23,0,0,0
2019-07-18 00:00:00,61.93000031,-0.0275517,102.68,0,0,0
2019-07-19 00:00:00,62.47000122,0.008681741,48.78,0,0,0
2019-07-22 00:00:00,63.25999832,0.01256673,193.02,0,0,0
2019-07-23 00:00:00,63.83000183,0.008970137,139.27,0,0,0
2019-07-24 00:00:00,63.18000031,-0.010235528,99.52,0,0,0
2019-07-25 00:00:00,63.38999939,0.00331831,74.44,0,0,0
2019-07-26 00:00:00,63.45999908,0.001103661,137.65,0,0,0
2019-07-29 00:00:00,63.70999908,0.00393175,137.61,0,0,0
2019-07-30 00:00:00,64.72000122,0.01572877,152.36,0,0,0
2019-07-31 00:00:00,65.16999817,0.006928921,89.66,0,0,0
2019-08-01 00:00:00,60.5,-0.074355847,107.73,0,0,0
2019-08-02 00:00:00,61.88999939,0.022715241,110.99,0,0,0
2019-08-05 00:00:00,59.81000137,-0.034185712,103.52,0,0,0
2019-08-06 00:00:00,58.93999863,-0.01465294,270.94,0,0,0
2019-08-07 00:00:00,56.22999954,-0.04706954,106,0,0,0
2019-08-08 00:00:00,57.38000107,0.020245415,144.63,0,0,0
2019-08-09 00:00:00,58.52999878,0.019843593,105.86,0,0,0
2019-08-12 00:00:00,58.56999969,0.000683192,151.52,0,0,0
2019-08-13 00:00:00,61.29999924,0.045557216,40.67,0,0,0
2019-08-14 00:00:00,59.47999954,-0.030139717,105.77,0,0,0
2019-08-15 00:00:00,58.22999954,-0.021239436,96.89,0,0,0
2019-08-16 00:00:00,58.63999939,0.007016369,104.61,0,0,0
2019-08-19 00:00:00,59.74000168,0.018584794,127.85,0,0,0
2019-08-20 00:00:00,60.02999878,0.004842576,76.68,0,0,0
2019-08-21 00:00:00,60.29999924,0.004487674,114.39,0,0,0
2019-08-22 00:00:00,59.91999817,-0.006321782,147.97,0,0,0
2019-08-23 00:00:00,59.34000015,-0.009726691,96.78,0,0,0
2019-08-26 00:00:00,58.70000076,-0.010843878,121.19,0,0,0
2019-08-27 00:00:00,59.50999832,0.013704598,178.1,0,0,0
2019-08-28 00:00:00,60.49000168,0.016333752,83.47,0,0,0
2019-08-29 00:00:00,61.08000183,0.00970642,76.37,0,0,0
2019-08-30 00:00:00,60.43000031,-0.010698835,45.78,0,0,0
2019-09-03 00:00:00,58.25999832,-0.036569953,83.73,0,0,0
2019-09-04 00:00:00,60.70000076,0.041027988,89.65,0,0,0
2019-09-05 00:00:00,60.95000076,0.004110158,81.01,0,0,0
2019-09-06 00:00:00,61.54000092,0.009633516,81.74,0,0,0
2019-09-09 00:00:00,62.59000015,0.016918139,72.86,0,0,0
2019-09-10 00:00:00,62.38000107,-0.003360795,104.88,0,0,0
2019-09-11 00:00:00,60.81000137,-0.025490457,98.75,0,0,0
2019-09-12 00:00:00,60.38000107,-0.00709633,79.5,0,0,0
2019-09-13 00:00:00,60.22000122,-0.002653399,70.57,0,0,0
2019-09-16 00:00:00,69.01999664,0.136391726,178.92,0,0,0
2019-09-17 00:00:00,64.55000305,-0.066956104,253.34,0,0,0
2019-09-18 00:00:00,63.59999847,-0.014826718,115.36,0,0,0
2019-09-19 00:00:00,64.40000153,0.01250021,157.13,0,0,0
2019-09-20 00:00:00,64.27999878,-0.001865135,126.96,0,0,0
2019-09-23 00:00:00,64.76999664,0.007593959,52.58,0,0,0
2019-09-24 00:00:00,63.09999847,-0.026121736,103.24,0,0,0
2019-09-25 00:00:00,62.38999939,-0.011315749,124.11,0,0,0
2019-09-26 00:00:00,62.74000168,0.005594233,70.67,0,0,0
2019-09-27 00:00:00,61.90999985,-0.013317514,88.06,0,0,0
2019-09-30 00:00:00,60.77999878,-0.018420948,95.55,0,0,0
2019-10-01 00:00:00,58.88999939,-0.031589481,90.14,0,0,0
2019-10-02 00:00:00,57.68999863,-0.020587462,69.65,0,0,0
2019-10-03 00:00:00,57.70999908,0.000346628,46.48,0,0,0
2019-10-04 00:00:00,58.36999893,0.011371588,111.27,0,0,0
2019-10-07 00:00:00,58.34999847,-0.000342708,52.96,0,0,0
2019-10-08 00:00:00,58.24000168,-0.0018869,118.78,0,0,0
2019-10-09 00:00:00,58.31999969,0.00137265,82.47,0,0,0
2019-10-10 00:00:00,59.09999847,0.013285816,165.17,0,0,0
2019-10-11 00:00:00,60.50999832,0.023577714,204.32,0,0,0
2019-10-14 00:00:00,59.34999847,-0.019356518,118.48,0,0,0
2019-10-15 00:00:00,58.74000168,-0.010331141,108.07,0,0,0
2019-10-16 00:00:00,59.41999817,0.011509885,193.5,0,0,0
2019-10-17 00:00:00,59.90999985,0.008212594,114.77,0,0,0
2019-10-18 00:00:00,59.41999817,-0.008212594,106.58,0,0,0
2019-10-21 00:00:00,58.95999908,-0.007771607,93.44,0,0,0
2019-10-22 00:00:00,59.70000076,0.012472801,54.3,0,0,0
2019-10-23 00:00:00,61.16999817,0.02432481,97.06,0,0,0
2019-10-24 00:00:00,61.66999817,0.008140716,116.31,0,0,0
2019-10-25 00:00:00,62.02000046,0.005659362,140.87,0,0,0
2019-10-28 00:00:00,61.56999969,-0.007282187,98.3,0,0,0
2019-10-29 00:00:00,61.59000015,0.000324788,95.01,0,0,0
2019-10-30 00:00:00,60.61000061,-0.016039616,113.29,0,0,0
2019-10-31 00:00:00,60.22999954,-0.006289347,83.14,0,0,0
2019-11-01 00:00:00,61.68999863,0.023951262,100.66,0,0,0
2019-11-04 00:00:00,62.13000107,0.00710716,59.24,0,0,0
2019-11-05 00:00:00,62.95999908,0.013270608,77.94,0,0,0
2019-11-06 00:00:00,61.74000168,-0.019567543,85.79,0,0,0
2019-11-07 00:00:00,62.29000092,0.008868868,63.62,0,0,0
2019-11-08 00:00:00,62.50999832,0.003525603,98.94,0,0,0
2019-11-11 00:00:00,62.18000031,-0.005293108,92.59,0,0,0
2019-11-12 00:00:00,62.06000137,-0.001931728,62.41,0,0,0
2019-11-13 00:00:00,62.36999893,0.004982692,160.15,0,0,0
2019-11-14 00:00:00,62.27999878,-0.001444046,85.79,0,0,0
2019-11-15 00:00:00,63.29999924,0.01624499,75.07,0,0,0
2019-11-18 00:00:00,62.43999863,-0.013679243,109.1,0,0,0
2019-11-19 00:00:00,60.90999985,-0.024808711,61.17,0,0,0
2019-11-20 00:00:00,62.40000153,0.024167937,101.93,0,0,0
2019-11-21 00:00:00,63.97000122,0.024848943,62.9,0,0,0
2019-11-22 00:00:00,63.38999939,-0.009108132,64.28,0,0,0
2019-11-25 00:00:00,63.65000153,0.004093238,36.63,0,0,0
2019-11-26 00:00:00,64.26999664,0.009693558,70.48,0,0,0
2019-11-27 00:00:00,64.05999756,-0.003272801,93.25,0,0,0
2019-11-29 00:00:00,62.43000031,-0.025774172,108.38,0,0,0
2019-12-02 00:00:00,60.91999817,-0.024484436,77.88,0,0,0
2019-12-03 00:00:00,60.81999969,-0.001642821,85.84,0,0,0
2019-12-04 00:00:00,63,0.035216049,47.66,0,0,0
2019-12-05 00:00:00,63.38999939,0.006171384,103.15,0,0,0
2019-12-06 00:00:00,64.38999939,0.015652221,88.66,0,0,0
2019-12-09 00:00:00,64.25,-0.002176608,82.81,0,0,0
2019-12-10 00:00:00,64.33999634,0.001399741,76.31,0,0,0
2019-12-11 00:00:00,63.72000122,-0.009682961,97.43,0,0,0
2019-12-12 00:00:00,64.19999695,0.007504659,97.69,0,0,0
2019-12-13 00:00:00,65.22000122,0.015763026,99.63,0,0,0
2019-12-16 00:00:00,65.33999634,0.001838161,94.93,0,0,0
2019-12-17 00:00:00,66.09999847,0.011564374,82.33,0,0,0
2019-12-18 00:00:00,66.16999817,0.001058437,119.12,0,0,0
2019-12-19 00:00:00,66.54000092,0.005576124,69.01,0,0,0
2019-12-20 00:00:00,66.13999939,-0.006029586,49.51,0,0,0
2019-12-23 00:00:00,66.38999939,0.003772735,34.81,0,0,0
2019-12-24 00:00:00,67.19999695,0.012126769,58.22,0,0,0
2019-12-26 00:00:00,67.91999817,0.010657313,44.17,0,0,0
2019-12-27 00:00:00,68.16000366,0.003527421,111.91,0,0,0
2019-12-30 00:00:00,68.44000244,0.004099548,128.64,0,0,0
2019-12-31 00:00:00,66,-0.036302743,165.35,0,0,0
2020-01-02 00:00:00,66.25,0.003780723,163.18,0,0,0
2020-01-03 00:00:00,68.59999847,0.034857048,80.79,0,0,0
2020-01-06 00:00:00,68.91000366,0.004508846,251.99,0,0,0
2020-01-07 00:00:00,68.26999664,-0.009330976,413.46,0,0,0
2020-01-08 00:00:00,65.44000244,-0.042336653,180.61,0,0,0
2020-01-09 00:00:00,65.37000275,-0.00107025,394.46,0,0,0
2020-01-10 00:00:00,64.98000336,-0.005983898,167.3,0,0,0
2020-01-13 00:00:00,64.19999695,-0.012076419,152.73,0,0,0
2020-01-14 00:00:00,64.48999786,0.004506977,131.78,0,0,0
2020-01-15 00:00:00,64,-0.007627057,153.53,0,0,0
2020-01-16 00:00:00,64.62000275,0.00964092,145.95,0,0,0
2020-01-17 00:00:00,64.84999847,0.003552884,129.82,0,0,0
2020-01-21 00:00:00,64.58999634,-0.004017344,119.33,0,0,0
2020-01-22 00:00:00,63.20999908,-0.021597041,77.99,0,0,0
2020-01-23 00:00:00,62.04000092,-0.018683149,93.07,0,0,0
2020-01-24 00:00:00,60.68999863,-0.022000436,51.96,0,0,0
2020-01-27 00:00:00,59.31999969,-0.022832405,72.01,0,0,0
2020-01-28 00:00:00,59.50999832,0.003197825,99.59,0,0,0
2020-01-29 00:00:00,59.81000137,0.005028557,47.02,0,0,0
2020-01-30 00:00:00,58.29000092,-0.025742326,188.07,0,0,0
2020-01-31 00:00:00,58.15999985,-0.002232737,73.98,0,0,0
2020-02-03 00:00:00,54.45000076,-0.065914967,107.52,0,0,0
2020-02-04 00:00:00,53.95999908,-0.009039849,143.61,0,0,0
2020-02-05 00:00:00,55.27999878,0.024168143,68.35,0,0,0
2020-02-06 00:00:00,54.93000031,-0.006351504,90.63,0,0,0
2020-02-07 00:00:00,54.47000122,-0.008409539,78.96,0,0,0
2020-02-10 00:00:00,53.27000046,-0.022276784,24.76,0,0,0
2020-02-11 00:00:00,54.00999832,0.013795854,90.26,0,0,0
2020-02-12 00:00:00,55.79000092,0.032425475,62.03,0,0,0
2020-02-13 00:00:00,56.34000015,0.009810107,58.85,0,0,0
2020-02-14 00:00:00,57.31999969,0.017244832,89.18,0,0,0
2020-02-18 00:00:00,57.75,0.007473752,83.43,0,0,0
2020-02-19 00:00:00,59.11999893,0.023445909,54.75,0,0,0
2020-02-20 00:00:00,59.31000137,0.00320869,111.31,0,0,0
2020-02-21 00:00:00,58.5,-0.013751195,103.92,0,0,0
2020-02-24 00:00:00,56.29999924,-0.038332233,80.92,0,0,0
2020-02-25 00:00:00,54.95000076,-0.024270827,115.45,0,0,0
2020-02-26 00:00:00,53.43000031,-0.028051303,102.6,0,0,0
2020-02-27 00:00:00,52.18000031,-0.023673106,63.97,0,0,0
2020-02-28 00:00:00,50.52000046,-0.032329979,55.14,0,0,0
2020-03-02 00:00:00,51.90000153,0.026949513,106.23,0,0,0
2020-03-03 00:00:00,51.86000061,-0.000771028,123.04,0,0,0
2020-03-04 00:00:00,51.13000107,-0.014176362,144.92,0,0,0
2020-03-05 00:00:00,49.99000168,-0.022548411,79.18,0,0,0
2020-03-06 00:00:00,45.27000046,-0.099178447,51.33,0,0,0
2020-03-09 00:00:00,34.36000061,-0.275751457,72.8,0,0,0
2020-03-10 00:00:00,37.22000122,0.079953169,71.65,0,0,0
2020-03-11 00:00:00,35.79000092,-0.039177734,90.98,0,0,0
2020-03-12 00:00:00,33.22000122,-0.074516409,74.84,0,0,0
2020-03-13 00:00:00,33.84999847,0.018786813,68.07,0,0,0
2020-03-16 00:00:00,30.04999924,-0.119076319,34.45,0,0,0
2020-03-17 00:00:00,28.72999954,-0.044920779,99.09,0,0,0
2020-03-18 00:00:00,24.87999916,-0.143877623,87.61,0,0,0
2020-03-19 00:00:00,28.46999931,0.134786643,89.17,0,0,0
2020-03-20 00:00:00,26.97999954,-0.053755043,57.8,0,0,0
2020-03-23 00:00:00,27.03000069,0.001851552,121.19,0,0,0
2020-03-24 00:00:00,27.14999962,0.004429647,191.01,0,0,0
2020-03-25 00:00:00,27.38999939,0.008800929,53.36,0,0,0
2020-03-26 00:00:00,26.34000015,-0.039089259,56.71,0,0,0
2020-03-27 00:00:00,24.93000031,-0.055016792,52.13,0,0,0
2020-03-30 00:00:00,22.76000023,-0.09106729,103.52,0,0,0
2020-03-31 00:00:00,22.73999977,-0.000879141,89.26,0,0,0
2020-04-01 00:00:00,24.73999977,0.084295879,65.6,0,0,0
2020-04-02 00:00:00,29.94000053,0.190774039,47.59,0,0,0
2020-04-03 00:00:00,34.11000061,0.130395217,84.58,0,0,0
2020-04-06 00:00:00,33.04999924,-0.031569071,99.33,0,0,0
2020-04-07 00:00:00,31.87000084,-0.036356388,106.53,0,0,0
2020-04-08 00:00:00,32.84000015,0.029982134,78.21,0,0,0
2020-04-09 00:00:00,31.47999954,-0.04229488,60.91,0,0,0
2020-04-13 00:00:00,31.73999977,0.008225299,88.78,0,0,0
2020-04-14 00:00:00,29.60000038,-0.069803334,91.17,0,0,0
2020-04-15 00:00:00,27.69000053,-0.066703018,89.53,0,0,0
2020-04-16 00:00:00,27.81999969,0.004683819,48.46,0,0,0
2020-04-17 00:00:00,28.07999992,0.009302401,73.51,0,0,0
2020-04-20 00:00:00,25.56999969,-0.093637799,25.88,0,0,0
2020-04-21 00:00:00,19.32999992,-0.279761488,54.08,0,0,0
2020-04-22 00:00:00,20.37000084,0.052404982,137.26,0,0,0
2020-04-23 00:00:00,21.32999992,0.046051257,100.94,0,0,0
2020-04-24 00:00:00,21.44000053,0.005143832,45.83,0,0,0
2020-04-27 00:00:00,19.98999977,-0.070026224,49,0,0,0
2020-04-28 00:00:00,20.45999908,0.023239579,95.69,0,0,0
2020-04-29 00:00:00,22.54000092,0.096819833,79.46,0,0,0
2020-04-30 00:00:00,25.27000046,0.11432639,56.95,0,0,0
2020-05-01 00:00:00,26.44000053,0.045260096,60.41,0,0,0
2020-05-04 00:00:00,27.20000076,0.028338966,59.6,0,0,0
2020-05-05 00:00:00,30.96999931,0.12980197,41.64,0,0,0
2020-05-06 00:00:00,29.71999931,-0.041198775,80.79,0,0,0
2020-05-07 00:00:00,29.45999908,-0.008786817,56.15,0,0,0
2020-05-08 00:00:00,30.96999931,0.049985592,70.48,0,0,0
2020-05-11 00:00:00,29.62999916,-0.044231639,37.91,0,0,0
2020-05-12 00:00:00,29.97999954,0.011743144,39.44,0,0,0
2020-05-13 00:00:00,29.19000053,-0.026704274,59.53,0,0,0
2020-05-14 00:00:00,31.12999916,0.064345754,82.13,0,0,0
2020-05-15 00:00:00,32.5,0.043068132,45.82,0,0,0
2020-05-18 00:00:00,34.81000137,0.068664652,135.1,0,0,0
2020-05-19 00:00:00,34.65000153,-0.004606972,99.48,0,0,0
2020-05-20 00:00:00,35.75,0.031252499,99.69,0,0,0
2020-05-21 00:00:00,36.06000137,0.008633987,73.21,0,0,0
2020-05-22 00:00:00,35.13000107,-0.026128759,135.65,0,0,0
2020-05-26 00:00:00,36.16999817,0.029174499,120.36,0,0,0
2020-05-27 00:00:00,34.74000168,-0.040338186,23.43,0,0,0
2020-05-28 00:00:00,35.29000092,0.015707855,61.02,0,0,0
2020-05-29 00:00:00,35.33000183,0.00113285,137.45,0,0,0
2020-06-01 00:00:00,38.31999969,0.081239432,53.9,0,0,0
2020-06-02 00:00:00,39.56999969,0.032099303,83.04,0,0,0
2020-06-03 00:00:00,39.79000092,0.0055444,114.53,0,0,0
2020-06-04 00:00:00,39.99000168,0.005013817,36.15,0,0,0
2020-06-05 00:00:00,42.29999924,0.056157603,109.98,0,0,0
2020-06-08 00:00:00,40.79999924,-0.036105005,65.65,0,0,0
2020-06-09 00:00:00,41.18000031,0.009270646,68.3,0,0,0
2020-06-10 00:00:00,41.72999954,0.013267575,95.69,0,0,0
2020-06-11 00:00:00,38.54999924,-0.079264203,87.41,0,0,0
2020-06-12 00:00:00,38.72999954,0.004658401,73.61,0,0,0
2020-06-15 00:00:00,39.72000122,0.025240388,102.87,0,0,0
2020-06-16 00:00:00,40.95999908,0.030741088,79.2,0,0,0
2020-06-17 00:00:00,40.70999908,-0.006122218,151.38,0,0,0
2020-06-18 00:00:00,41.50999832,0.019460582,101.32,0,0,0
2020-06-19 00:00:00,42.18999863,0.016248872,53.82,0,0,0
2020-06-22 00:00:00,43.08000183,0.020875701,131.45,0,0,0
2020-06-23 00:00:00,42.63000107,-0.010500639,56.38,0,0,0
2020-06-24 00:00:00,40.31000137,-0.055958645,80.22,0,0,0
2020-06-25 00:00:00,41.04999924,0.018191206,40.78,0,0,0
2020-06-26 00:00:00,41.02000046,-0.000731054,44.34,0,0,0
2020-06-29 00:00:00,41.70999908,0.016681122,48.01,0,0,0
2020-06-30 00:00:00,41.15000153,-0.013516922,76.92,0,0,0
2020-07-01 00:00:00,42.02999878,0.021159656,107.85,0,0,0
2020-07-02 00:00:00,43.13999939,0.026067007,23.39,0,0,0
2020-07-06 00:00:00,43.09999847,-0.000927665,72.01,0,0,0
2020-07-07 00:00:00,43.08000183,-0.000464067,106.17,0,0,0
2020-07-08 00:00:00,43.29000092,0.004862788,68.6,0,0,0
2020-07-09 00:00:00,42.34999847,-0.021953298,55.83,0,0,0
2020-07-10 00:00:00,43.24000168,0.020797647,97.43,0,0,0
2020-07-13 00:00:00,42.72000122,-0.012098808,92.73,0,0,0
2020-07-14 00:00:00,42.90000153,0.004204638,93.8,0,0,0
2020-07-15 00:00:00,43.79000092,0.02053364,103.67,0,0,0
2020-07-16 00:00:00,43.36999893,-0.009637569,29.49,0,0,0
2020-07-17 00:00:00,43.13999939,-0.005317306,38.32,0,0,0
2020-07-20 00:00:00,43.27999878,0.00323998,87.17,0,0,0
2020-07-21 00:00:00,44.31999969,0.023745429,116.23,0,0,0
2020-07-22 00:00:00,44.29000092,-0.000677097,117.13,0,0,0
2020-07-23 00:00:00,43.31000137,-0.022375352,78.04,0,0,0
2020-07-24 00:00:00,43.34000015,0.000692413,92.75,0,0,0
2020-07-27 00:00:00,43.40999985,0.001613826,137.18,0,0,0
2020-07-28 00:00:00,43.22000122,-0.004386446,121.65,0,0,0
2020-07-29 00:00:00,43.75,0.012188233,80.91,0,0,0
2020-07-30 00:00:00,42.93999863,-0.018687852,54.08,0,0,0
2020-07-31 00:00:00,43.29999924,0.008348857,38.62,0,0,0
2020-08-03 00:00:00,44.15000153,0.019440344,42.17,0,0,0
2020-08-04 00:00:00,44.43000031,0.006321962,48.71,0,0,0
2020-08-05 00:00:00,45.16999817,0.016518185,33.8,0,0,0
2020-08-06 00:00:00,45.09000015,-0.001772613,112.37,0,0,0
2020-08-07 00:00:00,44.40000153,-0.015420992,43.82,0,0,0
2020-08-10 00:00:00,44.99000168,0.013200776,40.58,0,0,0
2020-08-11 00:00:00,44.5,-0.010951091,55.29,0,0,0
2020-08-12 00:00:00,45.43000031,0.020683497,61.83,0,0,0
2020-08-13 00:00:00,44.95999908,-0.010399501,88.9,0,0,0
2020-08-14 00:00:00,44.79999924,-0.003565063,44.29,0,0,0
2020-08-17 00:00:00,45.36999893,0.012642948,65.55,0,0,0
2020-08-18 00:00:00,45.45999908,0.001981728,84.1,0,0,0
2020-08-19 00:00:00,45.36999893,-0.001981728,46.66,0,0,0
2020-08-20 00:00:00,44.90000153,-0.010413241,122.02,0,0,0
2020-08-21 00:00:00,44.34999847,-0.012325154,166.3,0,0,0
2020-08-24 00:00:00,45.13000107,0.017434563,71.24,0,0,0
2020-08-25 00:00:00,45.86000061,0.016046053,85.98,0,0,0
2020-08-26 00:00:00,45.63999939,-0.004808779,105.67,0,0,0
2020-08-27 00:00:00,45.09000015,-0.012124016,142.09,0,0,0
2020-08-28 00:00:00,45.04999924,-0.000887529,64.11,0,0,0
2020-08-31 00:00:00,45.27999878,0.00509244,88.63,0,0,0
2020-09-01 00:00:00,45.58000183,0.006603657,106.37,0,0,0
2020-09-02 00:00:00,44.43000031,-0.02555414,109.21,0,0,0
2020-09-03 00:00:00,44.06999969,-0.008135652,94.24,0,0,0
2020-09-04 00:00:00,42.65999985,-0.032517562,94.9,0,0,0
2020-09-08 00:00:00,39.77999878,-0.069897467,68.6,0,0,0
2020-09-09 00:00:00,40.79000092,0.025072733,47.32,0,0,0
2020-09-10 00:00:00,40.06000137,-0.018058611,145.25,0,0,0
2020-09-11 00:00:00,39.83000183,-0.005757921,145.95,0,0,0
2020-09-14 00:00:00,39.61000061,-0.005538816,67.31,0,0,0
2020-09-15 00:00:00,40.52999878,0.022960783,115.94,0,0,0
2020-09-16 00:00:00,42.22000122,0.040851661,82.47,0,0,0
2020-09-17 00:00:00,43.29999924,0.025258546,100.08,0,0,0
2020-09-18 00:00:00,43.15000153,-0.003470164,86.34,0,0,0
2020-09-21 00:00:00,41.43999863,-0.040435888,52.92,0,0,0
2020-09-22 00:00:00,41.72000122,0.006734095,94.39,0,0,0
2020-09-23 00:00:00,41.77000046,0.00119773,62.17,0,0,0
2020-09-24 00:00:00,41.93999863,0.004061603,64.87,0,0,0
2020-09-25 00:00:00,41.91999817,-0.000476996,55.35,0,0,0
2020-09-28 00:00:00,42.43000031,0.01209267,104.41,0,0,0
2020-09-29 00:00:00,41.02999878,-0.03355219,105.16,0,0,0
2020-09-30 00:00:00,40.95000076,-0.001951648,104.96,0,0,0
2020-10-01 00:00:00,40.93000031,-0.000488531,76,0,0,0
2020-10-02 00:00:00,39.27000046,-0.041402418,101.93,0,0,0
2020-10-05 00:00:00,41.29000092,0.050159482,66.92,0,0,0
2020-10-06 00:00:00,42.65000153,0.032406948,85.71,0,0,0
2020-10-07 00:00:00,41.99000168,-0.015595775,83.25,0,0,0
2020-10-08 00:00:00,43.34000015,0.031644465,113.65,0,0,0
2020-10-09 00:00:00,42.84999847,-0.01137039,81.57,0,0,0
2020-10-12 00:00:00,41.72000122,-0.02672495,67.72,0,0,0
2020-10-13 00:00:00,42.45000076,0.017346271,78.09,0,0,0
2020-10-14 00:00:00,43.31999969,0.020287484,47.69,0,0,0
2020-10-15 00:00:00,43.15999985,-0.003700278,107.97,0,0,0
2020-10-16 00:00:00,42.93000031,-0.005343248,123.5,0,0,0
2020-10-19 00:00:00,42.61999893,-0.007247288,95.22,0,0,0
2020-10-20 00:00:00,43.15999985,0.012590535,98.67,0,0,0
2020-10-21 00:00:00,41.72999954,-0.033693853,72.01,0,0,0
2020-10-22 00:00:00,42.45999908,0.017342151,101.61,0,0,0
2020-10-23 00:00:00,41.77000046,-0.016384045,65.73,0,0,0
2020-10-26 00:00:00,40.45999908,-0.03186458,89.93,0,0,0
2020-10-27 00:00:00,41.20000076,0.018124466,130.45,0,0,0
2020-10-28 00:00:00,39.11999893,-0.051804457,81.79,0,0,0
2020-10-29 00:00:00,37.65000153,-0.038300823,89.64,0,0,0
2020-10-30 00:00:00,37.45999908,-0.005059322,80.36,0,0,0
2020-11-02 00:00:00,38.97000122,0.039518478,56.63,0,0,0
2020-11-03 00:00:00,39.70999908,0.018810871,162.63,0,0,0
2020-11-04 00:00:00,41.22999954,0.037563114,129.57,0,0,0
2020-11-05 00:00:00,40.93000031,-0.007302838,69.65,0,0,0
2020-11-06 00:00:00,39.45000076,-0.036829231,62.93,0,0,0
2020-11-09 00:00:00,42.40000153,0.072114332,105.4,0,0,0
2020-11-10 00:00:00,43.61000061,0.028138098,58.59,0,0,0
2020-11-11 00:00:00,43.79999924,0.004347304,97.93,0,0,0
2020-11-12 00:00:00,43.52999878,-0.006183472,52.86,0,0,0
2020-11-13 00:00:00,42.77999878,-0.017379652,69.19,0,0,0
2020-11-16 00:00:00,43.81999969,0.024019652,70.6,0,0,0
2020-11-17 00:00:00,43.75,-0.001598714,45.82,0,0,0
2020-11-18 00:00:00,44.34000015,0.013395595,109.74,0,0,0
2020-11-19 00:00:00,44.20000076,-0.003162401,49.04,0,0,0
2020-11-20 00:00:00,44.95999908,0.017048379,94.16,0,0,0
2020-11-23 00:00:00,46.06000137,0.024171739,36.76,0,0,0
2020-11-24 00:00:00,47.86000061,0.038335171,104.29,0,0,0
2020-11-25 00:00:00,48.61000061,0.015549188,23.36,0,0,0
2020-11-27 00:00:00,48.18000031,-0.00888528,70.37,0,0,0
2020-11-30 00:00:00,47.59000015,-0.012321345,46.8,0,0,0
2020-12-01 00:00:00,47.41999817,-0.003578616,129.66,0,0,0
2020-12-02 00:00:00,48.25,0.017351786,92.27,0,0,0
2020-12-03 00:00:00,48.70999908,0.009488501,67.79,0,0,0
2020-12-04 00:00:00,49.25,0.011025039,38.67,0,0,0
2020-12-07 00:00:00,48.79000092,-0.009383975,55.04,0,0,0
2020-12-08 00:00:00,48.84000015,0.00102426,78.98,0,0,0
2020-12-09 00:00:00,48.86000061,0.000409426,62.74,0,0,0
2020-12-10 00:00:00,50.25,0.028051469,95.42,0,0,0
2020-12-11 00:00:00,49.97000122,-0.005587697,42.85,0,0,0
2020-12-14 00:00:00,50.29000092,0.006383419,29.8,0,0,0
2020-12-15 00:00:00,50.75999832,0.009302341,89.53,0,0,0
2020-12-16 00:00:00,51.08000183,0.006284457,52.51,0,0,0
2020-12-17 00:00:00,51.5,0.008188741,93.12,0,0,0
2020-12-18 00:00:00,52.25999832,0.01464942,79.99,0,0,0
2020-12-21 00:00:00,50.90999985,-0.026171863,91.12,0,0,0
2020-12-22 00:00:00,50.08000183,-0.016437602,62.68,0,0,0
2020-12-23 00:00:00,51.20000076,0.022117784,68.6,0,0,0
2020-12-24 00:00:00,51.29000092,0.001756272,55,0,0,0
2020-12-28 00:00:00,50.86000061,-0.008419047,41.41,0,0,0
2020-12-29 00:00:00,51.09000015,0.004512014,69.01,0,0,0
2020-12-30 00:00:00,51.34000015,0.004881392,59.15,0,0,0
2020-12-31 00:00:00,51.79999924,0.008919956,80.79,0,0,0
2021-01-04 00:00:00,51.09000015,-0.013801348,99.33,0,0,0
2021-01-05 00:00:00,53.59999847,0.047960253,121.85,0,0,0
2021-01-06 00:00:00,54.29999924,0.012975173,106.57,0,0,0
2021-01-07 00:00:00,54.38000107,0.001472246,54.24,0,0,0
2021-01-08 00:00:00,55.99000168,0.029176674,77.74,0,0,0
2021-01-11 00:00:00,55.65999985,-0.00591138,84.14,0,0,0
2021-01-12 00:00:00,56.58000183,0.016393845,169.88,0,0,0
2021-01-13 00:00:00,56.06000137,-0.009233028,66.5,0,0,0
2021-01-14 00:00:00,56.41999817,0.006401103,62.11,0,0,0
2021-01-15 00:00:00,55.09999847,-0.023673985,57.97,0,0,0
2021-01-19 00:00:00,55.90000153,0.014414719,66.67,0,0,0
2021-01-20 00:00:00,56.08000183,0.003214868,87.49,0,0,0
2021-01-21 00:00:00,56.09999847,0.00035651,47.44,0,0,0
2021-01-22 00:00:00,55.40999985,-0.012375705,93.71,0,0,0
2021-01-25 00:00:00,55.88000107,0.008446473,140.45,0,0,0
2021-01-26 00:00:00,55.90999985,0.000536699,50.25,0,0,0
2021-01-27 00:00:00,55.81000137,-0.001790163,68.84,0,0,0
2021-01-28 00:00:00,55.52999878,-0.005029696,112.79,0,0,0
2021-01-29 00:00:00,55.88000107,0.00628316,63.22,0,0,0
2021-02-01 00:00:00,56.34999847,0.00837566,60.05,0,0,0
2021-02-02 00:00:00,57.45999908,0.019506824,192.34,0,0,0
2021-02-03 00:00:00,58.45999908,0.017253706,69.92,0,0,0
2021-02-04 00:00:00,58.84000015,0.006479154,78.18,0,0,0
2021-02-05 00:00:00,59.34000015,0.008461719,106.44,0,0,0
2021-02-08 00:00:00,60.56000137,0.020351014,72.8,0,0,0
2021-02-09 00:00:00,61.09000015,0.008713557,61.26,0,0,0
2021-02-10 00:00:00,61.47000122,0.006201082,74.93,0,0,0
2021-02-11 00:00:00,61.13999939,-0.005382964,63.46,0,0,0
2021-02-12 00:00:00,62.43000031,0.020879627,73.33,0,0,0
2021-02-16 00:00:00,63.34999847,0.014628949,91.76,0,0,0
2021-02-17 00:00:00,64.33999634,0.015506582,104.37,0,0,0
2021-02-18 00:00:00,63.93000031,-0.006392725,33.67,0,0,0
2021-02-19 00:00:00,62.90999985,-0.016083608,85.16,0,0,0
2021-02-22 00:00:00,65.23999786,0.036367614,71.29,0,0,0
2021-02-23 00:00:00,65.37000275,0.001990735,97.43,0,0,0
2021-02-24 00:00:00,67.04000092,0.02522599,77.84,0,0,0
2021-02-25 00:00:00,66.87999725,-0.002389542,46.18,0,0,0
2021-02-26 00:00:00,66.12999725,-0.011277468,121.14,0,0,0
2021-03-01 00:00:00,63.68999863,-0.037594917,96.3,0,0,0
2021-03-02 00:00:00,62.70000076,-0.015666083,137.47,0,0,0
2021-03-03 00:00:00,64.06999969,0.021614771,154.59,0,0,0
2021-03-04 00:00:00,66.73999786,0.04082821,88.44,0,0,0
2021-03-05 00:00:00,69.36000061,0.0385059,88.98,0,0,0
2021-03-08 00:00:00,68.23999786,-0.016279469,60.4,0,0,0
2021-03-09 00:00:00,67.51999664,-0.010607071,22.26,0,0,0
2021-03-10 00:00:00,67.90000153,0.005612256,57.34,0,0,0
2021-03-11 00:00:00,69.62999725,0.025159412,70.39,0,0,0
2021-03-12 00:00:00,69.22000122,-0.005905614,49.38,0,0,0
2021-03-15 00:00:00,68.87999725,-0.004924036,111.6,0,0,0
2021-03-16 00:00:00,68.38999939,-0.007139214,108.84,0,0,0
2021-03-17 00:00:00,68,-0.005718901,93.31,0,0,0
2021-03-18 00:00:00,63.27999878,-0.071938401,134.94,0,0,0
2021-03-19 00:00:00,64.52999878,0.019560909,42.85,0,0,0
2021-03-22 00:00:00,64.62000275,0.00139379,119.16,0,0,0
2021-03-23 00:00:00,60.79000092,-0.061098686,99.46,0,0,0
2021-03-24 00:00:00,64.41000366,0.057843641,76.44,0,0,0
2021-03-25 00:00:00,61.95000076,-0.038941337,63.78,0,0,0
2021-03-26 00:00:00,64.56999969,0.041422282,69.78,0,0,0
2021-03-29 00:00:00,64.98000336,0.00632968,123.24,0,0,0
2021-03-30 00:00:00,64.13999939,-0.013011397,95.42,0,0,0
2021-03-31 00:00:00,63.54000092,-0.009398541,76.35,0,0,0
2021-04-01 00:00:00,64.86000061,0.020561467,67.7,0,0,0
2021-04-05 00:00:00,62.15000153,-0.042680268,74.56,0,0,0
2021-04-06 00:00:00,62.74000168,0.009448387,92.79,0,0,0
2021-04-07 00:00:00,63.15999985,0.006671957,113.79,0,0,0
2021-04-08 00:00:00,63.20000076,0.000633126,32.52,0,0,0
2021-04-09 00:00:00,62.95000076,-0.003963541,48.01,0,0,0
2021-04-12 00:00:00,63.27999878,0.005228532,100.38,0,0,0
2021-04-13 00:00:00,63.66999817,0.006144161,95.29,0,0,0
2021-04-14 00:00:00,66.58000183,0.044690794,186.3,0,0,0
2021-04-15 00:00:00,66.94000244,0.005392473,103.26,0,0,0
2021-04-16 00:00:00,66.76999664,-0.002542905,95.03,0,0,0
2021-04-19 00:00:00,67.05000305,0.004184828,110.42,0,0,0
2021-04-20 00:00:00,66.56999969,-0.007184634,125.27,0,0,0
2021-04-21 00:00:00,65.31999969,-0.018955758,166.3,0,0,0
2021-04-22 00:00:00,65.40000153,0.001224018,113.77,0,0,0
2021-04-23 00:00:00,66.11000061,0.010797749,146.73,0,0,0
2021-04-26 00:00:00,65.65000153,-0.006982407,54.47,0,0,0
2021-04-27 00:00:00,66.41999817,0.011660564,131.65,0,0,0
2021-04-28 00:00:00,67.26999664,0.012716134,50.06,0,0,0
2021-04-29 00:00:00,68.55999756,0.018994917,47.38,0,0,0
2021-04-30 00:00:00,67.25,-0.01929222,36.4,0,0,0
2021-05-03 00:00:00,67.55999756,0.004599037,97.43,0,0,0
2021-05-04 00:00:00,68.87999725,0.019349764,93.88,0,0,0
2021-05-05 00:00:00,68.95999908,0.001160793,60.39,0,0,0
2021-05-06 00:00:00,68.08999634,-0.012696307,76.31,0,0,0
2021-05-07 00:00:00,68.27999878,0.002786574,55.93,0,0,0
2021-05-10 00:00:00,68.31999969,0.000585665,49,0,0,0
2021-05-11 00:00:00,68.55000305,0.003360906,101.18,0,0,0
2021-05-12 00:00:00,69.31999969,0.01117001,63.3,0,0,0
2021-05-13 00:00:00,67.05000305,-0.033294805,140.43,0,0,0
2021-05-14 00:00:00,68.70999908,0.02445608,115.36,0,0,0
2021-05-17 00:00:00,69.45999908,0.010856298,92.16,0,0,0
2021-05-18 00:00:00,68.70999908,-0.010856298,98.59,0,0,0
2021-05-19 00:00:00,66.66000366,-0.030289608,158.96,0,0,0
2021-05-20 00:00:00,65.11000061,-0.023526971,125.85,0,0,0
2021-05-21 00:00:00,66.44000244,0.020221165,165.85,0,0,0
2021-05-24 00:00:00,68.45999908,0.029950298,138.41,0,0,0
2021-05-25 00:00:00,68.65000153,0.002771535,170.94,0,0,0
2021-05-26 00:00:00,68.87000275,0.003199555,176.61,0,0,0
2021-05-27 00:00:00,69.45999908,0.008530325,133.34,0,0,0
2021-05-28 00:00:00,69.62999725,0.002444435,140.03,0,0,0
2021-06-01 00:00:00,70.25,0.008864839,65.87,0,0,0
2021-06-02 00:00:00,71.34999847,0.015537014,68.73,0,0,0
2021-06-03 00:00:00,71.30999756,-0.000560787,60.07,0,0,0
2021-06-04 00:00:00,71.88999939,0.008100629,79.61,0,0,0
2021-06-07 00:00:00,71.48999786,-0.005579615,54.3,0,0,0
2021-06-08 00:00:00,72.22000122,0.010159483,59.73,0,0,0
2021-06-09 00:00:00,72.22000122,0,93.25,0,0,0
2021-06-10 00:00:00,72.51999664,0.004145307,85.51,0,0,0
2021-06-11 00:00:00,72.69000244,0.002341517,131.48,0,0,0
2021-06-14 00:00:00,72.86000061,0.002335943,29.36,0,0,0
2021-06-15 00:00:00,73.98999786,0.01539012,73.51,0,0,0
2021-06-16 00:00:00,74.38999939,0.005391596,144.79,0,0,0
2021-06-17 00:00:00,73.08000183,-0.017766759,138.02,0,0,0
2021-06-18 00:00:00,73.51000214,0.005866724,84.5,0,0,0
2021-06-21 00:00:00,74.90000153,0.01873243,94.5,0,0,0
2021-06-22 00:00:00,74.80999756,-0.001202378,170.6,0,0,0
2021-06-23 00:00:00,75.19000244,0.005066743,41.51,0,0,0
2021-06-24 00:00:00,75.55999756,0.004908734,76.66,0,0,0
2021-06-25 00:00:00,76.18000031,0.008171955,54.79,0,0,0
2021-06-28 00:00:00,74.68000031,-0.019886642,97.29,0,0,0
2021-06-29 00:00:00,74.76000214,0.001070688,95.69,0,0,0
2021-06-30 00:00:00,75.12999725,0.004936899,43.82,0,0,0
2021-07-01 00:00:00,75.83999634,0.0094059,64.11,0,0,0
2021-07-02 00:00:00,76.16999817,0.004341851,78.98,0,0,0
2021-07-06 00:00:00,74.52999878,-0.021765948,63.33,0,0,0
2021-07-07 00:00:00,73.43000031,-0.014869137,34.78,0,0,0
2021-07-08 00:00:00,74.12000275,0.009352863,37.86,0,0,0
2021-07-09 00:00:00,75.55000305,0.019109291,32.36,0,0,0
2021-07-12 00:00:00,75.16000366,-0.005175506,69.74,0,0,0
2021-07-13 00:00:00,76.48999786,0.017540762,77.25,0,0,0
2021-07-14 00:00:00,74.76000214,-0.022876974,56.22,0,0,0
2021-07-15 00:00:00,73.47000122,-0.017405835,104.51,0,0,0
2021-07-16 00:00:00,73.58999634,0.001631921,70.38,0,0,0
2021-07-19 00:00:00,68.62000275,-0.06992502,50.57,0,0,0
2021-07-20 00:00:00,69.34999847,0.010582047,37.43,0,0,0
2021-07-21 00:00:00,72.23000336,0.040689394,49.92,0,0,0
2021-07-22 00:00:00,73.79000092,0.021367715,95.29,0,0,0
2021-07-23 00:00:00,74.09999847,0.004192278,91.79,0,0,0
2021-07-26 00:00:00,74.5,0.005383614,59.15,0,0,0
2021-07-27 00:00:00,74.48000336,-0.000268447,79.2,0,0,0
2021-07-28 00:00:00,74.73999786,0.003484717,53.3,0,0,0
2021-07-29 00:00:00,76.05000305,0.017375663,30.92,0,0,0
2021-07-30 00:00:00,76.33000183,0.003675011,80.9,0,0,0
2021-08-02 00:00:00,72.88999939,-0.046114623,111.95,0,0,0
2021-08-03 00:00:00,72.41000366,-0.006606985,50.82,0,0,0
2021-08-04 00:00:00,70.37999725,-0.028435369,89.99,0,0,0
2021-08-05 00:00:00,71.29000092,0.012846985,99.66,0,0,0
2021-08-06 00:00:00,70.69999695,-0.008310548,63.62,0,0,0
2021-08-09 00:00:00,69.04000092,-0.02375947,42.61,0,0,0
2021-08-10 00:00:00,70.62999725,0.022768884,103.37,0,0,0
2021-08-11 00:00:00,71.44000244,0.011403026,71.91,0,0,0
2021-08-12 00:00:00,71.30999756,-0.001821435,76.15,0,0,0
2021-08-13 00:00:00,70.58999634,-0.010148096,95.29,0,0,0
2021-08-16 00:00:00,69.51000214,-0.015417782,127.2,0,0,0
2021-08-17 00:00:00,69.02999878,-0.006929483,157.74,0,0,0
2021-08-18 00:00:00,68.23000336,-0.011656775,83.16,0,0,0
2021-08-19 00:00:00,66.44999695,-0.026434661,49.64,0,0,0
2021-08-20 00:00:00,65.18000031,-0.019297061,68.6,0,0,0
2021-08-23 00:00:00,68.75,0.053324058,189.93,0,0,0
2021-08-24 00:00:00,71.05000305,0.032907161,133.26,0,0,0
2021-08-25 00:00:00,72.25,0.016748429,47.53,0,0,0
2021-08-26 00:00:00,71.06999969,-0.016467024,114.39,0,0,0
2021-08-27 00:00:00,72.69999695,0.02267604,103.81,0,0,0
2021-08-30 00:00:00,73.41000366,0.009718873,107.77,0,0,0
2021-08-31 00:00:00,72.98999786,-0.0057378,203.01,0,0,0
2021-09-01 00:00:00,71.58999634,-0.019367068,80.04,0,0,0
2021-09-02 00:00:00,73.02999878,0.019914951,106.26,0,0,0
2021-09-03 00:00:00,72.61000061,-0.005767637,98.69,0,0,0
2021-09-07 00:00:00,71.69000244,-0.01275136,117.78,0,0,0
2021-09-08 00:00:00,72.59999847,0.012613599,85.3,0,0,0
2021-09-09 00:00:00,71.44999695,-0.015967039,73.61,0,0,0
2021-09-10 00:00:00,72.91999817,0.020365063,65.94,0,0,0
2021-09-13 00:00:00,73.51000214,0.008058556,104.92,0,0,0
2021-09-14 00:00:00,73.59999847,0.001223525,69.79,0,0,0
2021-09-15 00:00:00,75.45999908,0.024957697,65.97,0,0,0
2021-09-16 00:00:00,75.66999817,0.002779054,119.12,0,0,0
2021-09-17 00:00:00,75.33999634,-0.004370603,151.91,0,0,0
2021-09-20 00:00:00,73.91999817,-0.019027751,59.96,0,0,0
2021-09-21 00:00:00,74.36000061,0.005934768,84.71,0,0,0
2021-09-22 00:00:00,76.19000244,0.024312081,54.23,0,0,0
2021-09-23 00:00:00,77.25,0.013816663,68.83,0,0,0
2021-09-24 00:00:00,78.08999634,0.010815045,92.75,0,0,0
2021-09-27 00:00:00,79.52999878,0.018272333,57.03,0,0,0
2021-09-28 00:00:00,79.08999634,-0.005547895,96.16,0,0,0
2021-09-29 00:00:00,78.63999939,-0.00570593,59.4,0,0,0
2021-09-30 00:00:00,78.51999664,-0.001527141,102.68,0,0,0
2021-10-01 00:00:00,79.27999878,0.009632548,68.04,0,0,0
2021-10-04 00:00:00,81.26000214,0.024668042,65.81,0,0,0
2021-10-05 00:00:00,82.55999756,0.015871355,171.9,0,0,0
2021-10-06 00:00:00,81.08000183,-0.018088928,56.07,0,0,0
2021-10-07 00:00:00,81.94999695,0.010672924,121.31,0,0,0
2021-10-08 00:00:00,82.38999939,0.005354795,94.4,0,0,0
2021-10-11 00:00:00,83.65000153,0.015177383,50.81,0,0,0
2021-10-12 00:00:00,83.41999817,-0.002753379,81.57,0,0,0
2021-10-13 00:00:00,83.18000031,-0.002881129,94.01,0,0,0
2021-10-14 00:00:00,84,0.009809861,55.36,0,0,0
2021-10-15 00:00:00,84.86000061,0.010186048,107.15,0,0,0
2021-10-18 00:00:00,84.33000183,-0.006265152,126.71,0,0,0
2021-10-19 00:00:00,85.08000183,0.008854317,133.84,0,0,0
2021-10-20 00:00:00,85.81999969,0.008660064,76.41,0,0,0
2021-10-21 00:00:00,84.61000061,-0.014199606,94.01,0,0,0
2021-10-22 00:00:00,85.52999878,0.010814707,86.04,0,0,0
2021-10-25 00:00:00,85.98999786,0.005363808,79.63,0,0,0
2021-10-26 00:00:00,86.40000153,0.004756708,144.65,0,0,0
2021-10-27 00:00:00,84.58000183,-0.02128984,102.93,0,0,0
2021-10-28 00:00:00,84.31999969,-0.003078773,96.13,0,0,0
2021-10-29 00:00:00,84.37999725,0.000711293,55.78,0,0,0
2021-11-01 00:00:00,84.70999908,0.003903273,124.33,0,0,0
2021-11-02 00:00:00,84.72000122,0.000118068,62.87,0,0,0
2021-11-03 00:00:00,81.98999786,-0.032754453,73.81,0,0,0
2021-11-04 00:00:00,80.54000092,-0.017843296,122.69,0,0,0
2021-11-05 00:00:00,82.73999786,0.026949168,76.94,0,0,0
2021-11-08 00:00:00,83.43000031,0.008304825,46.37,0,0,0
2021-11-09 00:00:00,84.77999878,0.016051691,84.58,0,0,0
2021-11-10 00:00:00,82.63999939,-0.025565834,135.3,0,0,0
2021-11-11 00:00:00,82.87000275,0.002779331,83.04,0,0,0
2021-11-12 00:00:00,82.16999817,-0.008482898,101.22,0,0,0
2021-11-15 00:00:00,82.05000305,-0.001461395,141.16,0,0,0
2021-11-16 00:00:00,82.43000031,0.004620597,122.86,0,0,0
2021-11-17 00:00:00,80.27999878,-0.026428943,126.07,0,0,0
2021-11-18 00:00:00,81.23999786,0.011887202,158.17,0,0,0
2021-11-19 00:00:00,78.88999939,-0.029353241,108.76,0,0,0
2021-11-22 00:00:00,79.69999695,0.010215078,128.99,0,0,0
2021-11-23 00:00:00,82.30999756,0.03222303,80.91,0,0,0
2021-11-24 00:00:00,82.25,-0.000729188,87.69,0,0,0
2021-11-26 00:00:00,72.72000122,-0.123146923,58.98,0,0,0
2021-11-29 00:00:00,73.44000244,0.009852313,60.78,0,0,0
2021-11-30 00:00:00,70.56999969,-0.039863659,92.79,0,0,0
2021-12-01 00:00:00,68.87000275,-0.024384411,86.94,0,0,0
2021-12-02 00:00:00,69.66999817,0.011549073,93.12,0,0,0
2021-12-03 00:00:00,69.87999725,0.003009663,106.17,0,0,0
2021-12-06 00:00:00,73.08000183,0.044775311,120.54,0,0,0
2021-12-07 00:00:00,75.44000244,0.031782914,202.43,0,0,0
2021-12-08 00:00:00,75.81999969,0.005024435,145.56,0,0,0
2021-12-09 00:00:00,74.41999817,-0.018637408,104.56,0,0,0
2021-12-10 00:00:00,75.15000153,0.009761438,164.98,0,0,0
2021-12-13 00:00:00,74.38999939,-0.010164621,110.42,0,0,0
2021-12-14 00:00:00,73.69999695,-0.009318758,129.9,0,0,0
2021-12-15 00:00:00,73.87999725,0.00243936,72.01,0,0,0
2021-12-16 00:00:00,75.01999664,0.015312582,136.25,0,0,0
2021-12-17 00:00:00,73.51999664,-0.020197268,95.44,0,0,0
2021-12-20 00:00:00,71.51999664,-0.027580348,53.09,0,0,0
2021-12-21 00:00:00,73.98000336,0.033817748,101.41,0,0,0
2021-12-22 00:00:00,75.29000092,0.017552504,141.34,0,0,0
2021-12-23 00:00:00,76.84999847,0.020508114,135.31,0,0,0
2021-12-27 00:00:00,78.59999847,0.02251623,78.87,0,0,0
2021-12-28 00:00:00,78.94000244,0.004316421,58.89,0,0,0
2021-12-29 00:00:00,79.23000336,0.003666956,37.89,0,0,0
2021-12-30 00:00:00,79.31999969,0.001135242,147.23,0,0,0
2021-12-31 00:00:00,77.77999878,-0.019605987,76.59,0,0,0
2022-01-03 00:00:00,78.98000336,0.015310385,52.34,0,0,0
2022-01-04 00:00:00,80,0.012831936,88.96,0,0,0
2022-01-05 00:00:00,80.80000305,0.009950369,96.48,0,0,0
2022-01-06 00:00:00,81.98999786,0.014620259,70.01,0,0,0
2022-01-07 00:00:00,81.75,-0.002931453,118.96,0,0,0
2022-01-10 00:00:00,80.87000275,-0.010822849,130.01,0,0,0
2022-01-11 00:00:00,83.72000122,0.034634951,188.91,0,0,0
2022-01-12 00:00:00,84.66999817,0.011283414,78.21,0,0,0
2022-01-13 00:00:00,84.47000122,-0.00236487,170.65,0,0,0
2022-01-14 00:00:00,86.05999756,0.018648243,133.57,0,0,0
2022-01-18 00:00:00,87.51000214,0.016708398,138.82,0,0,0
2022-01-19 00:00:00,88.44000244,0.010571287,153.56,0,0,0
2022-01-20 00:00:00,88.37999725,-0.000678715,136.37,0,0,0
2022-01-21 00:00:00,87.88999939,-0.005559643,185.75,0,0,0
2022-01-24 00:00:00,86.26999664,-0.018604151,185.8,0,0,0
2022-01-25 00:00:00,88.19999695,0.022125054,291.58,0,0,0
2022-01-26 00:00:00,89.95999908,0.019758189,260.34,0,0,0
2022-01-27 00:00:00,89.33999634,-0.006915842,265.01,0,0,0
2022-01-28 00:00:00,90.02999878,0.00769366,182.23,0,0,0
2022-01-31 00:00:00,91.20999908,0.013021596,142.99,0,0,0
2022-02-01 00:00:00,89.16000366,-0.022731981,190.59,0,0,0
2022-02-02 00:00:00,89.47000122,0.003470838,250.32,0,0,0
2022-02-03 00:00:00,91.11000061,0.018164187,176.29,0,0,0
2022-02-04 00:00:00,93.26999664,0.023430902,92.57,0,0,0
2022-02-07 00:00:00,92.69000244,-0.006237859,195.15,0,0,0
2022-02-08 00:00:00,90.77999878,-0.020821635,158.39,0,0,0
2022-02-09 00:00:00,91.55000305,0.008446321,117.18,0,0,0
2022-02-10 00:00:00,91.41000366,-0.001530383,108.54,0,0,0
2022-02-11 00:00:00,94.44000244,0.032609816,179.28,0,0,0
2022-02-14 00:00:00,96.48000336,0.02137103,191.89,0,0,0
2022-02-15 00:00:00,93.27999878,-0.033730058,229.06,0,0,0
2022-02-16 00:00:00,94.80999756,0.016269154,223.47,0,0,0
2022-02-17 00:00:00,92.97000122,-0.01959799,228.45,0,0,0
2022-02-18 00:00:00,93.54000092,0.006112288,226.35,0,0,0
2022-02-22 00:00:00,96.83999634,0.034670932,279.43,0,0,0
2022-02-23 00:00:00,96.83999634,0,431.02,0,0,0
2022-02-24 00:00:00,99.08000183,0.022867529,370.7,0,0,1
2022-02-25 00:00:00,97.93000031,-0.011674682,515.89,0,0,1
2022-02-28 00:00:00,100.9899979,0.03076854,452.62,0,0,1
2022-03-01 00:00:00,104.9700012,0.038653126,540.83,0,0,1
2022-03-02 00:00:00,112.9300003,0.073093554,523.52,0,0,1
2022-03-03 00:00:00,110.4599991,-0.022114704,436.82,0,0,1
2022-03-04 00:00:00,118.1100006,0.066962943,350.07,0,0,1
2022-03-07 00:00:00,123.2099991,0.04227381,362.31,0,0,1
2022-03-08 00:00:00,127.9800034,0.037983819,352.11,0,0,1
2022-03-09 00:00:00,111.1399994,-0.141083366,295.31,0,0,1
2022-03-10 00:00:00,109.3300018,-0.016419814,352.4,0,0,1
2022-03-11 00:00:00,112.6699982,0.030092328,410.33,0,0,1
2022-03-14 00:00:00,106.9000015,-0.052569344,350.11,0,0,1
2022-03-15 00:00:00,99.91000366,-0.067624015,311.88,0,0,1
2022-03-16 00:00:00,98.01999664,-0.019098312,473.22,0,0,1
2022-03-17 00:00:00,106.6399994,0.084287165,290.33,0,0,1
2022-03-18 00:00:00,107.9300003,0.012024202,285.32,0,0,1
2022-03-21 00:00:00,115.6200027,0.068826104,227.74,0,0,1
2022-03-22 00:00:00,115.4800034,-0.001211592,244.84,0,0,1
2022-03-23 00:00:00,121.5999985,0.051639573,267.47,0,0,1
2022-03-24 00:00:00,119.0299988,-0.021361405,317.01,0,0,1
2022-03-25 00:00:00,120.6500015,0.013518253,350.74,0,0,1
2022-03-28 00:00:00,112.4800034,-0.070118347,281.92,0,0,1
2022-03-29 00:00:00,110.2300034,-0.020206335,233.36,0,0,1
2022-03-30 00:00:00,113.4499969,0.028793062,233.51,0,0,1
2022-03-31 00:00:00,107.9100037,-0.050064604,254.81,0,0,1
2022-04-01 00:00:00,104.3899994,-0.033163701,188.16,0,0,1
2022-04-04 00:00:00,107.5299988,0.029635987,163.02,0,0,1
2022-04-05 00:00:00,106.6399994,-0.008311197,212.42,0,0,1
2022-04-06 00:00:00,101.0699997,-0.053645327,175.75,0,0,1
2022-04-07 00:00:00,100.5800018,-0.004859894,243.42,0,0,1
2022-04-08 00:00:00,102.7799988,0.021637321,219.48,0,0,1
2022-04-11 00:00:00,98.48000336,-0.042737254,195.23,0,0,1
2022-04-12 00:00:00,104.6399994,0.060672366,226.25,0,0,1
2022-04-13 00:00:00,108.7799988,0.038801601,258.88,0,0,1
2022-04-14 00:00:00,111.6999969,0.026489196,265.66,0,0,1
2022-04-18 00:00:00,113.1600037,0.0129861,218.63,0,0,1
2022-04-19 00:00:00,107.25,-0.053640221,213.52,0,0,1
2022-04-20 00:00:00,106.8000031,-0.004204603,189.61,0,0,1
2022-04-21 00:00:00,108.3300018,0.014224186,128.26,0,0,1
2022-04-22 00:00:00,106.6500015,-0.015629682,246.8,0,0,1
2022-04-25 00:00:00,102.3199997,-0.041447305,246.9,0,0,1
2022-04-26 00:00:00,104.9899979,0.025759933,160.54,0,0,1
2022-04-27 00:00:00,105.3199997,0.003138245,186.7,0,0,1
2022-04-28 00:00:00,107.5899963,0.021324341,176.38,0,0,1
2022-04-29 00:00:00,109.3399963,0.016134587,148.94,0,0,1
2022-05-02 00:00:00,107.5800018,-0.016227486,96.67,0,0,1
2022-05-03 00:00:00,104.9700012,-0.024560167,157.47,0,0,1
2022-05-04 00:00:00,110.1399994,0.048077672,163.45,0,0,1
2022-05-05 00:00:00,110.9000015,0.00687663,144.7,0,0,1
2022-05-06 00:00:00,112.3899994,0.013346052,174.07,0,0,1
2022-05-09 00:00:00,105.9400024,-0.059102041,150.87,0,0,1
2022-05-10 00:00:00,102.4599991,-0.03340045,143.25,0,0,1
2022-05-11 00:00:00,107.5100021,0.048111417,176.38,0,0,1
2022-05-12 00:00:00,107.4499969,-0.000558292,158.26,0,0,1
2022-05-13 00:00:00,111.5500031,0.037447354,162.08,0,0,1
2022-05-16 00:00:00,114.2399979,0.023828532,168.75,0,0,1
2022-05-17 00:00:00,111.9300003,-0.020427801,174.62,0,0,1
2022-05-18 00:00:00,109.1100006,-0.025517125,165.9,0,0,1
2022-05-19 00:00:00,112.0400009,0.026499405,162.38,0,0,1
2022-05-20 00:00:00,112.5500031,0.004541636,140.96,0,0,1
2022-05-23 00:00:00,113.4199982,0.007700132,150.31,0,0,1
2022-05-24 00:00:00,113.5599976,0.001233584,222.36,0,0,1
2022-05-25 00:00:00,114.0299988,0.004130251,155.1,0,0,1
2022-05-26 00:00:00,117.4000015,0.029125359,134.57,0,0,1
2022-05-27 00:00:00,119.4300003,0.017143508,155.52,0,0,1
2022-05-31 00:00:00,122.8399963,0.028152238,190.31,0,0,1
2022-06-01 00:00:00,116.2900009,-0.054795587,168.34,0,0,1
2022-06-02 00:00:00,117.6100006,0.011286992,142.59,0,0,1
2022-06-03 00:00:00,119.7200012,0.017781622,142.78,0,0,1
2022-06-06 00:00:00,119.5100021,-0.001755625,190.13,0,0,1
2022-06-07 00:00:00,120.5699997,0.008830427,139.03,0,0,1
2022-06-08 00:00:00,123.5800018,0.02465824,152.37,0,0,1
2022-06-09 00:00:00,123.0699997,-0.004135438,115.55,0,0,1
2022-06-10 00:00:00,122.0100021,-0.008650271,94.35,0,0,1
2022-06-13 00:00:00,122.2699966,0.002128661,147.23,0,0,1
2022-06-14 00:00:00,121.1699982,-0.009037184,136.37,0,0,1
2022-06-15 00:00:00,118.5100021,-0.02219714,110.05,0,0,1
2022-06-16 00:00:00,119.8099976,0.010909771,132.28,0,0,1
2022-06-17 00:00:00,113.1200027,-0.057457908,114.05,0,0,1
2022-06-21 00:00:00,114.6500015,0.013434796,116.77,0,0,1
2022-06-22 00:00:00,111.7399979,-0.025709298,121.32,0,0,1
2022-06-23 00:00:00,110.0500031,-0.015239889,143.56,0,0,1
2022-06-24 00:00:00,113.1200027,0.027514391,149.36,0,0,1
2022-06-27 00:00:00,115.0899963,0.017265173,132,0,0,1
2022-06-28 00:00:00,117.9800034,0.024800748,200.76,0,0,1
2022-06-29 00:00:00,116.2600021,-0.014686066,181.89,0,0,1
2022-06-30 00:00:00,114.8099976,-0.012550514,173.21,0,0,1
2022-07-01 00:00:00,111.6299973,-0.02808876,119.08,0,0,1
2022-07-05 00:00:00,102.7699966,-0.082696357,109.65,0,0,1
2022-07-06 00:00:00,100.6900024,-0.020446935,138.99,0,0,1
2022-07-07 00:00:00,104.6500015,0.038574949,88.63,0,0,1
2022-07-08 00:00:00,107.0199966,0.022394238,110.42,0,0,1
2022-07-11 00:00:00,107.0999985,0.000747262,112.85,0,0,1
2022-07-12 00:00:00,99.48999786,-0.073705848,113.64,0,0,1
2022-07-13 00:00:00,99.56999969,0.000803796,182.87,0,0,1
2022-07-14 00:00:00,99.09999847,-0.004731485,165.35,0,0,1
2022-07-15 00:00:00,101.1600037,0.020574032,192.03,0,0,1
2022-07-18 00:00:00,106.2699966,0.049279536,128.71,0,0,1
2022-07-19 00:00:00,107.3499985,0.010111516,151.08,0,0,1
2022-07-20 00:00:00,106.9199982,-0.004013636,149.56,0,0,1
2022-07-21 00:00:00,103.8600006,-0.02903703,117.51,0,0,1
2022-07-22 00:00:00,103.1999969,-0.006375021,125.48,0,0,1
2022-07-25 00:00:00,105.1500015,0.018719093,109.56,0,0,1
2022-07-26 00:00:00,104.4000015,-0.007158227,160.86,0,0,1
2022-07-27 00:00:00,106.6200027,0.021041447,145.54,0,0,1
2022-07-28 00:00:00,107.1399994,0.004865248,106.68,0,0,1
2022-07-29 00:00:00,110.0100021,0.026434905,68.25,0,0,1
2022-08-01 00:00:00,100.0299988,-0.095101161,130.93,0,0,1
2022-08-02 00:00:00,100.5400009,0.005085539,204.48,0,0,1
2022-08-03 00:00:00,96.77999878,-0.038115319,210.23,0,0,1
2022-08-04 00:00:00,94.12000275,-0.027869756,212.05,0,0,1
2022-08-05 00:00:00,94.91999817,0.008463819,163.93,0,0,1
2022-08-08 00:00:00,96.65000153,0.018061809,149.1,0,0,1
2022-08-09 00:00:00,96.30999756,-0.003524091,212.57,0,0,1
2022-08-10 00:00:00,97.40000153,0.011254096,80.65,0,0,1
2022-08-11 00:00:00,99.59999847,0.022335923,130.27,0,0,1
2022-08-12 00:00:00,98.15000153,-0.014665213,182.54,0,0,1
2022-08-15 00:00:00,95.09999847,-0.031567983,110.42,0,0,1
2022-08-16 00:00:00,92.33999634,-0.029451576,96.54,0,0,1
2022-08-17 00:00:00,93.65000153,0.014087068,156.09,0,0,1
2022-08-18 00:00:00,96.58999634,0.030910733,100.74,0,0,1
2022-08-19 00:00:00,96.72000122,0.001345041,117.68,0,0,1
2022-08-22 00:00:00,96.48000336,-0.002484451,101.73,0,0,1
2022-08-23 00:00:00,100.2200012,0.038032014,145.34,0,0,1
2022-08-24 00:00:00,101.2200012,0.009928596,102.45,0,0,1
2022-08-25 00:00:00,99.33999634,-0.018748105,149.12,0,0,1
2022-08-26 00:00:00,100.9899979,0.016473208,108.25,0,0,1
2022-08-29 00:00:00,105.0899963,0.03979561,120.46,0,0,1
2022-08-30 00:00:00,99.30999756,-0.056570845,115.27,0,0,1
2022-08-31 00:00:00,96.48999786,-0.028806892,97.75,0,0,1
2022-09-01 00:00:00,92.36000061,-0.043745363,187.71,0,0,1
2022-09-02 00:00:00,93.01999664,0.007120497,84.13,0,0,1
2022-09-06 00:00:00,92.83000183,-0.002044605,119.16,0,0,1
2022-09-07 00:00:00,88,-0.053433069,124.29,0,0,1
2022-09-08 00:00:00,89.15000153,0.012983547,99.43,0,0,1
2022-09-09 00:00:00,92.83999634,0.040557181,94.33,0,0,1
2022-09-12 00:00:00,94,0.01241724,111.96,0,0,1
2022-09-13 00:00:00,93.16999817,-0.00886902,132.26,0,0,1
2022-09-14 00:00:00,94.09999847,0.009932269,202.93,0,0,1
2022-09-15 00:00:00,90.83999634,-0.035258353,95.61,0,0,1
2022-09-16 00:00:00,91.34999847,0.005598589,127.41,0,0,1
2022-09-19 00:00:00,92,0.007090311,122.18,0,0,1
2022-09-20 00:00:00,90.62000275,-0.015113608,109.77,0,0,1
2022-09-21 00:00:00,89.83000183,-0.008755954,189.75,0,0,1
2022-09-22 00:00:00,90.45999908,0.006988738,225.86,0,0,1
2022-09-23 00:00:00,86.15000153,-0.048817773,187.8,0,0,1
2022-09-26 00:00:00,84.05999756,-0.02455918,163.02,0,0,1
2022-09-27 00:00:00,86.26999664,0.025951074,155.89,0,0,1
2022-09-28 00:00:00,89.31999969,0.034743549,202.59,0,0,1
2022-09-29 00:00:00,88.48999786,-0.009335896,156.94,0,0,1
2022-09-30 00:00:00,87.95999908,-0.006007372,162.74,0,0,1
2022-10-03 00:00:00,88.86000061,0.010179949,123.9,0,0,1
2022-10-04 00:00:00,91.80000305,0.032550226,164.21,0,0,1
2022-10-05 00:00:00,93.37000275,0.016957793,171.15,0,0,1
2022-10-06 00:00:00,94.41999817,0.011182772,202.7,0,0,1
2022-10-07 00:00:00,97.91999817,0.036397904,144.24,0,0,1
2022-10-10 00:00:00,96.19000244,-0.017825373,193.34,0,0,1
2022-10-11 00:00:00,94.29000092,-0.019950278,228.25,0,0,1
2022-10-12 00:00:00,92.44999695,-0.019707224,181.95,0,0,1
2022-10-13 00:00:00,94.56999969,0.022672373,133.84,0,0,1
2022-10-14 00:00:00,91.62999725,-0.031581599,147.23,0,0,1
2022-10-17 00:00:00,91.62000275,-0.000109081,171.67,0,0,1
2022-10-18 00:00:00,90.02999878,-0.017506684,128.98,0,0,1
2022-10-19 00:00:00,92.41000366,0.026092303,160.19,0,0,1
2022-10-20 00:00:00,92.37999725,-0.000324762,159.92,0,0,1
2022-10-21 00:00:00,93.5,0.012050961,174.35,0,0,1
2022-10-24 00:00:00,93.26000214,-0.002570122,93.58,0,0,1
2022-10-25 00:00:00,93.51999664,0.002783967,139.72,0,0,1
2022-10-26 00:00:00,95.69000244,0.022938544,133.39,0,0,1
2022-10-27 00:00:00,96.95999908,0.013184688,180.49,0,0,1
2022-10-28 00:00:00,95.76999664,-0.012349064,203.69,0,0,1
2022-10-31 00:00:00,94.83000183,-0.009863614,113.79,0,0,1
2022-11-01 00:00:00,94.65000153,-0.00189994,136.88,0,0,1
2022-11-02 00:00:00,96.16000366,0.015827615,150.82,0,0,1
2022-11-03 00:00:00,94.66999817,-0.015616368,186.55,0,0,1
2022-11-04 00:00:00,98.56999969,0.040369812,115.89,0,0,1
2022-11-07 00:00:00,97.91999817,-0.006616153,139.72,0,0,1
2022-11-08 00:00:00,95.36000061,-0.02649159,225.74,0,0,1
2022-11-09 00:00:00,92.65000153,-0.028830241,137.41,0,0,1
2022-11-10 00:00:00,93.66999817,0.010948978,98.15,0,0,1
2022-11-11 00:00:00,95.98999786,0.024466049,111.09,0,0,1
2022-11-14 00:00:00,93.13999939,-0.030140266,188.93,0,0,1
2022-11-15 00:00:00,93.86000061,0.007700586,196.51,0,0,1
2022-11-16 00:00:00,92.86000061,-0.010711328,170.58,0,0,1
2022-11-17 00:00:00,89.77999878,-0.033730769,153.21,0,0,1
2022-11-18 00:00:00,87.62000275,-0.024352906,77.71,0,0,1
2022-11-21 00:00:00,87.44999695,-0.001942147,107.63,0,0,1
2022-11-22 00:00:00,88.36000061,0.010352219,105.25,0,0,1
2022-11-23 00:00:00,85.41000366,-0.033956153,105.6,0,0,1
2022-11-25 00:00:00,83.62999725,-0.021060958,80.51,0,0,1
2022-11-28 00:00:00,83.19000244,-0.005275097,88,0,0,1
2022-11-29 00:00:00,83.02999878,-0.001925204,100.55,0,0,1
2022-11-30 00:00:00,85.43000031,0.028495357,81.59,0,0,1
2022-12-01 00:00:00,86.87999725,0.016830494,65.95,0,0,1
2022-12-02 00:00:00,85.56999969,-0.015193074,109.1,0,0,1
2022-12-05 00:00:00,82.68000031,-0.034357012,98.97,0,0,1
2022-12-06 00:00:00,79.34999847,-0.041109311,139.1,0,0,1
2022-12-07 00:00:00,77.16999817,-0.027857671,127.41,0,0,1
2022-12-08 00:00:00,76.15000153,-0.013305657,140.96,0,0,1
2022-12-09 00:00:00,76.09999847,-0.000656855,117.31,0,0,1
2022-12-12 00:00:00,77.98999786,0.024532341,158.37,0,0,1
2022-12-13 00:00:00,80.68000031,0.033910131,152.63,0,0,1
2022-12-14 00:00:00,82.69999695,0.024728848,133.39,0,0,1
2022-12-15 00:00:00,81.20999908,-0.018181184,73.61,0,0,1
2022-12-16 00:00:00,79.04000092,-0.027084316,98.8,0,0,1
2022-12-19 00:00:00,79.80000305,0.009569478,171.46,0,0,1
2022-12-20 00:00:00,79.98999786,0.002378057,132.74,0,0,1
2022-12-21 00:00:00,82.19999695,0.027253665,169.54,0,0,1
2022-12-22 00:00:00,80.98000336,-0.014953013,159,0,0,1
2022-12-23 00:00:00,83.91999817,0.03566169,114.93,0,0,1
2022-12-27 00:00:00,84.33000183,0.004873753,146.82,0,0,1
2022-12-28 00:00:00,83.26000214,-0.012769428,151.89,0,0,1
2022-12-29 00:00:00,82.26000214,-0.012083279,116.49,0,0,1
2022-12-30 00:00:00,85.91000366,0.043415291,150.23,0,0,1
2023-01-03 00:00:00,82.09999847,-0.045362281,198.45,0,0,1
2023-01-04 00:00:00,77.83999634,-0.053282607,94.29,0,0,1
2023-01-05 00:00:00,78.69000244,0.010860723,100.74,0,0,1
2023-01-06 00:00:00,78.56999969,-0.00152617,88.73,0,0,1
2023-01-09 00:00:00,79.65000153,0.013652112,86.13,0,0,1
2023-01-10 00:00:00,80.09999847,0.00563378,114.62,0,0,1
2023-01-11 00:00:00,82.66999817,0.031580922,129.44,0,0,1
2023-01-12 00:00:00,84.02999878,0.016317106,114.45,0,0,1
2023-01-13 00:00:00,85.27999878,0.014766083,103.7,0,0,1
2023-01-17 00:00:00,85.91999817,0.007476663,127.41,0,0,1
2023-01-18 00:00:00,84.98000336,-0.011000635,76.78,0,0,1
2023-01-19 00:00:00,86.16000366,0.013790101,115.06,0,0,1
2023-01-20 00:00:00,87.62999725,0.016917298,152.37,0,0,1
2023-01-23 00:00:00,88.19000244,0.006370232,87.71,0,0,1
2023-01-24 00:00:00,86.12999725,-0.023635855,89.98,0,0,1
2023-01-25 00:00:00,86.12000275,-0.000116047,110.61,0,0,1
2023-01-26 00:00:00,87.47000122,0.015554187,71.49,0,0,1
2023-01-27 00:00:00,86.66000366,-0.009303433,120.77,0,0,1
2023-01-30 00:00:00,84.90000153,-0.020518347,155.17,0,0,1
2023-01-31 00:00:00,84.48999786,-0.004840952,148.32,0,0,1
2023-02-01 00:00:00,82.83999634,-0.019722167,108.7,0,0,1
2023-02-02 00:00:00,82.16999817,-0.008120743,130.6,0,0,1
2023-02-03 00:00:00,79.94000244,-0.027513866,116.33,0,0,1
2023-02-06 00:00:00,80.98999786,0.01304928,112.53,0,0,1
2023-02-07 00:00:00,83.69000244,0.032793861,138.02,0,0,1
2023-02-08 00:00:00,85.08999634,0.016589952,134.98,0,0,1
2023-02-09 00:00:00,84.5,-0.006957942,169.59,0,0,1
2023-02-10 00:00:00,86.38999939,0.022120387,147.88,0,0,1
2023-02-13 00:00:00,86.61000061,0.002543368,110.42,0,0,1
2023-02-14 00:00:00,85.58000183,-0.011963657,82.67,0,0,1
2023-02-15 00:00:00,85.37999725,-0.002339783,119.27,0,0,1
2023-02-16 00:00:00,85.13999939,-0.002814896,134.75,0,0,1
2023-02-17 00:00:00,83,-0.025456345,106.1,0,0,1
2023-02-21 00:00:00,83.05000305,0.000602265,174.98,0,0,1
2023-02-22 00:00:00,80.59999847,-0.029944242,150.31,0,0,1
2023-02-23 00:00:00,82.20999908,0.019778307,127.87,0,0,1
2023-02-24 00:00:00,83.16000366,0.011489569,110.97,0,0,1
2023-02-27 00:00:00,82.44999695,-0.008574495,125.63,0,0,1
2023-02-28 00:00:00,83.88999939,0.017314398,146.95,0,0,1
2023-03-01 00:00:00,84.30999756,0.004994043,92.77,0,0,1
2023-03-02 00:00:00,84.75,0.005205293,121.4,0,0,1
2023-03-03 00:00:00,85.83000183,0.012662871,154.63,0,0,1
2023-03-06 00:00:00,86.18000031,0.004069519,106.86,0,0,1
2023-03-07 00:00:00,83.29000092,-0.034109631,161.43,0,0,1
2023-03-08 00:00:00,82.66000366,-0.007592652,125.93,0,0,1
2023-03-09 00:00:00,81.58999634,-0.013029193,147.48,0,0,1
2023-03-10 00:00:00,82.77999878,0.014479811,113.44,0,0,1
2023-03-13 00:00:00,80.76999664,-0.024580904,144.3,0,0,1
2023-03-14 00:00:00,77.44999695,-0.04197304,117.31,0,0,1
2023-03-15 00:00:00,73.69000244,-0.04976539,101.75,0,0,1
2023-03-16 00:00:00,74.69999695,0.013612913,112.81,0,0,1
2023-03-17 00:00:00,72.97000122,-0.023431637,85.23,0,0,1
2023-03-20 00:00:00,73.79000092,0.011174819,94.07,0,0,1
2023-03-21 00:00:00,75.31999969,0.020522466,129.9,0,0,1
2023-03-22 00:00:00,76.69000244,0.018025654,114.43,0,0,1
2023-03-23 00:00:00,75.91000366,-0.010222877,100.57,0,0,1
2023-03-24 00:00:00,74.98999786,-0.012193733,72.62,0,0,1
2023-03-27 00:00:00,78.12000275,0.040891398,120.95,0,0,1
2023-03-28 00:00:00,78.65000153,0.006761508,76.76,0,0,1
2023-03-29 00:00:00,78.27999878,-0.004715522,79.96,0,0,1
2023-03-30 00:00:00,79.26999664,0.012567578,129.3,0,0,1
2023-03-31 00:00:00,79.76999664,0.006287747,90.45,0,0,1
2023-04-03 00:00:00,84.93000031,0.06267994,84.6,0,0,1
2023-04-04 00:00:00,84.94000244,0.000117762,119.43,0,0,1
2023-04-05 00:00:00,84.98999786,0.000588424,117.88,0,0,1
2023-04-06 00:00:00,85.12000275,0.00152848,173.69,0,0,1
2023-04-10 00:00:00,84.18000031,-0.011104691,142.78,0,0,1
2023-04-11 00:00:00,85.61000061,0.016844739,92.75,0,0,1
2023-04-12 00:00:00,87.33000183,0.019891962,119.43,0,0,1
2023-04-13 00:00:00,86.08999634,-0.014300849,126.19,0,0,1
2023-04-14 00:00:00,86.30999756,0.00255222,119.8,0,0,1
2023-04-17 00:00:00,84.76000214,-0.018121679,91.62,0,0,1
2023-04-18 00:00:00,84.76999664,0.000117908,106.86,0,0,1
2023-04-19 00:00:00,83.12000275,-0.019656287,158.03,0,0,1
2023-04-20 00:00:00,81.09999847,-0.024602438,95.67,0,0,1
2023-04-21 00:00:00,81.66000366,0.006881388,140.05,0,0,1
2023-04-24 00:00:00,82.73000336,0.013018003,159.47,0,0,1
2023-04-25 00:00:00,80.76999664,-0.023976766,180.23,0,0,1
2023-04-26 00:00:00,77.69000244,-0.038878988,105.35,0,0,1
2023-04-27 00:00:00,78.37000275,0.008714656,117.88,0,0,1
2023-04-28 00:00:00,79.54000092,0.014818815,117.88,0,0,1
2023-05-01 00:00:00,79.30999756,-0.002895858,104.61,0,0,1
2023-05-02 00:00:00,75.31999969,-0.051618494,77.04,0,0,1
2023-05-03 00:00:00,72.33000183,-0.040506694,149.53,0,0,1
2023-05-04 00:00:00,72.5,0.002347556,118.08,0,0,1
2023-05-05 00:00:00,75.30000305,0.037893613,69.74,0,0,1
2023-05-08 00:00:00,77.01000214,0.022455136,51.76,0,0,1
2023-05-09 00:00:00,77.44000244,0.005568163,116.35,0,0,1
2023-05-10 00:00:00,76.41000366,-0.013389849,118.52,0,0,1
2023-05-11 00:00:00,74.98000336,-0.01889217,137.28,0,0,1
2023-05-12 00:00:00,74.16999817,-0.010861725,146.22,0,0,1
2023-05-15 00:00:00,75.23000336,0.014190401,135.87,0,0,1
2023-05-16 00:00:00,74.91000366,-0.00426269,137.53,0,0,1
2023-05-17 00:00:00,76.95999908,0.026998353,89.38,0,0,1
2023-05-18 00:00:00,75.86000061,-0.01439625,125.22,0,0,1
2023-05-19 00:00:00,75.58000183,-0.003697822,160.85,0,0,1
2023-05-22 00:00:00,75.98999786,0.005410002,78.25,0,0,1
2023-05-23 00:00:00,76.83999634,0.011123566,183.69,0,0,1
2023-05-24 00:00:00,78.36000061,0.019588311,115.22,0,0,1
2023-05-25 00:00:00,76.26000214,-0.027165018,106.29,0,0,1
2023-05-26 00:00:00,76.94999695,0.009007238,61.34,0,0,1
2023-05-30 00:00:00,73.54000092,-0.045326332,111.29,0,0,1
2023-05-31 00:00:00,72.66000366,-0.012038411,219.58,0,0,1
2023-06-01 00:00:00,74.27999878,0.022050643,182.4,0,0,1
2023-06-02 00:00:00,76.12999725,0.024600649,129.57,0,0,1
2023-06-05 00:00:00,76.70999908,0.007589697,107.09,0,0,1
2023-06-06 00:00:00,76.29000092,-0.005490186,133.47,0,0,1
2023-06-07 00:00:00,76.94999695,0.008613941,142.29,0,0,1
2023-06-08 00:00:00,75.95999908,-0.012948947,78.74,0,0,1
2023-06-09 00:00:00,74.79000092,-0.015522675,96.33,0,0,1
2023-06-12 00:00:00,71.83999634,-0.040242825,65.73,0,0,1
2023-06-13 00:00:00,74.29000092,0.033534992,77.17,0,0,1
2023-06-14 00:00:00,73.19999695,-0.014780986,72.13,0,0,1
2023-06-15 00:00:00,75.66999817,0.033186377,158.32,0,0,1
2023-06-16 00:00:00,76.61000061,0.012345868,111.43,0,0,1
2023-06-20 00:00:00,75.90000153,-0.00931092,142.78,0,0,1
2023-06-21 00:00:00,77.12000275,0.015945981,127.87,0,0,1
2023-06-22 00:00:00,74.13999939,-0.039407496,154.5,0,0,1
2023-06-23 00:00:00,73.84999847,-0.003919201,46.41,0,0,1
2023-06-26 00:00:00,74.18000031,0.004458588,169.51,0,0,1
2023-06-27 00:00:00,72.26000214,-0.026223821,118.31,0,0,1
2023-06-28 00:00:00,74.02999878,0.024199645,82.54,0,0,1
2023-06-29 00:00:00,74.33999634,0.004178716,120.9,0,0,1
2023-06-30 00:00:00,74.90000153,0.007504795,102.67,0,0,1
2023-07-03 00:00:00,74.65000153,-0.003343366,45.38,0,0,1
2023-07-05 00:00:00,76.65000153,0.026439081,89.85,0,0,1
2023-07-06 00:00:00,76.51999664,-0.001697525,172.66,0,0,1
2023-07-07 00:00:00,78.47000122,0.025164301,120.56,0,0,1
2023-07-10 00:00:00,77.69000244,-0.009989821,138.3,0,0,1
2023-07-11 00:00:00,79.40000153,0.021771807,141.35,0,0,1
2023-07-12 00:00:00,80.11000061,0.00890231,203.19,0,0,1
2023-07-13 00:00:00,81.36000061,0.015483061,80.51,0,0,1
2023-07-14 00:00:00,79.87000275,-0.018483412,151.37,0,0,1
2023-07-17 00:00:00,78.5,-0.017301723,110.85,0,0,1
2023-07-18 00:00:00,79.62999725,0.014292247,151.43,0,0,1
2023-07-19 00:00:00,79.45999908,-0.002137133,188.83,0,0,1
2023-07-20 00:00:00,79.63999939,0.002262733,127.64,0,0,1
2023-07-21 00:00:00,81.06999969,0.017796504,112.39,0,0,1
2023-07-24 00:00:00,82.73999786,0.02039016,143.43,0,0,1
2023-07-25 00:00:00,83.63999939,0.010818732,61.72,0,0,1
2023-07-26 00:00:00,82.91999817,-0.008645602,84.08,0,0,1
2023-07-27 00:00:00,84.23999786,0.015793577,132.5,0,0,1
2023-07-28 00:00:00,84.98999786,0.008863735,130.33,0,0,1
2023-07-31 00:00:00,85.55999756,0.006684278,154.4,0,0,1
2023-08-01 00:00:00,84.91000366,-0.007625941,116.91,0,0,1
2023-08-02 00:00:00,83.19999695,-0.020344604,132.76,0,0,1
2023-08-03 00:00:00,85.13999939,0.023049642,88.73,0,0,1
2023-08-04 00:00:00,86.23999786,0.012837129,119.37,0,0,1
2023-08-07 00:00:00,85.33999634,-0.010490848,117.57,0,0,1
2023-08-08 00:00:00,86.16999817,0.009678833,108.3,0,0,1
2023-08-09 00:00:00,87.55000305,0.015888026,105.72,0,0,1
2023-08-10 00:00:00,86.40000153,-0.0132224,131.01,0,0,1
2023-08-11 00:00:00,86.80999756,0.004734101,142.36,0,0,1
2023-08-14 00:00:00,86.20999908,-0.006935625,114.97,0,0,1
2023-08-15 00:00:00,84.88999939,-0.015429876,114.64,0,0,1
2023-08-16 00:00:00,83.44999695,-0.01710868,100.02,0,0,1
2023-08-17 00:00:00,84.12000275,0.00799677,116.03,0,0,1
2023-08-18 00:00:00,84.80000305,0.008051195,77.42,0,0,1
2023-08-21 00:00:00,84.45999908,-0.00401754,97.22,0,0,1
2023-08-22 00:00:00,84.02999878,-0.005104175,81.1,0,0,1
2023-08-23 00:00:00,83.20999908,-0.009806342,126.71,0,0,1
2023-08-24 00:00:00,83.36000061,0.001801063,61.57,0,0,1
2023-08-25 00:00:00,84.48000336,0.013346274,40.26,0,0,1
2023-08-28 00:00:00,84.41999817,-0.000710541,75.44,0,0,1
2023-08-29 00:00:00,85.48999786,0.012595066,115.63,0,0,1
2023-08-30 00:00:00,85.86000061,0.004318685,163.3,0,0,1
2023-08-31 00:00:00,86.86000061,0.011579564,117.42,0,0,1
2023-09-01 00:00:00,88.55000305,0.019269765,73.49,0,0,1
2023-09-05 00:00:00,90.04000092,0.016686628,121.79,0,0,1
2023-09-06 00:00:00,90.59999847,0.00620017,76.63,0,0,1
2023-09-07 00:00:00,89.91999817,-0.00753383,80.34,0,0,1
2023-09-08 00:00:00,90.65000153,0.008085588,80.14,0,0,1
2023-09-11 00:00:00,90.63999939,-0.000110344,93.5,0,0,1
2023-09-12 00:00:00,92.05999756,0.015544902,164.97,0,0,1
2023-09-13 00:00:00,91.87999725,-0.001957164,134.78,0,0,1
2023-09-14 00:00:00,93.69999695,0.019614809,119.94,0,0,1
2023-09-15 00:00:00,93.93000031,0.002451671,106.68,0,0,1
2023-09-18 00:00:00,94.43000031,0.005308995,114.69,0,0,1
2023-09-19 00:00:00,94.33999634,-0.000953583,207.42,0,0,1
2023-09-20 00:00:00,93.52999878,-0.008623012,190.11,0,0,1
2023-09-21 00:00:00,93.30000305,-0.002462087,162.91,0,0,1
2023-09-22 00:00:00,93.26999664,-0.000321664,131.63,0,0,1
2023-09-25 00:00:00,93.29000092,0.000214454,109.96,0,0,1
2023-09-26 00:00:00,93.95999908,0.007156219,81.25,0,0,1
2023-09-27 00:00:00,96.55000305,0.02719189,101.47,0,0,1
2023-09-28 00:00:00,95.37999725,-0.012192156,64.38,0,0,1
2023-09-29 00:00:00,95.30999756,-0.000734173,86.41,0,0,1
2023-10-02 00:00:00,90.70999908,-0.049467117,63.46,0,0,1
2023-10-03 00:00:00,90.91999817,0.002312384,107.05,0,0,1
2023-10-04 00:00:00,85.80999756,-0.057844457,61.24,0,0,1
2023-10-05 00:00:00,84.06999969,-0.02048574,54.3,0,0,1
2023-10-06 00:00:00,84.58000183,0.006048072,161.31,0,0,1
2023-10-09 00:00:00,88.15000153,0.041342072,227.07,0,0,1
2023-10-10 00:00:00,87.65000153,-0.005688297,259.08,0,0,1
2023-10-11 00:00:00,85.81999969,-0.021099553,265.93,0,0,1
2023-10-12 00:00:00,86,0.00209522,218.01,0,0,1
2023-10-13 00:00:00,90.88999939,0.055302681,287.31,0,0,1
2023-10-16 00:00:00,89.65000153,-0.01373676,290.34,0,0,1
2023-10-17 00:00:00,89.90000153,0.002784741,274.52,0,0,1
2023-10-18 00:00:00,91.5,0.017641014,333.01,0,0,1
2023-10-19 00:00:00,92.37999725,0.009571503,338.85,0,0,1
2023-10-20 00:00:00,92.16000366,-0.002384239,298.63,0,0,1
2023-10-23 00:00:00,89.83000183,-0.025607221,312.77,0,0,1
2023-10-24 00:00:00,88.06999969,-0.019787066,250.01,0,0,1
2023-10-25 00:00:00,90.12999725,0.023121093,208.09,0,0,1
2023-10-26 00:00:00,87.93000031,-0.024711995,168.44,0,0,1
2023-10-27 00:00:00,90.48000336,0.028587822,251.86,0,0,1
2023-10-30 00:00:00,87.44999695,-0.034061702,205.43,0,0,1
2023-10-31 00:00:00,87.41000366,-0.000457432,172.08,0,0,1
2023-11-01 00:00:00,84.62999725,-0.032320953,251.73,0,0,1
2023-11-02 00:00:00,86.84999847,0.025893694,219.58,0,0,1
2023-11-03 00:00:00,84.88999939,-0.022826182,174.92,0,0,1
2023-11-06 00:00:00,85.18000031,0.003410375,182.9,0,0,1
2023-11-07 00:00:00,81.61000061,-0.042814857,140.21,0,0,1
2023-11-08 00:00:00,79.54000092,-0.02569176,132.5,0,0,1
2023-11-09 00:00:00,80.01000214,0.005891602,201.48,0,0,1
2023-11-10 00:00:00,81.43000031,0.017592106,180.98,0,0,1
2023-11-13 00:00:00,82.51999664,0.013296888,131.05,0,0,1
2023-11-14 00:00:00,82.47000122,-0.000606042,148.23,0,0,1
2023-11-15 00:00:00,81.18000031,-0.01576569,130.6,0,0,1
2023-11-16 00:00:00,77.41999817,-0.047423794,170.86,0,0,1
2023-11-17 00:00:00,80.61000061,0.040377597,149.48,0,0,1
2023-11-20 00:00:00,82.31999969,0.020991369,204.9,0,0,1
2023-11-21 00:00:00,82.44999695,0.001577924,96.48,0,0,1
2023-11-22 00:00:00,81.95999908,-0.0059607,191.44,0,0,1
2023-11-23 00:00:00,81.37000275,-0.007224624,175.45,0,0,1
2023-11-24 00:00:00,80.58000183,-0.009756186,152.79,0,0,1
2023-11-27 00:00:00,79.98000336,-0.007473857,166.35,0,0,1
2023-11-28 00:00:00,81.68000031,0.021032532,184.38,0,0,1
2023-11-29 00:00:00,83.09999847,0.017235506,88.78,0,0,1
2023-11-30 00:00:00,82.83000183,-0.003254347,178.9,0,0,1
2023-12-01 00:00:00,78.87999725,-0.048862661,94.81,0,0,1
2023-12-04 00:00:00,78.02999878,-0.010834323,194.86,0,0,1
2023-12-05 00:00:00,77.19999695,-0.010693935,89.69,0,0,1
2023-12-06 00:00:00,74.30000305,-0.038288425,131.24,0,0,1
2023-12-07 00:00:00,74.05000305,-0.003370411,194.16,0,0,1
2023-12-08 00:00:00,75.83999634,0.023885228,153.52,0,0,1
2023-12-11 00:00:00,76.02999878,0.002502174,153.77,0,0,1
2023-12-12 00:00:00,73.23999786,-0.037386293,167.42,0,0,1
2023-12-13 00:00:00,74.26000214,0.013830787,192.79,0,0,1
2023-12-14 00:00:00,76.61000061,0.031155147,148.68,0,0,1
2023-12-15 00:00:00,76.55000305,-0.000783463,169.26,0,0,1
2023-12-18 00:00:00,77.94999695,0.018123394,144.02,0,0,1
2023-12-19 00:00:00,79.23000336,0.016287501,187.76,0,0,1
2023-12-20 00:00:00,79.69999695,0.00591449,143.77,0,0,1
2023-12-21 00:00:00,79.38999939,-0.003897139,114.02,0,0,1
2023-12-22 00:00:00,79.06999969,-0.004038876,89.37,0,0,1
2023-12-26 00:00:00,81.06999969,0.024979443,139.57,0,0,1
2023-12-27 00:00:00,79.65000153,-0.01767092,180.18,0,0,1
2023-12-28 00:00:00,78.38999939,-0.015945695,122.69,0,0,1
2023-12-29 00:00:00,77.04000092,-0.017371581,221.28,0,0,1
2024-01-02 00:00:00,75.88999939,-0.015039864,131.12,0,0,1
2024-01-03 00:00:00,78.25,0.030623914,142.9,0,0,1
2024-01-04 00:00:00,77.58999634,-0.008470324,180.69,0,0,1
2024-01-05 00:00:00,78.76000214,0.014966775,167.49,0,0,1
2024-01-08 00:00:00,76.12000275,-0.034094202,106.63,0,0,1
2024-01-09 00:00:00,77.58999634,0.019127427,241.27,0,0,1
2024-01-10 00:00:00,76.80000305,-0.010233826,118.1,0,0,1
2024-01-11 00:00:00,77.41000366,0.007911339,165.31,0,0,1
2024-01-12 00:00:00,78.29000092,0.011303874,210.59,0,0,1
2024-01-16 00:00:00,78.29000092,0,193.39,0,0,1
2024-01-17 00:00:00,77.87999725,-0.005250747,176.2,0,0,1
2024-01-18 00:00:00,79.09999847,0.01554371,167.49,0,0,1
2024-01-19 00:00:00,78.55999756,-0.006850223,207.41,0,0,1
2024-01-22 00:00:00,80.05999756,0.01891369,186.62,0,0,1
2024-01-23 00:00:00,79.55000305,-0.00639053,169.07,0,0,1
2024-01-24 00:00:00,80.04000092,0.006140728,159.14,0,0,1
2024-01-25 00:00:00,82.43000031,0.029422931,202.29,0,0,1
2024-01-26 00:00:00,83.55000305,0.01349584,141.32,0,0,1
2024-01-29 00:00:00,82.40000153,-0.013859836,140.53,0,0,1
2024-01-30 00:00:00,82.87000275,0.005687693,206.28,0,0,1
2024-01-31 00:00:00,81.70999908,-0.014096766,205.61,0,0,1
2024-02-01 00:00:00,78.69999695,-0.037533266,147.5,0,0,1
2024-02-02 00:00:00,77.33000183,-0.017561114,171.52,0,0,1
2024-02-05 00:00:00,77.98999786,0.008498584,125.88,0,0,1
2024-02-06 00:00:00,78.58999634,0.007663832,118.75,0,0,1
2024-02-07 00:00:00,79.20999908,0.007858124,100.38,0,0,1
2024-02-08 00:00:00,81.62999725,0.030094266,116.23,0,0,1
2024-02-09 00:00:00,82.19000244,0.006836862,194.53,0,0,1
2024-02-12 00:00:00,82,-0.002314423,156.39,0,0,1
2024-02-13 00:00:00,82.76999664,0.009346389,187.86,0,0,1
2024-02-14 00:00:00,81.59999847,-0.014236393,135.81,0,0,1
2024-02-15 00:00:00,82.86000061,0.015323201,214.81,0,0,1
2024-02-16 00:00:00,83.47000122,0.007334856,160.93,0,0,1
2024-02-20 00:00:00,82.33999634,-0.013630329,170.21,0,0,1
2024-02-21 00:00:00,83.02999878,0.008345002,193.75,0,0,1
2024-02-22 00:00:00,83.66999817,0.007678495,219.58,0,0,1
2024-02-23 00:00:00,81.62000275,-0.024806105,167.07,0,0,1
2024-02-26 00:00:00,82.52999878,0.011087485,200.97,0,0,1
2024-02-27 00:00:00,83.65000153,0.013479597,166.86,0,0,1
2024-02-28 00:00:00,83.68000031,0.000358558,177.46,0,0,1
2024-02-29 00:00:00,83.62000275,-0.000717245,153.25,0,0,1
2024-03-01 00:00:00,83.55000305,-0.000837467,155.18,0,0,1
2024-03-04 00:00:00,82.80000305,-0.009017193,170.75,0,0,1
2024-03-05 00:00:00,82.04000092,-0.009221154,83.46,0,0,1
2024-03-06 00:00:00,82.95999908,0.011151609,108.02,0,0,1
2024-03-07 00:00:00,82.95999908,0,122.23,0,0,1
2024-03-08 00:00:00,82.08000183,-0.010664149,183.72,0,0,1
2024-03-11 00:00:00,82.20999908,0.001582534,155.81,0,0,1
2024-03-12 00:00:00,81.91999817,-0.003533799,199.55,0,0,1
2024-03-13 00:00:00,84.02999878,0.025430724,149.75,0,0,1
2024-03-14 00:00:00,85.41999817,0.016406381,187.15,0,0,1
2024-03-15 00:00:00,85.33999634,-0.000937009,138.02,0,0,1
2024-03-18 00:00:00,86.88999939,0.017999709,147.65,0,0,1
2024-03-19 00:00:00,87.37999725,0.005623448,183.3,0,0,1
2024-03-20 00:00:00,85.94999695,-0.016500696,116.03,0,0,1
2024-03-21 00:00:00,85.77999878,-0.001979831,130.51,0,0,1
2024-03-22 00:00:00,85.43000031,-0.004088534,125,0,0,1
2024-03-25 00:00:00,86.75,0.015333088,187.99,0,0,1
2024-03-26 00:00:00,86.25,-0.005780363,165.63,0,0,1
2024-03-27 00:00:00,86.08999634,-0.001856838,126.74,0,0,1
2024-03-28 00:00:00,87.48000336,0.016017016,99.63,0,0,1
2024-04-01 00:00:00,87.41999817,-0.000686166,123.22,0,0,1
2024-04-02 00:00:00,88.91999817,0.017013,197.96,0,0,1
2024-04-03 00:00:00,89.34999847,0.004824156,181.87,0,0,1
2024-04-04 00:00:00,90.65000153,0.01444473,160.98,0,0,1
2024-04-05 00:00:00,91.16999817,0.005719921,142.05,0,0,1
2024-04-08 00:00:00,90.37999725,-0.008702902,126.33,0,0,1
2024-04-09 00:00:00,89.41999817,-0.010678623,171.76,0,0,1
2024-04-10 00:00:00,90.48000336,0.011784519,208.52,0,0,1
2024-04-11 00:00:00,89.73999786,-0.008212292,123.34,0,0,1
2024-04-12 00:00:00,90.44999695,0.007880601,161.33,0,0,1
2024-04-15 00:00:00,90.09999847,-0.00387703,230.79,0,0,1
2024-04-16 00:00:00,90.01999664,-0.000888317,340.54,0,0,1
2024-04-17 00:00:00,87.29000092,-0.030795911,227.5,0,0,1
2024-04-18 00:00:00,87.11000061,-0.002064224,149.44,0,0,1
2024-04-19 00:00:00,87.29000092,0.002064224,208.12,0,0,1
2024-04-22 00:00:00,87,-0.003327801,162.91,0,0,1
2024-04-23 00:00:00,88.41999817,0.016190049,148.32,0,0,1
2024-04-24 00:00:00,88.01999664,-0.004534144,139.23,0,0,1
2024-04-25 00:00:00,89.01000214,0.011184724,172.4,0,0,1
2024-04-26 00:00:00,89.5,0.005489878,150.83,0,0,1
2024-04-29 00:00:00,88.40000153,-0.012366638,191.11,0,0,1
2024-04-30 00:00:00,87.86000061,-0.006127341,167.8,0,0,1
2024-05-01 00:00:00,83.44000244,-0.051616806,130.76,0,0,1
2024-05-02 00:00:00,83.66999817,0.002752628,137.77,0,0,1
2024-05-03 00:00:00,82.95999908,-0.008521916,110.42,0,0,1
2024-05-06 00:00:00,83.33000183,0.004450097,93.62,0,0,1
2024-05-07 00:00:00,83.16000366,-0.002042143,176.27,0,0,1
2024-05-08 00:00:00,83.58000183,0.005037772,163.58,0,0,1
2024-05-09 00:00:00,83.87999725,0.003582894,145.4,0,0,1
2024-05-10 00:00:00,82.79000092,-0.013079881,185.28,0,0,1
2024-05-13 00:00:00,83.36000061,0.006861293,177.11,0,0,1
2024-05-14 00:00:00,82.37999725,-0.01182593,154.67,0,0,1
2024-05-15 00:00:00,82.75,0.004481359,129.21,0,0,1
2024-05-16 00:00:00,83.26999664,0.006264286,124.9,0,0,1
2024-05-17 00:00:00,83.98000336,0.008490415,181.66,0,0,1
2024-05-20 00:00:00,83.70999908,-0.003220281,135.08,0,0,1
2024-05-21 00:00:00,82.87999725,-0.009964688,165.28,0,0,1
2024-05-22 00:00:00,81.90000153,-0.011894736,140.05,0,0,1
2024-05-23 00:00:00,81.36000061,-0.00661525,101.83,0,0,1
2024-05-24 00:00:00,82.12000275,0.009297866,116.64,0,0,1
2024-05-28 00:00:00,84.22000122,0.025250812,143.46,0,0,1
2024-05-29 00:00:00,83.59999847,-0.007388935,135.44,0,0,1
2024-05-30 00:00:00,81.86000061,-0.021033023,93.58,0,0,1
2024-05-31 00:00:00,81.62000275,-0.002936115,156.5,0,0,1
2024-06-03 00:00:00,78.36000061,-0.040760763,111.11,0,0,1
2024-06-04 00:00:00,77.51999664,-0.010777677,110.21,0,0,1
2024-06-05 00:00:00,78.41000366,0.011415593,119.32,0,0,1
2024-06-06 00:00:00,79.87000275,0.01844883,115.91,0,0,1
2024-06-07 00:00:00,79.62000275,-0.003134995,122.69,0,0,1
2024-06-10 00:00:00,81.62999725,0.024931456,107.29,0,0,1
2024-06-11 00:00:00,81.91999817,0.003546331,121.79,0,0,1
2024-06-12 00:00:00,82.59999847,0.008266523,117.68,0,0,1
2024-06-13 00:00:00,82.75,0.001814352,133.47,0,0,1
2024-06-14 00:00:00,82.62000275,-0.001572199,90.14,0,0,1
2024-06-17 00:00:00,84.25,0.019536754,120.95,0,0,1
2024-06-18 00:00:00,85.33000183,0.012737545,142.94,0,0,1
2024-06-20 00:00:00,85.70999908,0.00444338,177.01,0,0,1
2024-06-21 00:00:00,85.23999786,-0.005498712,128.3,0,0,1
2024-06-24 00:00:00,86.01000214,0.008992811,212.61,0,0,1
2024-06-25 00:00:00,85.01000214,-0.011694672,109.99,0,0,1
2024-06-26 00:00:00,85.25,0.002819194,128.58,0,0,1
2024-06-27 00:00:00,86.38999939,0.013283805,120.68,0,0,1
2024-06-28 00:00:00,86.41000366,0.000231531,121.46,0,0,1
2024-07-01 00:00:00,86.59999847,0.002196346,71.45,0,0,1
2024-07-02 00:00:00,86.23999786,-0.004165716,79.6,0,0,1
2024-07-03 00:00:00,87.33999634,0.012674424,107.82,0,0,1
2024-07-05 00:00:00,86.54000092,-0.009201761,73.11,0,0,1
2024-07-08 00:00:00,85.75,-0.009170659,89.18,0,0,1
2024-07-09 00:00:00,84.66000366,-0.012792808,90.05,0,0,1
2024-07-10 00:00:00,85.08000183,0.004948734,124.67,0,0,1
2024-07-11 00:00:00,85.40000153,0.003754107,127.85,0,0,1
2024-07-12 00:00:00,85.02999878,-0.004341998,86.32,0,0,1
2024-07-15 00:00:00,84.84999847,-0.002119147,67.88,0,0,1
2024-07-16 00:00:00,83.73000336,-0.013287597,68.24,0,0,1
2024-07-17 00:00:00,85.08000183,0.015994636,105.26,0,0,1
2024-07-18 00:00:00,85.11000061,0.000352533,133.52,0,0,1
2024-07-19 00:00:00,82.62999725,-0.029571767,143.77,0,0,1
2024-07-22 00:00:00,82.40000153,-0.002787322,130.04,0,0,1
2024-07-23 00:00:00,81.01000214,-0.017012825,36.47,0,0,1
2024-07-24 00:00:00,81.70999908,0.008603752,78.87,0,0,1
2024-07-25 00:00:00,82.37000275,0.008044944,91.54,0,0,1
2024-07-26 00:00:00,81.12999725,-0.015168554,95.77,0,0,1
2024-07-29 00:00:00,79.77999878,-0.016779941,124.38,0,0,1
2024-07-30 00:00:00,78.62999725,-0.01451956,107.07,0,0,1
2024-07-31 00:00:00,80.72000122,0.02623312,112.86,0,0,1
2024-08-01 00:00:00,79.51999664,-0.014977871,133.2,0,0,1
2024-08-02 00:00:00,76.80999756,-0.034673712,191.22,0,0,1
2024-08-05 00:00:00,76.30000305,-0.00666183,187,0,0,1
2024-08-06 00:00:00,76.48000336,0.002356334,131.5,0,0,1
2024-08-07 00:00:00,78.33000183,0.023901382,172.72,0,0,1
2024-08-08 00:00:00,79.16000366,0.010540472,174.67,0,0,1
2024-08-09 00:00:00,79.66000366,0.006296457,151.34,0,0,1
2024-08-12 00:00:00,82.30000305,0.032603521,118.31,0,0,1
2024-08-13 00:00:00,80.69000244,-0.019756463,151.6,0,0,1
2024-08-14 00:00:00,79.76000214,-0.01159253,175.77,0,0,1
2024-08-15 00:00:00,81.04000092,0.015920719,139.61,0,0,1
2024-08-16 00:00:00,79.68000031,-0.016924254,118.94,0,0,1
2024-08-19 00:00:00,77.66000366,-0.025678246,136.53,0,0,1
2024-08-20 00:00:00,77.19999695,-0.005940954,151.47,0,0,1
2024-08-21 00:00:00,76.05000305,-0.015008359,140.69,0,0,1
2024-08-22 00:00:00,77.22000122,0.015267448,184.37,0,0,1
2024-08-23 00:00:00,79.01999664,0.023042436,143.76,0,0,1
2024-08-26 00:00:00,81.43000031,0.030042817,176.03,0,0,1
2024-08-27 00:00:00,79.55000305,-0.023357966,174.35,0,0,1
2024-08-28 00:00:00,78.65000153,-0.011378144,156.19,0,0,1
2024-08-29 00:00:00,79.94000244,0.016268735,132.5,0,0,1
2024-08-30 00:00:00,78.80000305,-0.014363348,166.55,0,0,1
2024-09-03 00:00:00,73.75,-0.06623204,171.23,0,0,1
2024-09-04 00:00:00,72.69999695,-0.014339653,180.32,0,0,1
2024-09-05 00:00:00,72.69000244,-0.000137485,141.97,0,0,1
2024-09-06 00:00:00,71.05999756,-0.022679301,100.38,0,0,1
2024-09-09 00:00:00,71.83999634,0.010916817,146.76,0,0,1
2024-09-10 00:00:00,69.19000244,-0.037584994,97.61,0,0,1
2024-09-11 00:00:00,70.61000061,0.020315407,212.91,0,0,1
2024-09-12 00:00:00,71.97000122,0.019077596,103.11,0,0,1
2024-09-13 00:00:00,71.61000061,-0.005014645,185.64,0,0,1
2024-09-16 00:00:00,72.75,0.015794169,88.97,0,0,1
2024-09-17 00:00:00,73.69999695,0.012973852,100.79,0,0,1
2024-09-18 00:00:00,73.65000153,-0.000678594,122.01,0,0,1
2024-09-19 00:00:00,74.87999725,0.016562632,93.75,0,0,1
2024-09-20 00:00:00,74.48999786,-0.005221936,175.54,0,0,1
2024-09-23 00:00:00,73.90000153,-0.007952011,158.1,0,0,1
2024-09-24 00:00:00,75.16999817,0.017039342,161.12,0,0,1
2024-09-25 00:00:00,73.45999908,-0.023011163,175.3,0,0,1
2024-09-26 00:00:00,71.59999847,-0.025645975,234.46,0,0,1
2024-09-27 00:00:00,71.98000336,0.005293297,134.85,0,0,1
2024-09-30 00:00:00,71.76999664,-0.002921835,160.49,0,0,1
2024-10-01 00:00:00,73.55999756,0.024634852,135.87,0,0,1
2024-10-02 00:00:00,73.90000153,0.004611482,178.71,0,0,1
2024-10-03 00:00:00,77.62000275,0.049112313,237.06,0,0,1
2024-10-04 00:00:00,78.05000305,0.005524525,144.28,0,0,1
2024-10-07 00:00:00,80.93000031,0.036234901,80.63,0,0,1
2024-10-08 00:00:00,77.18000031,-0.047444227,98.59,0,0,1
2024-10-09 00:00:00,76.58000183,-0.00780439,137.03,0,0,1
2024-10-10 00:00:00,79.40000153,0.036162418,119.59,0,0,1
2024-10-11 00:00:00,79.04000092,-0.004544322,157.45,0,0,1
2024-10-14 00:00:00,77.45999908,-0.020192403,151.47,0,0,1
2024-10-15 00:00:00,74.25,-0.042323885,125.71,0,0,1
2024-10-16 00:00:00,74.22000122,-0.000404106,117.64,0,0,1
2024-10-17 00:00:00,74.44999695,0.003094046,104.24,0,0,1
2024-10-18 00:00:00,73.05999756,-0.01884673,124.89,0,0,1
2024-10-21 00:00:00,74.29000092,0.016695378,119.06,0,0,1
2024-10-22 00:00:00,76.04000092,0.023283164,214.15,0,0,1
2024-10-23 00:00:00,74.95999908,-0.014304904,215.39,0,0,1
2024-10-24 00:00:00,74.37999725,-0.007767574,136.47,0,0,1
2024-10-25 00:00:00,76.05000305,0.022204007,170.03,0,0,1
2024-10-28 00:00:00,71.41999817,-0.062813142,145.17,0,0,1
2024-10-29 00:00:00,71.12000275,-0.004209287,160.8,0,0,1
2024-10-30 00:00:00,72.55000305,0.019907392,133.96,0,0,1
2024-10-31 00:00:00,73.16000366,0.008372852,133.9,0,0,1
2024-11-01 00:00:00,73.09999847,-0.000820528,131.07,0,0,1
2024-11-04 00:00:00,75.08000183,0.02672589,114.69,0,0,1
2024-11-05 00:00:00,75.52999878,0.005975676,57.44,0,0,1
2024-11-06 00:00:00,74.91999817,-0.008109059,120.14,0,0,1
2024-11-07 00:00:00,75.62999725,0.00943214,98.8,0,0,1
2024-11-08 00:00:00,73.87000275,-0.023546165,108.89,0,0,1
2024-11-11 00:00:00,71.83000183,-0.028004587,154.23,0,0,1
2024-11-12 00:00:00,71.88999939,0.000834923,106.86,0,0,1
2024-11-13 00:00:00,72.27999878,0.005410284,116.55,0,0,1
2024-11-14 00:00:00,72.55999756,0.003866323,58.63,0,0,1
2024-11-15 00:00:00,71.04000092,-0.021170661,97.59,0,0,1
2024-11-18 00:00:00,73.30000305,0.031317539,245.91,0,0,1
2024-11-19 00:00:00,73.30999756,0.000136341,197.48,0,0,1
2024-11-20 00:00:00,72.80999756,-0.006843717,195.19,0,0,1
2024-11-21 00:00:00,74.23000336,0.019315151,193.79,0,0,1
2024-11-22 00:00:00,75.16999817,0.012583764,102.1,0,0,1
2024-11-25 00:00:00,73.01000214,-0.029155744,123.71,0,0,1
2024-11-26 00:00:00,72.80999756,-0.002743172,169.26,0,0,1
2024-11-27 00:00:00,72.83000183,0.000274708,199.63,0,0,1
2024-11-29 00:00:00,72.94000244,0.001509235,226.97,0,0,1
2024-12-02 00:00:00,71.83000183,-0.015334977,197,0,0,1
2024-12-03 00:00:00,73.62000275,0.024614524,164.99,0,0,1
2024-12-04 00:00:00,72.30999756,-0.017954367,136.6,0,0,1
2024-12-05 00:00:00,72.08999634,-0.003047111,127.66,0,0,1
2024-12-06 00:00:00,71.12000275,-0.013546658,150.85,0,0,1
2024-12-09 00:00:00,72.13999939,0.014240037,170.97,0,0,1
2024-12-10 00:00:00,72.19000244,0.000692899,194.5,0,0,1
2024-12-11 00:00:00,73.51999664,0.018255866,153.94,0,0,1
2024-12-12 00:00:00,73.41000366,-0.001497216,233.83,0,0,1
2024-12-13 00:00:00,74.48999786,0.014604644,191.36,0,0,1
2024-12-16 00:00:00,73.91000366,-0.007816673,194.04,0,0,1
2024-12-17 00:00:00,73.19000244,-0.009789353,133.3,0,0,1
2024-12-18 00:00:00,73.38999939,0.002728845,176,0,0,1
2024-12-19 00:00:00,72.87999725,-0.006973463,152.59,0,0,1
2024-12-20 00:00:00,72.94000244,0.000823004,128.64,0,0,1
2024-12-23 00:00:00,72.62999725,-0.004259197,146.57,0,0,1
2024-12-24 00:00:00,73.58000183,0.012995253,143.37,0,0,1
2024-12-26 00:00:00,73.26000214,-0.004358488,132.86,0,0,1
2024-12-27 00:00:00,74.16999817,0.012344945,168.56,0,0,1
2024-12-30 00:00:00,74.38999939,0.002961785,108.2,0,0,1
2024-12-31 00:00:00,74.63999939,0.003355032,63.4,0,0,1
2025-01-02 00:00:00,75.93000031,0.017135319,198.89,0,0,1
2025-01-03 00:00:00,76.51000214,0.007609612,137.5,0,0,1
2025-01-06 00:00:00,76.30000305,-0.002748501,98.32,0,0,1
2025-01-07 00:00:00,77.05000305,0.009781623,118.53,0,0,1
2025-01-08 00:00:00,76.16000366,-0.011618163,70.48,0,0,1
2025-01-09 00:00:00,76.91999817,0.009929458,123.83,0,0,1
2025-01-10 00:00:00,79.76000214,0.036256256,65.77,0,0,1
2025-01-13 00:00:00,81.01000214,0.015550478,107.55,0,0,1
2025-01-14 00:00:00,79.91999817,-0.013546519,148.52,0,0,1
2025-01-15 00:00:00,82.02999878,0.026058908,147.09,0,0,1
2025-01-16 00:00:00,81.29000092,-0.009062,92.98,0,0,1
2025-01-17 00:00:00,80.79000092,-0.006169812,88.34,0,0,1
2025-01-21 00:00:00,79.29000092,-0.018741178,50.29,0,0,1
2025-01-22 00:00:00,79,-0.003664176,157.46,0,0,1
2025-01-23 00:00:00,78.29000092,-0.00902796,126.48,0,0,1
2025-01-24 00:00:00,78.5,0.002678732,148.88,0,0,1
2025-01-27 00:00:00,77.08000183,-0.018254757,197.66,0,0,1
2025-01-28 00:00:00,77.48999786,0.005305001,164.41,0,0,1
2025-01-29 00:00:00,76.58000183,-0.011812898,105.26,0,0,1
2025-01-30 00:00:00,76.87000275,0.003779749,120.9,0,0,1
2025-01-31 00:00:00,76.76000214,-0.00143202,110.42,0,0,1
2025-02-03 00:00:00,75.95999908,-0.010476825,146.63,0,0,1
2025-02-04 00:00:00,76.19999695,0.003154549,141.71,0,0,1
2025-02-05 00:00:00,74.61000061,-0.021086868,135.57,0,0,1
2025-02-06 00:00:00,74.29000092,-0.004298189,150.85,0,0,1
2025-02-07 00:00:00,74.66000366,0.004968157,118.94,0,0,1
2025-02-10 00:00:00,75.87000275,0.016076863,121.01,0,0,1
2025-02-11 00:00:00,77,0.014784036,119.8,0,0,1
2025-02-12 00:00:00,75.18000031,-0.02392018,95.37,0,0,1
2025-02-13 00:00:00,75.01999664,-0.002130542,167.72,0,0,1
2025-02-14 00:00:00,74.73999786,-0.003739304,119.53,0,0,1
2025-02-18 00:00:00,75.83999634,0.014610414,217.61,0,0,1
2025-02-19 00:00:00,76.04000092,0.00263372,166.24,0,0,1
2025-02-20 00:00:00,76.48000336,0.005769783,265.49,0,0,1
2025-02-21 00:00:00,74.43000031,-0.027170222,181.82,0,0,1
2025-02-24 00:00:00,74.77999878,0.004691363,144.02,0,0,1
2025-02-25 00:00:00,73.01999664,-0.023817123,165.32,0,0,1
2025-02-26 00:00:00,72.52999878,-0.006733078,162.06,0,0,1
2025-02-27 00:00:00,74.04000092,0.020605248,138.02,0,0,1
2025-02-28 00:00:00,73.18000031,-0.011683336,122.69,0,0,1
2025-03-03 00:00:00,71.62000275,-0.021547761,154.23,0,0,1
2025-03-04 00:00:00,71.04000092,-0.008131291,253.45,0,0,1
2025-03-05 00:00:00,69.30000305,-0.024798161,180.47,0,0,1
2025-03-06 00:00:00,69.45999908,0.002306084,229.88,0,0,1
2025-03-07 00:00:00,70.36000061,0.012873894,179.53,0,0,1
2025-03-10 00:00:00,69.27999878,-0.015468682,238.45,0,0,1
2025-03-11 00:00:00,69.55999756,0.004033408,222.04,0,0,1
2025-03-12 00:00:00,70.94999695,0.019785706,218.23,0,0,1
2025-03-13 00:00:00,69.87999725,-0.015195915,254.81,0,0,1
2025-03-14 00:00:00,70.58000183,0.009967398,224.04,0,0,1
2025-03-17 00:00:00,71.06999969,0.006918458,156.55,0,0,1
2025-03-18 00:00:00,70.55999756,-0.007201925,201.48,0,0,1
2025-03-19 00:00:00,70.77999878,0.003113081,275.57,0,0,1
2025-03-20 00:00:00,72,0.017089661,247.04,0,0,1
2025-03-21 00:00:00,72.16000366,0.002219807,158.55,0,0,1
2025-03-24 00:00:00,73,0.011573515,141.51,0,0,1
2025-03-25 00:00:00,73.01999664,0.000273889,139.72,0,0,1
2025-03-26 00:00:00,73.79000092,0.010489903,155.46,0,0,1
2025-03-27 00:00:00,74.02999878,0.003247166,156.46,0,0,1
2025-03-28 00:00:00,73.62999725,-0.005417886,151.06,0,0,1
2025-03-31 00:00:00,74.73999786,0.014962881,188.73,0,0,1
2025-04-01 00:00:00,74.48999786,-0.003350536,91.22,0,0,1
2025-04-02 00:00:00,74.94999695,0.006156324,115.75,0,0,1
2025-04-03 00:00:00,70.13999939,-0.066327948,98.11,0,0,1
2025-04-04 00:00:00,65.58000183,-0.067222437,177.26,0,0,1
2025-04-07 00:00:00,64.20999908,-0.021111852,126.19,0,0,1
2025-04-08 00:00:00,62.81999969,-0.021885458,128.58,0,0,1
2025-04-09 00:00:00,65.48000336,0.041471315,189.78,0,0,1
2025-04-10 00:00:00,63.33000183,-0.033385624,161.03,0,0,1
2025-04-11 00:00:00,64.76000214,0.022328982,134.75,0,0,1
2025-04-14 00:00:00,64.87999725,0.001851206,168.12,0,0,1
2025-04-15 00:00:00,64.66999817,-0.00324198,141.71,0,0,1
2025-04-16 00:00:00,65.84999847,0.018082018,156.31,0,0,1
2025-04-17 00:00:00,67.95999908,0.031539878,122.46,0,0,1
2025-04-21 00:00:00,66.26000214,-0.025332854,158.4,0,0,1
2025-04-22 00:00:00,67.44000244,0.017651921,133.23,0,0,1
2025-04-23 00:00:00,66.12000275,-0.019767035,146.83,0,0,1
2025-04-24 00:00:00,66.55000305,0.006482276,179.53,0,0,1
2025-04-25 00:00:00,66.87000275,0.004796886,190.11,0,0,1
2025-04-28 00:00:00,65.86000061,-0.015219191,114.01,0,0,1
2025-04-29 00:00:00,64.25,-0.024749562,127.87,0,0,1
2025-04-30 00:00:00,63.11999893,-0.017744064,140.21,0,0,1
2025-05-01 00:00:00,62.13000107,-0.015808678,105.35,0,0,1
2025-05-02 00:00:00,61.29000092,-0.013612269,181.07,0,0,1
2025-05-05 00:00:00,60.22999954,-0.017446153,213.92,0,0,1
2025-05-06 00:00:00,62.15000153,0.031380283,209.34,0,0,1
2025-05-07 00:00:00,61.11999893,-0.016711715,250.62,0,0,1
2025-05-08 00:00:00,62.84000015,0.027752688,248.86,0,0,1
2025-05-09 00:00:00,63.90999985,0.016884025,150.33,0,0,1
2025-05-12 00:00:00,64.95999908,0.01629584,200.17,0,0,1
2025-05-13 00:00:00,66.62999725,0.025383204,150.3,0,0,1
2025-05-14 00:00:00,66.08999634,-0.008137491,145.34,0,0,1
2025-05-15 00:00:00,64.52999878,-0.023887181,214.27,0,0,1
2025-05-16 00:00:00,65.41000366,0.013544995,187,0,0,1
2025-05-19 00:00:00,65.54000092,0.001985449,231.88,0,0,1
2025-05-20 00:00:00,65.37999725,-0.002444298,167.56,0,0,1
2025-05-21 00:00:00,64.91000366,-0.007214608,222.44,0,0,1
2025-05-22 00:00:00,64.44000244,-0.007267155,205.25,0,0,1
2025-05-23 00:00:00,64.77999878,0.005262299,103.69,0,0,1
2025-05-26 00:00:00,64.77999878,0,180.83,0,0,1
2025-05-27 00:00:00,64.08999634,-0.010708607,203.75,0,0,1
2025-05-28 00:00:00,64.90000153,0.012559359,228.04,0,0,1
2025-05-29 00:00:00,64.15000153,-0.011623532,164.45,0,0,1
2025-05-30 00:00:00,63.90000153,-0.00390473,174.04,0,0,1
2025-06-02 00:00:00,64.62999725,0.011359272,247.21,0,0,1
2025-06-03 00:00:00,65.62999725,0.01535421,206.25,0,0,1
2025-06-04 00:00:00,64.86000061,-0.011801756,197.03,0,0,1
2025-06-05 00:00:00,65.33999634,0.00737324,245.59,0,0,1
2025-06-06 00:00:00,66.47000122,0.017146386,138.02,0,0,1
2025-06-09 00:00:00,67.04000092,0.008538733,145.61,0,0,1
2025-06-10 00:00:00,66.87000275,-0.002538993,188.8,0,0,1
2025-06-11 00:00:00,69.76999664,0.042453593,177.66,0,0,1
2025-06-12 00:00:00,69.36000061,-0.005893729,168.44,0,0,1
2025-06-13 00:00:00,74.23000336,0.067858085,167.94,0,0,1
2025-06-16 00:00:00,73.23000336,-0.013563207,256.29,0,0,1
2025-06-17 00:00:00,76.44999695,0.043031674,293.2,0,0,1
2025-06-18 00:00:00,76.69999695,0.003264776,320.77,0,0,1
2025-06-20 00:00:00,77.01000214,0.004033643,285.37,0,0,1
2025-06-23 00:00:00,71.48000336,-0.074517574,542.29,0,0,1
2025-06-24 00:00:00,67.13999939,-0.062637755,347.34,0,0,1
2025-06-25 00:00:00,67.68000031,0.008010737,330.14,0,0,1
2025-06-26 00:00:00,67.73000336,0.000738543,234.85,0,0,1
2025-06-27 00:00:00,67.76999664,0.000590307,237.44,0,0,1
2025-06-30 00:00:00,67.61000061,-0.002363659,148.81,0,0,1
2025-07-01 00:00:00,67.11000061,-0.007422837,189.81,0,0,1
2025-07-02 00:00:00,69.11000061,0.029366374,96.02,0,0,1
2025-07-03 00:00:00,68.80000305,-0.004495658,96.93,0,0,1
2025-07-04 00:00:00,68.29000092,-0.007440433,157.09,0,0,1
2025-07-07 00:00:00,69.58000183,0.01871384,115.55,0,0,1
2025-07-08 00:00:00,70.15000153,0.008158632,151.72,0,0,1
2025-07-09 00:00:00,70.19000244,0.000570057,137.28,0,0,1
2025-07-10 00:00:00,68.63999939,-0.022330439,145.8,0,0,1
2025-07-11 00:00:00,70.36000061,0.024749482,135.44,0,0,1
2025-07-14 00:00:00,69.20999908,-0.016479581,107.82,0,0,1
2025-07-15 00:00:00,68.70999908,-0.007250612,166.55,0,0,1
2025-07-16 00:00:00,68.51999664,-0.002769111,177.9,0,0,1
2025-07-17 00:00:00,69.51999664,0.014488808,155.55,0,0,1
2025-07-18 00:00:00,69.27999878,-0.003458186,140.04,0,0,1
2025-07-21 00:00:00,69.20999908,-0.001010899,144.62,0,0,1
2025-07-22 00:00:00,68.58999634,-0.00899865,118.56,0,0,1
2025-07-23 00:00:00,68.51000214,-0.001166947,155.72,0,0,1
2025-07-24 00:00:00,69.18000031,0.009732057,209.66,0,0,1
2025-07-25 00:00:00,68.44000244,-0.010754323,113.31,0,0,1
2025-07-28 00:00:00,70.04000092,0.023109036,156.25,0,0,1
2025-07-29 00:00:00,72.51000214,0.034657992,138.94,0,0,1
2025-07-30 00:00:00,73.23999786,0.010017178,212.53,0,0,1
2025-07-31 00:00:00,72.52999878,-0.009741438,166.96,0,0,1
2025-08-01 00:00:00,69.66999817,-0.04023047,178.69,0,0,1
2025-08-04 00:00:00,68.76000214,-0.013147571,125.59,0,0,1
2025-08-05 00:00:00,67.63999939,-0.016422697,153.36,0,0,1
2025-08-06 00:00:00,66.88999939,-0.011150045,138.02,0,0,1
2025-08-07 00:00:00,66.43000031,-0.006900704,136.82,0,0,1
2025-08-08 00:00:00,66.58999634,0.002405595,163.85,0,0,1
2025-08-11 00:00:00,66.62999725,0.000600524,187.5,0,0,1
2025-08-12 00:00:00,66.12000275,-0.007683571,192.88,0,0,1
2025-08-13 00:00:00,65.62999725,-0.007438448,116.23,0,0,1
2025-08-14 00:00:00,66.83999634,0.018268782,124.12,0,0,1
2025-08-15 00:00:00,65.84999847,-0.014922244,166.42,0,0,1
2025-08-18 00:00:00,66.59999847,0.01132515,241.25,0,0,1
2025-08-19 00:00:00,65.79000092,-0.01223669,176.46,0,0,1
2025-08-20 00:00:00,66.83999634,0.015833784,172.28,0,0,1
2025-08-21 00:00:00,67.66999817,0.012341274,133.44,0,0,1
2025-08-22 00:00:00,67.73000336,0.00088634,97.91,0,0,1
2025-08-25 00:00:00,68.80000305,0.015674527,153.44,0,0,1
2025-08-26 00:00:00,67.22000122,-0.023232949,115.76,0,0,1
2025-08-27 00:00:00,68.05000305,0.012271933,210.07,0,0,1
2025-08-28 00:00:00,68.62000275,0.008341304,204.2,0,0,1
2025-08-29 00:00:00,68.12000275,-0.007313181,183.15,0,0,1
2025-09-02 00:00:00,69.13999939,0.01486253,71.82,0,0,1
2025-09-03 00:00:00,67.59999847,-0.022525465,209.95,0,0,1
2025-09-04 00:00:00,66.98999786,-0.009064638,126.8,0,0,1
2025-09-05 00:00:00,65.5,-0.02249318,166.42,0,0,1
2025-09-08 00:00:00,66.01999664,0.007907533,117.26,0,0,1
2025-09-09 00:00:00,66.38999939,0.005588758,136.2430573,0,0,1
2025-09-10 00:00:00,67.48999786,0.016432974,136.2430573,0,0,1
2025-09-11 00:00:00,66.37000275,-0.016734219,136.2430573,0,0,1
2025-09-12 00:00:00,66.98999786,0.009298134,136.2430573,0,0,1
2025-09-15 00:00:00,67.44000244,0.006695027,136.2430573,0,0,1
2025-09-16 00:00:00,68.47000122,0.015157361,136.2430573,0,0,1
2025-09-17 00:00:00,67.94999695,-0.007623615,136.2430573,0,0,1
2025-09-18 00:00:00,67.44000244,-0.007533746,136.2430573,0,0,1
2025-09-19 00:00:00,66.68000031,-0.011333287,136.2430573,0,0,1
2025-09-22 00:00:00,66.56999969,-0.001651041,136.2430573,0,0,1
2025-09-23 00:00:00,67.62999725,0.01579761,136.2430573,0,0,1
2025-09-24 00:00:00,69.30999756,0.02453753,136.2430573,0,0,1
2025-09-25 00:00:00,69.41999817,0.001585823,136.2430573,0,0,1
2025-09-26 00:00:00,70.12999725,0.010175639,136.2430573,0,0,1
2025-09-29 00:00:00,67.97000122,-0.031284174,136.2430573,0,0,1
2025-09-30 00:00:00,67.01999664,-0.014075417,136.2430573,0,0,1
2025-10-01 00:00:00,65.34999847,-0.025233615,154.4355774,0,0,1
2025-10-02 00:00:00,64.11000061,-0.019157049,154.4355774,0,0,1
2025-10-03 00:00:00,64.52999878,0.006529846,154.4355774,0,0,1
2025-10-06 00:00:00,65.47000122,0.014461828,154.4355774,0,0,1
2025-10-07 00:00:00,65.44999695,-0.000305595,154.4355774,0,0,1
2025-10-08 00:00:00,66.25,0.012149019,154.4355774,0,0,1
2025-10-09 00:00:00,65.22000122,-0.015669276,154.4355774,0,0,1
2025-10-10 00:00:00,62.72999954,-0.038926394,154.4355774,0,0,1
2025-10-13 00:00:00,63.31999969,0.009361435,154.4355774,0,0,1
2025-10-14 00:00:00,62.38999939,-0.014796234,154.4355774,0,0,1
2025-10-15 00:00:00,61.90999985,-0.007723281,154.4355774,0,0,1
2025-10-16 00:00:00,61.06000137,-0.013824705,154.4355774,0,0,1
2025-10-17 00:00:00,61.29000092,0.003759703,154.4355774,0,0,1
2025-10-20 00:00:00,61.00999832,-0.004578955,154.4355774,0,0,1
2025-10-21 00:00:00,61.31999969,0.005068291,154.4355774,0,0,1
2025-10-22 00:00:00,62.59000015,0.020499474,154.4355774,0,0,1
2025-10-23 00:00:00,65.98999786,0.05289766,154.4355774,0,0,1
2025-10-24 00:00:00,65.94000244,-0.000757908,154.4355774,0,0,1
2025-10-27 00:00:00,65.62000275,-0.004864705,154.4355774,0,0,1
2025-10-28 00:00:00,64.40000153,-0.018766913,154.4355774,0,0,1
2025-10-29 00:00:00,64.91999817,0.008042058,154.4355774,0,0,1
2025-10-30 00:00:00,65,0.001231555,154.4355774,0,0,1
2025-10-31 00:00:00,65.06999969,0.001076339,154.4355774,0,0,1
2025-11-03 00:00:00,64.88999939,-0.00277009,154.4355774,0,0,1
2025-11-04 00:00:00,64.44000244,-0.006958923,154.4355774,0,0,1
2025-11-05 00:00:00,63.52000046,-0.014379772,154.4355774,0,0,1
2025-11-06 00:00:00,63.38000107,-0.002206453,154.4355774,0,0,1
2025-11-07 00:00:00,63.63000107,0.003936703,154.4355774,0,0,1
2025-11-10 00:00:00,64.05999756,0.006735032,154.4355774,0,0,1
2025-11-11 00:00:00,65.16000366,0.017025734,154.4355774,0,0,1
2025-11-12 00:00:00,62.70999908,-0.03832493,154.4355774,0,0,1
2025-11-13 00:00:00,63.00999832,0.004772507,154.4355774,0,0,1
2025-11-14 00:00:00,64.38999939,0.021664915,154.4355774,0,0,1
2025-11-17 00:00:00,64.19999695,-0.002955169,154.4355774,0,0,1
2025-11-18 00:00:00,64.88999939,0.010690356,154.4355774,0,0,1
2025-11-19 00:00:00,63.50999832,-0.021496172,154.4355774,0,0,1
2025-11-20 00:00:00,63.38000107,-0.002048976,154.4355774,0,0,1
2025-11-21 00:00:00,62.56000137,-0.013022253,154.4355774,0,0,1
2025-11-24 00:00:00,63.36999893,0.012864428,154.4355774,0,0,1
2025-11-25 00:00:00,62.47999954,-0.014144048,154.4355774,0,0,1
2025-11-26 00:00:00,63.13000107,0.010349611,154.4355774,0,0,1
2025-11-28 00:00:00,63.20000076,0.001108204,154.4355774,0,0,1
2025-12-01 00:00:00,63.16999817,-0.000474837,130.8876648,0,0,1
2025-12-02 00:00:00,62.45000076,-0.011463227,130.8876648,0,0,1
2025-12-03 00:00:00,62.66999817,0.003516586,130.8876648,0,0,1
2025-12-04 00:00:00,63.25999832,0.009370356,130.8876648,0,0,1
2025-12-05 00:00:00,63.75,0.007715993,130.8876648,0,0,1
2025-12-08 00:00:00,62.49000168,-0.019962613,130.8876648,0,0,1
2025-12-09 00:00:00,61.93999863,-0.008840418,130.8876648,0,0,1
2025-12-10 00:00:00,62.20999908,0.004349591,130.8876648,0,0,1
2025-12-11 00:00:00,61.27999878,-0.015062238,130.8876648,0,0,1
2025-12-12 00:00:00,61.11999893,-0.002614378,130.8876648,0,0,1
2025-12-15 00:00:00,60.56000137,-0.009204496,130.8876648,0,0,1
2025-12-16 00:00:00,58.91999817,-0.027454071,130.8876648,0,0,1
2025-12-17 00:00:00,59.68000031,0.0128164,130.8876648,0,0,1
2025-12-18 00:00:00,59.81999969,0.002343087,130.8876648,0,0,1
2025-12-19 00:00:00,60.47000122,0.010807346,130.8876648,0,0,1
2025-12-22 00:00:00,62.06999969,0.026115381,130.8876648,0,0,1
2025-12-23 00:00:00,62.38000107,0.004981953,130.8876648,0,0,1
2025-12-24 00:00:00,62.24000168,-0.002246821,130.8876648,0,0,1
2025-12-26 00:00:00,60.63999939,-0.026043176,130.8876648,0,0,1
2025-12-29 00:00:00,61.93999863,0.021211421,130.8876648,0,0,1
2025-12-30 00:00:00,61.91999817,-0.000322953,130.8876648,0,0,1
2025-12-31 00:00:00,60.84999847,-0.017431405,130.8876648,0,0,1
2026-01-02 00:00:00,60.75,-0.001644712,130.8876648,0,0,1
2026-01-05 00:00:00,61.75999832,0.016488796,130.8876648,0,0,1
2026-01-06 00:00:00,60.70000076,-0.017312168,130.8876648,0,0,1
2026-01-07 00:00:00,59.95999908,-0.012266053,130.8876648,0,0,1
2026-01-08 00:00:00,61.99000168,0.033295451,130.8876648,0,0,1
2026-01-09 00:00:00,63.34000015,0.021543935,130.8876648,0,0,1
2026-01-12 00:00:00,63.86999893,0.008332707,130.8876648,0,0,1
2026-01-13 00:00:00,65.47000122,0.02474229,130.8876648,0,0,1
2026-01-14 00:00:00,66.51999664,0.015910563,130.8876648,0,0,1
2026-01-15 00:00:00,63.75999832,-0.042376596,130.8876648,0,0,1
2026-01-16 00:00:00,64.12999725,0.005786222,130.8876648,0,0,1
2026-01-20 00:00:00,64.91999817,0.012243484,130.8876648,0,0,1
2026-01-21 00:00:00,65.23999786,0.004917031,130.8876648,0,0,1
2026-01-22 00:00:00,64.05999756,-0.018252639,130.8876648,0,0,1
2026-01-23 00:00:00,65.87999725,0.028014758,130.8876648,0,0,1
2026-01-26 00:00:00,65.58999634,-0.004411674,130.8876648,0,0,1
2026-01-27 00:00:00,67.56999969,0.029740904,130.8876648,0,0,1
2026-01-28 00:00:00,68.40000153,0.012208754,130.8876648,0,0,1
2026-01-29 00:00:00,70.70999908,0.033214146,130.8876648,0,0,1
2026-01-30 00:00:00,70.69000244,-0.000282838,130.8876648,0,0,1
2026-02-02 00:00:00,66.30000305,-0.064114211,130.8876648,0,0,1
2026-02-03 00:00:00,67.33000183,0.015415987,130.8876648,0,0,1
2026-02-04 00:00:00,69.45999908,0.031145104,130.8876648,0,0,1
2026-02-05 00:00:00,67.55000305,-0.027882925,130.8876648,0,0,1
2026-02-06 00:00:00,68.05000305,0.007374664,130.8876648,0,0,1
2026-02-09 00:00:00,69.04000092,0.014443286,130.8876648,0,0,1
2026-02-10 00:00:00,68.80000305,-0.003482271,130.8876648,0,0,1
2026-02-11 00:00:00,69.40000153,0.0086831,130.8876648,0,0,1
2026-02-12 00:00:00,67.51999664,-0.027463089,130.8876648,0,0,1
2026-02-13 00:00:00,67.75,0.003400659,130.8876648,0,0,1
2026-02-17 00:00:00,67.41999817,-0.004882777,130.8876648,0,0,1
2026-02-18 00:00:00,70.34999847,0.042541079,130.8876648,0,0,1
2026-02-19 00:00:00,71.66000366,0.018450001,130.8876648,0,0,1
2026-02-20 00:00:00,71.76000214,0.001394485,130.8876648,0,0,1
2026-02-23 00:00:00,71.48999786,-0.003769698,130.8876648,0,0,1
2026-02-24 00:00:00,70.76999664,-0.010122415,130.8876648,0,0,1
2026-02-25 00:00:00,70.84999847,0.00112981,130.8876648,0,0,1
2026-02-26 00:00:00,70.75,-0.001412408,130.8876648,0,0,1
2026-02-27 00:00:00,72.48000336,0.024158172,130.8876648,0,0,1
2026-03-02 00:00:00,77.73999786,0.07005919,130.8876648,0,0,1
2026-03-03 00:00:00,81.40000153,0.046005394,130.8876648,0,0,1
2026-03-04 00:00:00,81.40000153,0,130.8876648,0,0,1
2026-03-05 00:00:00,85.41000366,0.048087941,130.8876648,0,0,1
2026-03-06 00:00:00,92.69000244,0.081797385,130.8876648,0,0,1
2026-03-09 00:00:00,98.95999908,0.065455101,130.8876648,0,0,1
2026-03-10 00:00:00,87.80000305,-0.119654183,130.8876648,0,0,1
2026-03-11 00:00:00,91.98000336,0.046509663,130.8876648,0,0,1
2026-03-12 00:00:00,95.76000214,0.040273885,130.8876648,0,0,1
